o mesh0}
v 96.0176010131836 -3.506470203399658 66.84017181396484
v 97.28366088867188 -3.506470203399658 68.41114807128906
v 97.57319641113281 -3.506470203399658 68.03382110595703
v 97.16374969482422 -3.506470203399658 68.70063018798828
v 95.90089416503906 -3.506470203399658 66.88850402832031
v 97.04524230957031 -3.506470203399658 68.79157257080078
v 94.47997283935547 -3.506470203399658 67.47706604003906
v 96.56657409667969 -3.506470203399658 69.41537475585938
v 96.45118713378906 -3.506470203399658 69.69395446777344
v 96.32313537597656 -3.506470203399658 69.79220581054688
v 93.45376586914062 -3.506470203399658 68.26449584960938
v 102.31147766113281 -3.506470203399658 71.66963195800781
v 102.02194213867188 -3.506470203399658 72.04695892333984
v 104.04307556152344 -3.506470203399658 72.99832916259766
v 101.9034194946289 -3.506470203399658 72.13790130615234
v 101.30484771728516 -3.506470203399658 73.05119323730469
v 104.02658081054688 -3.506470203399658 73.12358093261719
v 100.5827407836914 -3.506470203399658 74.05181884765625
v 103.82583618164062 -3.506470203399658 74.64840698242188
v 101.78351593017578 -3.506470203399658 72.4273910522461
v 101.17679595947266 -3.506470203399658 73.14944458007812
v 101.06140899658203 -3.506470203399658 73.42801666259766
v 103.23657989501953 -3.506470203399658 76.07100677490234
v 100.4080581665039 -3.506470203399658 74.18585968017578
v 100.2761459350586 -3.506470203399658 74.50433349609375
v 99.79747772216797 -3.506470203399658 75.12813568115234
v 103.18893432617188 -3.506470203399658 76.18602752685547
v 102.17576599121094 -3.506470203399658 77.50642395019531
v 95.84447479248047 -3.506470203399658 70.41600799560547
v 92.14641571044922 -3.506470203399658 69.81063079833984
v 95.71256256103516 -3.506470203399658 70.73448181152344
v 95.5378646850586 -3.506470203399658 70.86852264404297
v 99.17367553710938 -3.506470203399658 75.60679626464844
v 100.85537719726562 -3.506470203399658 78.51959228515625
v 98.44723510742188 -3.506470203399658 75.90769958496094
v 99.3177490234375 -3.506470203399658 79.15648651123047
v 97.66767120361328 -3.506470203399658 76.01033020019531
v 97.66767120361328 -3.506470203399658 79.37372589111328
v 96.0176010131836 -3.506470203399658 79.15648651123047
v 96.88811492919922 -3.506470203399658 75.90769958496094
v 96.16167449951172 -3.506470203399658 75.60679626464844
v 94.47997283935547 -3.506470203399658 78.51959228515625
v 95.5378646850586 -3.506470203399658 75.12813568115234
v 93.15958404541016 -3.506470203399658 77.50642395019531
v 95.05921173095703 -3.506470203399658 74.50433349609375
v 93.15958404541016 -3.506470203399658 68.490234375
v 91.88233947753906 -3.506470203399658 70.44817352294922
v 95.05921173095703 -3.506470203399658 71.49232482910156
v 91.50950622558594 -3.506470203399658 71.34825134277344
v 91.29227447509766 -3.506470203399658 72.99832916259766
v 94.75830841064453 -3.506470203399658 72.2187728881836
v 94.65567779541016 -3.506470203399658 72.99832916259766
v 91.50950622558594 -3.506470203399658 74.64840698242188
v 94.75830841064453 -3.506470203399658 73.77789306640625
v 92.14641571044922 -3.506470203399658 76.18602752685547
v 103.23657989501953 -3.506470203399658 76.07100677490234
v 103.18893432617188 -3.506470203399658 76.18602752685547
v 103.18893432617188 3.506470203399658 76.18602752685547
v 102.17576599121094 -3.506470203399658 77.50642395019531
v 100.85537719726562 -3.506470203399658 78.51959228515625
v 102.17576599121094 3.506470203399658 77.50642395019531
v 99.3177490234375 -3.506470203399658 79.15648651123047
v 100.85537719726562 3.506470203399658 78.51959228515625
v 97.66767120361328 -3.506470203399658 79.37372589111328
v 99.3177490234375 3.506470203399658 79.15648651123047
v 96.0176010131836 -3.506470203399658 79.15648651123047
v 97.66767120361328 3.506470203399658 79.37372589111328
v 94.47997283935547 -3.506470203399658 78.51959228515625
v 96.0176010131836 3.506470203399658 79.15648651123047
v 91.88233947753906 -3.506470203399658 70.44817352294922
v 91.88233947753906 3.506470203399658 70.44817352294922
v 91.50950622558594 -3.506470203399658 71.34825134277344
v 91.29227447509766 3.506470203399658 72.99832916259766
v 91.29227447509766 -3.506470203399658 72.99832916259766
v 91.29227447509766 -3.506470203399658 72.99832916259766
v 91.50950622558594 3.506470203399658 74.64840698242188
v 91.50950622558594 -3.506470203399658 74.64840698242188
v 92.14641571044922 3.506470203399658 76.18602752685547
v 92.14641571044922 -3.506470203399658 76.18602752685547
v 93.15958404541016 3.506470203399658 77.50642395019531
v 93.15958404541016 -3.506470203399658 77.50642395019531
v 94.47997283935547 3.506470203399658 78.51959228515625
v 103.23657989501953 3.506470203399658 76.07100677490234
v 91.50950622558594 3.506470203399658 71.34825134277344
v 91.29227447509766 3.506470203399658 72.99832916259766
v 96.0176010131836 3.506470203399658 66.84017181396484
v 97.57319641113281 3.506470203399658 68.03382110595703
v 97.28366088867188 3.506470203399658 68.41114807128906
v 97.16374969482422 3.506470203399658 68.70063018798828
v 97.04524230957031 3.506470203399658 68.79157257080078
v 96.56657409667969 3.506470203399658 69.41537475585938
v 95.90089416503906 3.506470203399658 66.88850402832031
v 94.47997283935547 3.506470203399658 67.47706604003906
v 96.45118713378906 3.506470203399658 69.69395446777344
v 96.32313537597656 3.506470203399658 69.79220581054688
v 95.84447479248047 3.506470203399658 70.41600799560547
v 93.45376586914062 3.506470203399658 68.26449584960938
v 102.31147766113281 3.506470203399658 71.66963195800781
v 104.04307556152344 3.506470203399658 72.99832916259766
v 102.02194213867188 3.506470203399658 72.04695892333984
v 101.9034194946289 3.506470203399658 72.13790130615234
v 104.02658081054688 3.506470203399658 73.12358093261719
v 101.78351593017578 3.506470203399658 72.4273910522461
v 103.82583618164062 3.506470203399658 74.64840698242188
v 101.30484771728516 3.506470203399658 73.05119323730469
v 101.17679595947266 3.506470203399658 73.14944458007812
v 101.06140899658203 3.506470203399658 73.42801666259766
v 103.23657989501953 3.506470203399658 76.07100677490234
v 103.18893432617188 3.506470203399658 76.18602752685547
v 100.5827407836914 3.506470203399658 74.05181884765625
v 102.17576599121094 3.506470203399658 77.50642395019531
v 100.4080581665039 3.506470203399658 74.18585968017578
v 100.85537719726562 3.506470203399658 78.51959228515625
v 100.2761459350586 3.506470203399658 74.50433349609375
v 95.71256256103516 3.506470203399658 70.73448181152344
v 95.5378646850586 3.506470203399658 70.86852264404297
v 95.05921173095703 3.506470203399658 71.49232482910156
v 99.79747772216797 3.506470203399658 75.12813568115234
v 99.3177490234375 3.506470203399658 79.15648651123047
v 99.17367553710938 3.506470203399658 75.60679626464844
v 98.44723510742188 3.506470203399658 75.90769958496094
v 97.66767120361328 3.506470203399658 79.37372589111328
v 97.66767120361328 3.506470203399658 76.01033020019531
v 92.14641571044922 3.506470203399658 76.18602752685547
v 95.05921173095703 3.506470203399658 74.50433349609375
v 95.5378646850586 3.506470203399658 75.12813568115234
v 94.47997283935547 3.506470203399658 78.51959228515625
v 96.16167449951172 3.506470203399658 75.60679626464844
v 96.88811492919922 3.506470203399658 75.90769958496094
v 93.15958404541016 3.506470203399658 77.50642395019531
v 96.0176010131836 3.506470203399658 79.15648651123047
v 93.15958404541016 3.506470203399658 68.490234375
v 92.14641571044922 3.506470203399658 69.81063079833984
v 94.75830841064453 3.506470203399658 72.2187728881836
v 91.88233947753906 3.506470203399658 70.44817352294922
v 91.50950622558594 3.506470203399658 71.34825134277344
v 94.65567779541016 3.506470203399658 72.99832916259766
v 91.29227447509766 3.506470203399658 72.99832916259766
v 94.75830841064453 3.506470203399658 73.77789306640625
v 91.50950622558594 3.506470203399658 74.64840698242188
v 95.90089416503906 -3.506470203399658 66.88850402832031
v 95.26524353027344 -3.506470203399658 66.40074920654297
v 95.15408325195312 -3.506470203399658 66.48604583740234
v 94.47997283935547 -3.506470203399658 67.47706604003906
v 93.94485473632812 -3.506470203399658 67.4139175415039
v 104.6111068725586 -3.506470203399658 73.57209014892578
v 104.02658081054688 -3.506470203399658 73.12358093261719
v 103.82583618164062 -3.506470203399658 74.64840698242188
v 104.0278091430664 -3.506470203399658 74.98027038574219
v 103.97419738769531 -3.506470203399658 75.10971069335938
v 103.23657989501953 -3.506470203399658 76.07100677490234
v 93.45376586914062 -3.506470203399658 68.26449584960938
v 104.0278091430664 -3.506470203399658 74.98027038574219
v 103.97419738769531 -3.506470203399658 75.10971069335938
v 103.97419738769531 3.506470203399658 75.10971069335938
v 103.23657989501953 -3.506470203399658 76.07100677490234
v 104.0278091430664 3.506470203399658 74.98027038574219
v 103.23657989501953 3.506470203399658 76.07100677490234
v 95.90089416503906 3.506470203399658 66.88850402832031
v 95.15408325195312 3.506470203399658 66.48604583740234
v 95.26524353027344 3.506470203399658 66.40074920654297
v 94.47997283935547 3.506470203399658 67.47706604003906
v 93.94485473632812 3.506470203399658 67.4139175415039
v 104.6111068725586 3.506470203399658 73.57209014892578
v 103.82583618164062 3.506470203399658 74.64840698242188
v 104.02658081054688 3.506470203399658 73.12358093261719
v 104.0278091430664 3.506470203399658 74.98027038574219
v 103.23657989501953 3.506470203399658 76.07100677490234
v 103.97419738769531 3.506470203399658 75.10971069335938
v 93.45376586914062 3.506470203399658 68.26449584960938
v 104.69630432128906 -3.506470203399658 67.73368072509766
v 104.2417221069336 -3.506470203399658 67.27909851074219
v 104.32320404052734 -3.506470203399658 67.89801788330078
v 104.22057342529297 -3.506470203399658 68.67757415771484
v 101.16730499267578 -3.506470203399658 64.90496063232422
v 100.82511901855469 -3.506470203399658 64.76322174072266
v 100.5316390991211 -3.506470203399658 64.9886474609375
v 95.26524353027344 -3.506470203399658 66.40074920654297
v 99.8051986694336 -3.506470203399658 65.28955078125
v 97.52497100830078 -3.506470203399658 64.76322174072266
v 99.18140411376953 -3.506470203399658 65.76820373535156
v 96.0176010131836 -3.506470203399658 66.84017181396484
v 98.7027359008789 -3.506470203399658 66.39200592041016
v 98.57380676269531 -3.506470203399658 66.70326232910156
v 98.4743881225586 -3.506470203399658 66.77954864501953
v 96.16779327392578 -3.506470203399658 65.32537078857422
v 95.98734283447266 -3.506470203399658 65.4001235961914
v 95.15408325195312 -3.506470203399658 66.48604583740234
v 95.90089416503906 -3.506470203399658 66.88850402832031
v 97.99571990966797 -3.506470203399658 67.40335083007812
v 97.87130737304688 -3.506470203399658 67.70372009277344
v 97.7623291015625 -3.506470203399658 67.78734588623047
v 97.57319641113281 -3.506470203399658 68.03382110595703
v 104.04307556152344 -3.506470203399658 72.99832916259766
v 105.12921142578125 -3.506470203399658 68.77884674072266
v 105.33319854736328 -3.506470203399658 69.27130126953125
v 104.6111068725586 -3.506470203399658 73.57209014892578
v 105.33319854736328 -3.506470203399658 72.57146453857422
v 104.759033203125 -3.506470203399658 73.95762634277344
v 104.69630432128906 -3.506470203399658 74.10908508300781
v 104.0278091430664 -3.506470203399658 74.98027038574219
v 103.91967010498047 -3.506470203399658 69.40402221679688
v 103.4410171508789 -3.506470203399658 70.02782440185547
v 103.34158325195312 -3.506470203399658 70.10411071777344
v 103.21266174316406 -3.506470203399658 70.41536712646484
v 102.73400115966797 -3.506470203399658 71.0391616821289
v 102.62500762939453 -3.506470203399658 71.12278747558594
v 102.50060272216797 -3.506470203399658 71.42315673828125
v 102.31147766113281 -3.506470203399658 71.66963195800781
v 104.02658081054688 -3.506470203399658 73.12358093261719
v 104.759033203125 -3.506470203399658 73.95762634277344
v 104.69630432128906 -3.506470203399658 74.10908508300781
v 104.69630432128906 3.506470203399658 74.10908508300781
v 104.0278091430664 -3.506470203399658 74.98027038574219
v 104.759033203125 3.506470203399658 73.95762634277344
v 104.0278091430664 3.506470203399658 74.98027038574219
v 104.69630432128906 3.506470203399658 67.73368072509766
v 104.32320404052734 3.506470203399658 67.89801788330078
v 104.2417221069336 3.506470203399658 67.27909851074219
v 101.16730499267578 3.506470203399658 64.90496063232422
v 100.5316390991211 3.506470203399658 64.9886474609375
v 100.82511901855469 3.506470203399658 64.76322174072266
v 96.0176010131836 3.506470203399658 66.84017181396484
v 99.8051986694336 3.506470203399658 65.28955078125
v 97.52497100830078 3.506470203399658 64.76322174072266
v 99.18140411376953 3.506470203399658 65.76820373535156
v 98.7027359008789 3.506470203399658 66.39200592041016
v 98.57380676269531 3.506470203399658 66.70326232910156
v 98.4743881225586 3.506470203399658 66.77954864501953
v 96.16779327392578 3.506470203399658 65.32537078857422
v 95.90089416503906 3.506470203399658 66.88850402832031
v 95.26524353027344 3.506470203399658 66.40074920654297
v 95.98734283447266 3.506470203399658 65.4001235961914
v 95.15408325195312 3.506470203399658 66.48604583740234
v 97.99571990966797 3.506470203399658 67.40335083007812
v 97.87130737304688 3.506470203399658 67.70372009277344
v 97.7623291015625 3.506470203399658 67.78734588623047
v 97.57319641113281 3.506470203399658 68.03382110595703
v 105.12921142578125 3.506470203399658 68.77884674072266
v 104.6111068725586 3.506470203399658 73.57209014892578
v 104.22057342529297 3.506470203399658 68.67757415771484
v 105.33319854736328 3.506470203399658 69.27130126953125
v 105.33319854736328 3.506470203399658 72.57146453857422
v 104.759033203125 3.506470203399658 73.95762634277344
v 104.0278091430664 3.506470203399658 74.98027038574219
v 104.69630432128906 3.506470203399658 74.10908508300781
v 103.91967010498047 3.506470203399658 69.40402221679688
v 104.04307556152344 3.506470203399658 72.99832916259766
v 103.4410171508789 3.506470203399658 70.02782440185547
v 103.34158325195312 3.506470203399658 70.10411071777344
v 103.21266174316406 3.506470203399658 70.41536712646484
v 102.73400115966797 3.506470203399658 71.0391616821289
v 102.62500762939453 3.506470203399658 71.12278747558594
v 102.50060272216797 3.506470203399658 71.42315673828125
v 102.31147766113281 3.506470203399658 71.66963195800781
v 104.02658081054688 3.506470203399658 73.12358093261719
v 105.33319854736328 -3.506470203399658 69.27130126953125
v 106.26753234863281 -3.506470203399658 69.91715240478516
v 105.12921142578125 -3.506470203399658 68.77884674072266
v 101.24510192871094 -3.506470203399658 64.89472198486328
v 100.82511901855469 -3.506470203399658 64.76322174072266
v 101.16730499267578 -3.506470203399658 64.90496063232422
v 99.89213562011719 -3.506470203399658 63.541751861572266
v 99.76182556152344 -3.506470203399658 63.55891036987305
v 97.52497100830078 -3.506470203399658 64.76322174072266
v 98.24205780029297 -3.506470203399658 63.75899124145508
v 96.87557220458984 -3.506470203399658 64.32501220703125
v 96.16779327392578 -3.506470203399658 65.32537078857422
v 96.70443725585938 -3.506470203399658 64.39588928222656
v 105.33319854736328 -3.506470203399658 72.57146453857422
v 106.25037384033203 -3.506470203399658 70.0474624633789
v 106.05029296875 -3.506470203399658 71.56723022460938
v 105.48523712158203 -3.506470203399658 72.93141174316406
v 105.41339874267578 -3.506470203399658 73.10485076904297
v 104.759033203125 -3.506470203399658 73.95762634277344
v 105.48523712158203 -3.506470203399658 72.93141174316406
v 105.41339874267578 -3.506470203399658 73.10485076904297
v 105.41339874267578 3.506470203399658 73.10485076904297
v 104.759033203125 -3.506470203399658 73.95762634277344
v 105.48523712158203 3.506470203399658 72.93141174316406
v 104.759033203125 3.506470203399658 73.95762634277344
v 105.33319854736328 3.506470203399658 69.27130126953125
v 105.12921142578125 3.506470203399658 68.77884674072266
v 106.26753234863281 3.506470203399658 69.91715240478516
v 101.24510192871094 3.506470203399658 64.89472198486328
v 101.16730499267578 3.506470203399658 64.90496063232422
v 100.82511901855469 3.506470203399658 64.76322174072266
v 99.89213562011719 3.506470203399658 63.541751861572266
v 97.52497100830078 3.506470203399658 64.76322174072266
v 99.76182556152344 3.506470203399658 63.55891036987305
v 98.24205780029297 3.506470203399658 63.75899124145508
v 96.87557220458984 3.506470203399658 64.32501220703125
v 96.16779327392578 3.506470203399658 65.32537078857422
v 96.70443725585938 3.506470203399658 64.39588928222656
v 106.25037384033203 3.506470203399658 70.0474624633789
v 105.33319854736328 3.506470203399658 72.57146453857422
v 106.05029296875 3.506470203399658 71.56723022460938
v 105.48523712158203 3.506470203399658 72.93141174316406
v 104.759033203125 3.506470203399658 73.95762634277344
v 105.41339874267578 3.506470203399658 73.10485076904297
v 99.76182556152344 -3.506470203399658 63.55891036987305
v 98.95411682128906 -3.506470203399658 62.751197814941406
v 98.24205780029297 -3.506470203399658 63.75899124145508
v 97.76425170898438 -3.506470203399658 63.244049072265625
v 96.87557220458984 -3.506470203399658 64.32501220703125
v 97.41649627685547 -3.506470203399658 63.38809585571289
v 106.25037384033203 -3.506470203399658 70.0474624633789
v 106.05029296875 -3.506470203399658 71.56723022460938
v 106.7623519897461 -3.506470203399658 70.55944061279297
v 106.20640563964844 -3.506470203399658 71.90159606933594
v 106.12544250488281 -3.506470203399658 72.09706115722656
v 105.48523712158203 -3.506470203399658 72.93141174316406
v 106.20640563964844 -3.506470203399658 71.90159606933594
v 106.12544250488281 -3.506470203399658 72.09706115722656
v 106.12544250488281 3.506470203399658 72.09706115722656
v 105.48523712158203 -3.506470203399658 72.93141174316406
v 106.20640563964844 3.506470203399658 71.90159606933594
v 105.48523712158203 3.506470203399658 72.93141174316406
v 99.76182556152344 3.506470203399658 63.55891036987305
v 98.24205780029297 3.506470203399658 63.75899124145508
v 98.95411682128906 3.506470203399658 62.751197814941406
v 97.76425170898438 3.506470203399658 63.244049072265625
v 96.87557220458984 3.506470203399658 64.32501220703125
v 97.41649627685547 3.506470203399658 63.38809585571289
v 106.25037384033203 3.506470203399658 70.0474624633789
v 106.7623519897461 3.506470203399658 70.55944061279297
v 106.05029296875 3.506470203399658 71.56723022460938
v 106.20640563964844 3.506470203399658 71.90159606933594
v 105.48523712158203 3.506470203399658 72.93141174316406
v 106.12544250488281 3.506470203399658 72.09706115722656
v 102.96127319335938 -3.506470203399658 61.73985290527344
v 101.31120300292969 -3.506470203399658 61.522613525390625
v 98.95411682128906 -3.506470203399658 62.751197814941406
v 104.49890899658203 -3.506470203399658 62.37675094604492
v 102.81719970703125 -3.506470203399658 65.28955078125
v 103.4410171508789 -3.506470203399658 65.76820373535156
v 102.09076690673828 -3.506470203399658 64.9886474609375
v 99.89213562011719 -3.506470203399658 63.541751861572266
v 101.24510192871094 -3.506470203399658 64.89472198486328
v 101.31120300292969 -3.506470203399658 64.88601684570312
v 105.81929016113281 -3.506470203399658 63.38991928100586
v 106.7623519897461 -3.506470203399658 70.55944061279297
v 106.83245849609375 -3.506470203399658 64.71031188964844
v 104.69630432128906 -3.506470203399658 67.73368072509766
v 105.12921142578125 -3.506470203399658 68.77884674072266
v 104.2417221069336 -3.506470203399658 67.27909851074219
v 107.46936798095703 -3.506470203399658 66.24793243408203
v 107.68660736083984 -3.506470203399658 67.89801788330078
v 107.46936798095703 -3.506470203399658 69.548095703125
v 106.26753234863281 -3.506470203399658 69.91715240478516
v 103.91967010498047 -3.506470203399658 66.39200592041016
v 104.22057342529297 -3.506470203399658 67.11845397949219
v 99.6611328125 -3.506470203399658 61.73985290527344
v 99.5138931274414 -3.506470203399658 61.800838470458984
v 99.76182556152344 -3.506470203399658 63.55891036987305
v 98.12350463867188 -3.506470203399658 62.37675094604492
v 97.76425170898438 -3.506470203399658 63.244049072265625
v 106.83245849609375 -3.506470203399658 71.0857162475586
v 106.25037384033203 -3.506470203399658 70.0474624633789
v 106.20640563964844 -3.506470203399658 71.90159606933594
v 105.81929016113281 -3.506470203399658 63.38991928100586
v 106.83245849609375 -3.506470203399658 64.71031188964844
v 105.81929016113281 3.506470203399658 63.38991928100586
v 104.49890899658203 -3.506470203399658 62.37675094604492
v 104.49890899658203 3.506470203399658 62.37675094604492
v 102.96127319335938 3.506470203399658 61.73985290527344
v 102.96127319335938 -3.506470203399658 61.73985290527344
v 101.31120300292969 3.506470203399658 61.522613525390625
v 101.31120300292969 -3.506470203399658 61.522613525390625
v 107.46936798095703 -3.506470203399658 66.24793243408203
v 106.83245849609375 3.506470203399658 64.71031188964844
v 107.68660736083984 -3.506470203399658 67.89801788330078
v 107.46936798095703 3.506470203399658 66.24793243408203
v 107.46936798095703 -3.506470203399658 69.548095703125
v 107.68660736083984 3.506470203399658 67.89801788330078
v 99.6611328125 3.506470203399658 61.73985290527344
v 99.6611328125 -3.506470203399658 61.73985290527344
v 99.5138931274414 -3.506470203399658 61.800838470458984
v 106.83245849609375 -3.506470203399658 71.0857162475586
v 107.46936798095703 3.506470203399658 69.548095703125
v 106.20640563964844 -3.506470203399658 71.90159606933594
v 106.83245849609375 3.506470203399658 71.0857162475586
v 99.5138931274414 3.506470203399658 61.800838470458984
v 106.20640563964844 3.506470203399658 71.90159606933594
v 102.96127319335938 3.506470203399658 61.73985290527344
v 103.4410171508789 3.506470203399658 65.76820373535156
v 102.81719970703125 3.506470203399658 65.28955078125
v 99.89213562011719 3.506470203399658 63.541751861572266
v 101.31120300292969 3.506470203399658 61.522613525390625
v 101.31120300292969 3.506470203399658 64.88601684570312
v 101.24510192871094 3.506470203399658 64.89472198486328
v 102.09076690673828 3.506470203399658 64.9886474609375
v 105.81929016113281 3.506470203399658 63.38991928100586
v 106.83245849609375 3.506470203399658 64.71031188964844
v 106.7623519897461 3.506470203399658 70.55944061279297
v 104.49890899658203 3.506470203399658 62.37675094604492
v 106.26753234863281 3.506470203399658 69.91715240478516
v 105.12921142578125 3.506470203399658 68.77884674072266
v 107.46936798095703 3.506470203399658 66.24793243408203
v 107.68660736083984 3.506470203399658 67.89801788330078
v 107.46936798095703 3.506470203399658 69.548095703125
v 104.69630432128906 3.506470203399658 67.73368072509766
v 104.2417221069336 3.506470203399658 67.27909851074219
v 104.22057342529297 3.506470203399658 67.11845397949219
v 103.91967010498047 3.506470203399658 66.39200592041016
v 99.6611328125 3.506470203399658 61.73985290527344
v 98.95411682128906 3.506470203399658 62.751197814941406
v 99.5138931274414 3.506470203399658 61.800838470458984
v 99.76182556152344 3.506470203399658 63.55891036987305
v 98.12350463867188 3.506470203399658 62.37675094604492
v 97.76425170898438 3.506470203399658 63.244049072265625
v 106.83245849609375 3.506470203399658 71.0857162475586
v 106.25037384033203 3.506470203399658 70.0474624633789
v 106.20640563964844 3.506470203399658 71.90159606933594
v -96.80311584472656 -3.506470203399658 -77.50641632080078
v -98.70274353027344 -3.506470203399658 -74.50432586669922
v -95.78994750976562 -3.506470203399658 -76.18602752685547
v -98.40184020996094 -3.506470203399658 -73.77789306640625
v -95.15304565429688 -3.506470203399658 -74.64839935302734
v -98.12350463867188 -3.506470203399658 -78.51958465576172
v -99.18140411376953 -3.506470203399658 -75.12813568115234
v -99.6611328125 -3.506470203399658 -79.156494140625
v -99.8051986694336 -3.506470203399658 -75.60680389404297
v -101.31121063232422 -3.506470203399658 -79.37372589111328
v -100.53164672851562 -3.506470203399658 -75.90769958496094
v -98.29920959472656 -3.506470203399658 -72.99832916259766
v -94.93580627441406 -3.506470203399658 -72.99832916259766
v -98.40184020996094 -3.506470203399658 -72.2187728881836
v -98.70274353027344 -3.506470203399658 -71.4923324584961
v -101.31121063232422 -3.506470203399658 -66.62293243408203
v -99.18140411376953 -3.506470203399658 -70.86852264404297
v -102.96128845214844 -3.506470203399658 -79.156494140625
v -101.31121063232422 -3.506470203399658 -76.01033020019531
v -102.09076690673828 -3.506470203399658 -75.90769958496094
v -104.49890899658203 -3.506470203399658 -78.51958465576172
v -102.81721496582031 -3.506470203399658 -75.60680389404297
v -105.81929779052734 -3.506470203399658 -77.50641632080078
v -103.4410171508789 -3.506470203399658 -75.12813568115234
v -106.83245849609375 -3.506470203399658 -76.18602752685547
v -103.91967010498047 -3.506470203399658 -74.50432586669922
v -107.46937561035156 -3.506470203399658 -74.64839935302734
v -103.4410171508789 -3.506470203399658 -70.86852264404297
v -104.49890899658203 -3.506470203399658 -67.4770736694336
v -102.81721496582031 -3.506470203399658 -70.38985443115234
v -104.22057342529297 -3.506470203399658 -73.77789306640625
v -107.68660736083984 -3.506470203399658 -72.99832916259766
v -104.32320404052734 -3.506470203399658 -72.99832916259766
v -104.22057342529297 -3.506470203399658 -72.2187728881836
v -107.46937561035156 -3.506470203399658 -71.34825897216797
v -106.83245849609375 -3.506470203399658 -69.81063079833984
v -103.91967010498047 -3.506470203399658 -71.4923324584961
v -105.81929779052734 -3.506470203399658 -68.49024200439453
v -99.8051986694336 -3.506470203399658 -70.38985443115234
v -100.53164672851562 -3.506470203399658 -70.08895874023438
v -101.31121063232422 -3.506470203399658 -69.986328125
v -102.09076690673828 -3.506470203399658 -70.08895874023438
v -102.96128845214844 -3.506470203399658 -66.84016418457031
v -96.80311584472656 -3.506470203399658 -77.50641632080078
v -95.78994750976562 -3.506470203399658 -76.18602752685547
v -96.80311584472656 3.506470203399658 -77.50641632080078
v -95.15304565429688 -3.506470203399658 -74.64839935302734
v -95.78994750976562 3.506470203399658 -76.18602752685547
v -98.12350463867188 3.506470203399658 -78.51958465576172
v -98.12350463867188 -3.506470203399658 -78.51958465576172
v -99.6611328125 3.506470203399658 -79.156494140625
v -99.6611328125 -3.506470203399658 -79.156494140625
v -101.31121063232422 3.506470203399658 -79.37372589111328
v -101.31121063232422 -3.506470203399658 -79.37372589111328
v -94.93580627441406 -3.506470203399658 -72.99832916259766
v -95.15304565429688 3.506470203399658 -74.64839935302734
v -102.96128845214844 3.506470203399658 -79.156494140625
v -102.96128845214844 -3.506470203399658 -79.156494140625
v -104.49890899658203 3.506470203399658 -78.51958465576172
v -104.49890899658203 -3.506470203399658 -78.51958465576172
v -105.81929779052734 3.506470203399658 -77.50641632080078
v -105.81929779052734 -3.506470203399658 -77.50641632080078
v -106.83245849609375 3.506470203399658 -76.18602752685547
v -106.83245849609375 -3.506470203399658 -76.18602752685547
v -107.46937561035156 3.506470203399658 -74.64839935302734
v -107.46937561035156 -3.506470203399658 -74.64839935302734
v -107.68660736083984 3.506470203399658 -72.99832916259766
v -107.68660736083984 -3.506470203399658 -72.99832916259766
v -107.68660736083984 -3.506470203399658 -72.99832916259766
v -107.46937561035156 3.506470203399658 -71.34825897216797
v -107.46937561035156 -3.506470203399658 -71.34825897216797
v -106.83245849609375 3.506470203399658 -69.81063079833984
v -106.83245849609375 -3.506470203399658 -69.81063079833984
v -102.96128845214844 -3.506470203399658 -66.84016418457031
v -104.49890899658203 -3.506470203399658 -67.4770736694336
v -102.96128845214844 3.506470203399658 -66.84016418457031
v -101.31121063232422 -3.506470203399658 -66.62293243408203
v -101.31121063232422 3.506470203399658 -66.62293243408203
v -105.81929779052734 -3.506470203399658 -68.49024200439453
v -104.49890899658203 3.506470203399658 -67.4770736694336
v -105.81929779052734 3.506470203399658 -68.49024200439453
v -94.93580627441406 3.506470203399658 -72.99832916259766
v -107.68660736083984 3.506470203399658 -72.99832916259766
v -96.80311584472656 3.506470203399658 -77.50641632080078
v -95.78994750976562 3.506470203399658 -76.18602752685547
v -99.18140411376953 3.506470203399658 -75.12813568115234
v -95.15304565429688 3.506470203399658 -74.64839935302734
v -98.70274353027344 3.506470203399658 -74.50432586669922
v -99.8051986694336 3.506470203399658 -75.60680389404297
v -98.12350463867188 3.506470203399658 -78.51958465576172
v -99.6611328125 3.506470203399658 -79.156494140625
v -101.31121063232422 3.506470203399658 -76.01033020019531
v -101.31121063232422 3.506470203399658 -79.37372589111328
v -100.53164672851562 3.506470203399658 -75.90769958496094
v -94.93580627441406 3.506470203399658 -72.99832916259766
v -98.40184020996094 3.506470203399658 -73.77789306640625
v -98.29920959472656 3.506470203399658 -72.99832916259766
v -98.40184020996094 3.506470203399658 -72.2187728881836
v -98.70274353027344 3.506470203399658 -71.4923324584961
v -96.80311584472656 3.506470203399658 -68.49024200439453
v -99.18140411376953 3.506470203399658 -70.86852264404297
v -99.8051986694336 3.506470203399658 -70.38985443115234
v -100.53164672851562 3.506470203399658 -70.08895874023438
v -102.09076690673828 3.506470203399658 -75.90769958496094
v -102.96128845214844 3.506470203399658 -79.156494140625
v -102.81721496582031 3.506470203399658 -75.60680389404297
v -104.49890899658203 3.506470203399658 -78.51958465576172
v -103.4410171508789 3.506470203399658 -75.12813568115234
v -105.81929779052734 3.506470203399658 -77.50641632080078
v -103.91967010498047 3.506470203399658 -74.50432586669922
v -106.83245849609375 3.506470203399658 -76.18602752685547
v -104.22057342529297 3.506470203399658 -73.77789306640625
v -107.46937561035156 3.506470203399658 -74.64839935302734
v -103.4410171508789 3.506470203399658 -70.86852264404297
v -102.81721496582031 3.506470203399658 -70.38985443115234
v -105.81929779052734 3.506470203399658 -68.49024200439453
v -104.32320404052734 3.506470203399658 -72.99832916259766
v -104.22057342529297 3.506470203399658 -72.2187728881836
v -107.68660736083984 3.506470203399658 -72.99832916259766
v -107.46937561035156 3.506470203399658 -71.34825897216797
v -106.83245849609375 3.506470203399658 -69.81063079833984
v -103.91967010498047 3.506470203399658 -71.4923324584961
v -101.31121063232422 3.506470203399658 -66.62293243408203
v -101.31121063232422 3.506470203399658 -69.986328125
v -102.96128845214844 3.506470203399658 -66.84016418457031
v -102.09076690673828 3.506470203399658 -70.08895874023438
v -104.49890899658203 3.506470203399658 -67.4770736694336
v -72.94068145751953 0.31877008080482483 32.83331298828125
v -72.94068145751953 0.31877008080482483 34.74592971801758
v -72.94068145751953 2.2313899993896484 33.78962326049805
v -72.94068145751953 0.31877008080482483 34.74592971801758
v -83.14132690429688 0.31877008080482483 34.74592971801758
v -72.94068145751953 2.2313899993896484 33.78962326049805
v -72.94068145751953 0.31877008080482483 32.83331298828125
v -83.14132690429688 2.2313899993896484 33.78962326049805
v -83.14132690429688 0.31877008080482483 32.83331298828125
v -72.94068145751953 2.2313899993896484 33.78962326049805
v -83.14132690429688 2.2313899993896484 33.78962326049805
v -83.14132690429688 0.31877008080482483 32.83331298828125
v -83.14132690429688 2.2313899993896484 33.78962326049805
v -83.14132690429688 0.31877008080482483 34.74592971801758
v -72.94068145751953 0.31877008080482483 50.68442916870117
v -72.94068145751953 0.31877008080482483 52.5970458984375
v -72.94068145751953 2.2313899993896484 51.6407356262207
v -72.94068145751953 0.31877008080482483 52.5970458984375
v -83.14132690429688 0.31877008080482483 52.5970458984375
v -72.94068145751953 2.2313899993896484 51.6407356262207
v -72.94068145751953 0.31877008080482483 50.68442916870117
v -83.14132690429688 2.2313899993896484 51.6407356262207
v -83.14132690429688 0.31877008080482483 50.68442916870117
v -72.94068145751953 2.2313899993896484 51.6407356262207
v -83.14132690429688 2.2313899993896484 51.6407356262207
v -83.14132690429688 0.31877008080482483 50.68442916870117
v -83.14132690429688 2.2313899993896484 51.6407356262207
v -83.14132690429688 0.31877008080482483 52.5970458984375
v -84.41639709472656 -0.31877008080482483 36.339778900146484
v -85.18144989013672 -0.31877008080482483 36.339778900146484
v -85.18144989013672 -0.31877008080482483 42.33265686035156
v -84.41639709472656 -0.31877008080482483 36.339778900146484
v -85.18144989013672 0.31877008080482483 36.339778900146484
v -85.18144989013672 -0.31877008080482483 36.339778900146484
v -84.41639709472656 -0.31877008080482483 42.33265686035156
v -84.41639709472656 -0.31877008080482483 36.339778900146484
v -84.41639709472656 -0.31877008080482483 42.33265686035156
v -84.73517608642578 0.31877008080482483 42.33265686035156
v -85.69148254394531 2.2313899993896484 36.339778900146484
v -86.64778900146484 0.31877008080482483 36.339778900146484
v -85.69148254394531 2.2313899993896484 49.090579986572266
v -84.73517608642578 0.31877008080482483 49.090579986572266
v -86.64778900146484 0.31877008080482483 36.339778900146484
v -85.69148254394531 2.2313899993896484 49.090579986572266
v -86.64778900146484 0.31877008080482483 49.090579986572266
v -84.73517608642578 0.31877008080482483 49.090579986572266
v -86.64778900146484 0.31877008080482483 49.090579986572266
v -85.69148254394531 2.2313899993896484 49.090579986572266
v -85.69148254394531 2.2313899993896484 36.339778900146484
v -85.69148254394531 2.2313899993896484 36.339778900146484
v -69.4342041015625 0.31877008080482483 36.339778900146484
v -70.39051818847656 2.2313899993896484 36.339778900146484
v -71.3468246459961 0.31877008080482483 36.339778900146484
v -69.4342041015625 0.31877008080482483 36.339778900146484
v -69.4342041015625 0.31877008080482483 49.090579986572266
v -70.39051818847656 2.2313899993896484 36.339778900146484
v -69.4342041015625 0.31877008080482483 49.090579986572266
v -71.3468246459961 0.31877008080482483 49.090579986572266
v -70.39051818847656 2.2313899993896484 49.090579986572266
v -71.3468246459961 0.31877008080482483 36.339778900146484
v -70.39051818847656 2.2313899993896484 49.090579986572266
v -71.3468246459961 0.31877008080482483 49.090579986572266
v -70.39051818847656 2.2313899993896484 36.339778900146484
v -70.39051818847656 2.2313899993896484 49.090579986572266
v -53.814483642578125 0.31877008080482483 32.83331298828125
v -53.814483642578125 0.31877008080482483 34.74592971801758
v -53.814483642578125 2.2313899993896484 33.78962326049805
v -53.814483642578125 0.31877008080482483 34.74592971801758
v -64.01512908935547 0.31877008080482483 34.74592971801758
v -53.814483642578125 2.2313899993896484 33.78962326049805
v -53.814483642578125 0.31877008080482483 32.83331298828125
v -64.01512908935547 2.2313899993896484 33.78962326049805
v -64.01512908935547 0.31877008080482483 32.83331298828125
v -64.01512908935547 0.31877008080482483 32.83331298828125
v -64.01512908935547 2.2313899993896484 33.78962326049805
v -64.01512908935547 0.31877008080482483 34.74592971801758
v -53.814483642578125 2.2313899993896484 33.78962326049805
v -64.01512908935547 2.2313899993896484 33.78962326049805
v -53.814483642578125 0.31877008080482483 50.68442916870117
v -53.814483642578125 0.31877008080482483 52.5970458984375
v -53.814483642578125 2.2313899993896484 51.6407356262207
v -53.814483642578125 0.31877008080482483 52.5970458984375
v -64.01512908935547 0.31877008080482483 52.5970458984375
v -53.814483642578125 2.2313899993896484 51.6407356262207
v -53.814483642578125 0.31877008080482483 50.68442916870117
v -64.01512908935547 2.2313899993896484 51.6407356262207
v -64.01512908935547 0.31877008080482483 50.68442916870117
v -64.01512908935547 0.31877008080482483 50.68442916870117
v -64.01512908935547 2.2313899993896484 51.6407356262207
v -64.01512908935547 0.31877008080482483 52.5970458984375
v -53.814483642578125 2.2313899993896484 51.6407356262207
v -64.01512908935547 2.2313899993896484 51.6407356262207
v -65.29019927978516 -0.31877008080482483 36.339778900146484
v -66.05525207519531 -0.31877008080482483 36.339778900146484
v -66.05525207519531 -0.31877008080482483 42.33265686035156
v -65.29019927978516 -0.31877008080482483 36.339778900146484
v -66.05525207519531 0.31877008080482483 36.339778900146484
v -66.05525207519531 -0.31877008080482483 36.339778900146484
v -65.29019927978516 -0.31877008080482483 42.33265686035156
v -65.29019927978516 -0.31877008080482483 36.339778900146484
v -65.29019927978516 -0.31877008080482483 42.33265686035156
v -65.60897827148438 0.31877008080482483 42.33265686035156
v -66.5652847290039 2.2313899993896484 36.339778900146484
v -67.52159118652344 0.31877008080482483 36.339778900146484
v -66.5652847290039 2.2313899993896484 49.090579986572266
v -67.52159118652344 0.31877008080482483 36.339778900146484
v -66.5652847290039 2.2313899993896484 49.090579986572266
v -67.52159118652344 0.31877008080482483 49.090579986572266
v -65.60897827148438 0.31877008080482483 49.090579986572266
v -65.60897827148438 0.31877008080482483 49.090579986572266
v -67.52159118652344 0.31877008080482483 49.090579986572266
v -66.5652847290039 2.2313899993896484 49.090579986572266
v -66.5652847290039 2.2313899993896484 36.339778900146484
v -66.5652847290039 2.2313899993896484 36.339778900146484
v -50.308006286621094 0.31877008080482483 36.339778900146484
v -51.264312744140625 2.2313899993896484 36.339778900146484
v -52.22062301635742 0.31877008080482483 36.339778900146484
v -50.308006286621094 0.31877008080482483 36.339778900146484
v -50.308006286621094 0.31877008080482483 49.090579986572266
v -51.264312744140625 2.2313899993896484 36.339778900146484
v -52.22062301635742 0.31877008080482483 36.339778900146484
v -51.264312744140625 2.2313899993896484 49.090579986572266
v -52.22062301635742 0.31877008080482483 49.090579986572266
v -50.308006286621094 0.31877008080482483 49.090579986572266
v -52.22062301635742 0.31877008080482483 49.090579986572266
v -51.264312744140625 2.2313899993896484 49.090579986572266
v -51.264312744140625 2.2313899993896484 36.339778900146484
v -51.264312744140625 2.2313899993896484 49.090579986572266
v -34.68828582763672 0.31877008080482483 32.83331298828125
v -34.68828582763672 0.31877008080482483 34.74592971801758
v -34.68828582763672 2.2313899993896484 33.78962326049805
v -34.68828582763672 0.31877008080482483 34.74592971801758
v -44.8889274597168 0.31877008080482483 34.74592971801758
v -34.68828582763672 2.2313899993896484 33.78962326049805
v -34.68828582763672 0.31877008080482483 32.83331298828125
v -34.68828582763672 2.2313899993896484 33.78962326049805
v -44.8889274597168 2.2313899993896484 33.78962326049805
v -44.8889274597168 0.31877008080482483 32.83331298828125
v -44.8889274597168 0.31877008080482483 32.83331298828125
v -44.8889274597168 2.2313899993896484 33.78962326049805
v -44.8889274597168 0.31877008080482483 34.74592971801758
v -44.8889274597168 2.2313899993896484 33.78962326049805
v -34.68828582763672 0.31877008080482483 50.68442916870117
v -34.68828582763672 0.31877008080482483 52.5970458984375
v -34.68828582763672 2.2313899993896484 51.6407356262207
v -34.68828582763672 0.31877008080482483 52.5970458984375
v -44.8889274597168 0.31877008080482483 52.5970458984375
v -34.68828582763672 2.2313899993896484 51.6407356262207
v -34.68828582763672 0.31877008080482483 50.68442916870117
v -34.68828582763672 2.2313899993896484 51.6407356262207
v -44.8889274597168 2.2313899993896484 51.6407356262207
v -44.8889274597168 0.31877008080482483 50.68442916870117
v -44.8889274597168 0.31877008080482483 50.68442916870117
v -44.8889274597168 2.2313899993896484 51.6407356262207
v -44.8889274597168 0.31877008080482483 52.5970458984375
v -44.8889274597168 2.2313899993896484 51.6407356262207
v -46.163997650146484 -0.31877008080482483 36.339778900146484
v -46.929054260253906 -0.31877008080482483 36.339778900146484
v -46.929054260253906 -0.31877008080482483 42.33265686035156
v -46.163997650146484 -0.31877008080482483 36.339778900146484
v -46.929054260253906 0.31877008080482483 36.339778900146484
v -46.929054260253906 -0.31877008080482483 36.339778900146484
v -46.163997650146484 -0.31877008080482483 42.33265686035156
v -46.163997650146484 -0.31877008080482483 36.339778900146484
v -46.163997650146484 -0.31877008080482483 42.33265686035156
v -46.4827766418457 0.31877008080482483 42.33265686035156
v -47.439083099365234 2.2313899993896484 36.339778900146484
v -48.39539337158203 0.31877008080482483 36.339778900146484
v -47.439083099365234 2.2313899993896484 49.090579986572266
v -46.4827766418457 0.31877008080482483 49.090579986572266
v -48.39539337158203 0.31877008080482483 36.339778900146484
v -47.439083099365234 2.2313899993896484 49.090579986572266
v -48.39539337158203 0.31877008080482483 49.090579986572266
v -46.4827766418457 0.31877008080482483 49.090579986572266
v -48.39539337158203 0.31877008080482483 49.090579986572266
v -47.439083099365234 2.2313899993896484 49.090579986572266
v -47.439083099365234 2.2313899993896484 36.339778900146484
v -47.439083099365234 2.2313899993896484 36.339778900146484
v -31.181806564331055 0.31877008080482483 36.339778900146484
v -32.13811492919922 2.2313899993896484 36.339778900146484
v -33.09442138671875 0.31877008080482483 36.339778900146484
v -31.181806564331055 0.31877008080482483 36.339778900146484
v -31.181806564331055 0.31877008080482483 49.090579986572266
v -32.13811492919922 2.2313899993896484 36.339778900146484
v -33.09442138671875 0.31877008080482483 36.339778900146484
v -32.13811492919922 2.2313899993896484 49.090579986572266
v -33.09442138671875 0.31877008080482483 49.090579986572266
v -31.181806564331055 0.31877008080482483 49.090579986572266
v -33.09442138671875 0.31877008080482483 49.090579986572266
v -32.13811492919922 2.2313899993896484 49.090579986572266
v -32.13811492919922 2.2313899993896484 36.339778900146484
v -32.13811492919922 2.2313899993896484 49.090579986572266
v -15.562084197998047 0.31877008080482483 32.83331298828125
v -15.562084197998047 0.31877008080482483 34.74592971801758
v -15.562084197998047 2.2313899993896484 33.78962326049805
v -15.562084197998047 0.31877008080482483 34.74592971801758
v -25.762725830078125 0.31877008080482483 34.74592971801758
v -15.562084197998047 2.2313899993896484 33.78962326049805
v -15.562084197998047 0.31877008080482483 32.83331298828125
v -25.762725830078125 2.2313899993896484 33.78962326049805
v -25.762725830078125 0.31877008080482483 32.83331298828125
v -25.762725830078125 0.31877008080482483 32.83331298828125
v -25.762725830078125 2.2313899993896484 33.78962326049805
v -25.762725830078125 0.31877008080482483 34.74592971801758
v -15.562084197998047 2.2313899993896484 33.78962326049805
v -25.762725830078125 2.2313899993896484 33.78962326049805
v -15.562084197998047 0.31877008080482483 50.68442916870117
v -15.562084197998047 0.31877008080482483 52.5970458984375
v -15.562084197998047 2.2313899993896484 51.6407356262207
v -15.562084197998047 0.31877008080482483 52.5970458984375
v -25.762725830078125 0.31877008080482483 52.5970458984375
v -15.562084197998047 2.2313899993896484 51.6407356262207
v -15.562084197998047 0.31877008080482483 50.68442916870117
v -25.762725830078125 2.2313899993896484 51.6407356262207
v -25.762725830078125 0.31877008080482483 50.68442916870117
v -25.762725830078125 0.31877008080482483 50.68442916870117
v -25.762725830078125 2.2313899993896484 51.6407356262207
v -25.762725830078125 0.31877008080482483 52.5970458984375
v -15.562084197998047 2.2313899993896484 51.6407356262207
v -25.762725830078125 2.2313899993896484 51.6407356262207
v -27.037799835205078 -0.31877008080482483 36.339778900146484
v -27.802852630615234 -0.31877008080482483 36.339778900146484
v -27.802852630615234 -0.31877008080482483 42.33265686035156
v -27.037799835205078 -0.31877008080482483 36.339778900146484
v -27.802852630615234 0.31877008080482483 36.339778900146484
v -27.802852630615234 -0.31877008080482483 36.339778900146484
v -27.037799835205078 -0.31877008080482483 42.33265686035156
v -27.037799835205078 -0.31877008080482483 36.339778900146484
v -27.037799835205078 -0.31877008080482483 42.33265686035156
v -27.356576919555664 0.31877008080482483 42.33265686035156
v -28.312883377075195 2.2313899993896484 36.339778900146484
v -29.26919174194336 0.31877008080482483 36.339778900146484
v -28.312883377075195 2.2313899993896484 49.090579986572266
v -27.356576919555664 0.31877008080482483 49.090579986572266
v -29.26919174194336 0.31877008080482483 36.339778900146484
v -28.312883377075195 2.2313899993896484 49.090579986572266
v -29.26919174194336 0.31877008080482483 49.090579986572266
v -27.356576919555664 0.31877008080482483 49.090579986572266
v -29.26919174194336 0.31877008080482483 49.090579986572266
v -28.312883377075195 2.2313899993896484 49.090579986572266
v -28.312883377075195 2.2313899993896484 36.339778900146484
v -28.312883377075195 2.2313899993896484 36.339778900146484
v -12.055606842041016 0.31877008080482483 36.339778900146484
v -13.011914253234863 2.2313899993896484 36.339778900146484
v -13.968221664428711 0.31877008080482483 36.339778900146484
v -12.055606842041016 0.31877008080482483 36.339778900146484
v -12.055606842041016 0.31877008080482483 49.090579986572266
v -13.011914253234863 2.2313899993896484 36.339778900146484
v -12.055606842041016 0.31877008080482483 49.090579986572266
v -13.968221664428711 0.31877008080482483 49.090579986572266
v -13.011914253234863 2.2313899993896484 49.090579986572266
v -13.968221664428711 0.31877008080482483 36.339778900146484
v -13.011914253234863 2.2313899993896484 36.339778900146484
v -13.011914253234863 2.2313899993896484 49.090579986572266
v -13.011914253234863 2.2313899993896484 49.090579986572266
v -13.968221664428711 0.31877008080482483 49.090579986572266
v 3.564122438430786 0.31877008080482483 32.83331298828125
v 3.564122438430786 0.31877008080482483 34.74592971801758
v 3.564122438430786 2.2313899993896484 33.78962326049805
v 3.564122438430786 0.31877008080482483 34.74592971801758
v -6.636514186859131 0.31877008080482483 34.74592971801758
v 3.564122438430786 2.2313899993896484 33.78962326049805
v 3.564122438430786 0.31877008080482483 32.83331298828125
v 3.564122438430786 2.2313899993896484 33.78962326049805
v -6.636514186859131 2.2313899993896484 33.78962326049805
v -6.636514186859131 0.31877008080482483 32.83331298828125
v -6.636514186859131 0.31877008080482483 32.83331298828125
v -6.636514186859131 2.2313899993896484 33.78962326049805
v -6.636514186859131 0.31877008080482483 34.74592971801758
v -6.636514186859131 2.2313899993896484 33.78962326049805
v 3.564122438430786 0.31877008080482483 50.68442916870117
v 3.564122438430786 0.31877008080482483 52.5970458984375
v 3.564122438430786 2.2313899993896484 51.6407356262207
v 3.564122438430786 0.31877008080482483 52.5970458984375
v -6.636514186859131 0.31877008080482483 52.5970458984375
v 3.564122438430786 2.2313899993896484 51.6407356262207
v 3.564122438430786 0.31877008080482483 50.68442916870117
v 3.564122438430786 2.2313899993896484 51.6407356262207
v -6.636514186859131 2.2313899993896484 51.6407356262207
v -6.636514186859131 0.31877008080482483 50.68442916870117
v -6.636514186859131 0.31877008080482483 50.68442916870117
v -6.636514186859131 2.2313899993896484 51.6407356262207
v -6.636514186859131 0.31877008080482483 52.5970458984375
v -6.636514186859131 2.2313899993896484 51.6407356262207
v -7.911599159240723 -0.31877008080482483 36.339778900146484
v -8.676651954650879 -0.31877008080482483 36.339778900146484
v -8.676651954650879 -0.31877008080482483 42.33265686035156
v -7.911599159240723 -0.31877008080482483 36.339778900146484
v -8.676651954650879 0.31877008080482483 36.339778900146484
v -8.676651954650879 -0.31877008080482483 36.339778900146484
v -7.911599159240723 -0.31877008080482483 42.33265686035156
v -7.911599159240723 -0.31877008080482483 36.339778900146484
v -7.911599159240723 -0.31877008080482483 42.33265686035156
v -8.230376243591309 0.31877008080482483 42.33265686035156
v -9.186683654785156 2.2313899993896484 36.339778900146484
v -10.142991065979004 0.31877008080482483 36.339778900146484
v -9.186683654785156 2.2313899993896484 49.090579986572266
v -10.142991065979004 0.31877008080482483 36.339778900146484
v -9.186683654785156 2.2313899993896484 49.090579986572266
v -10.142991065979004 0.31877008080482483 49.090579986572266
v -8.230376243591309 0.31877008080482483 49.090579986572266
v -8.230376243591309 0.31877008080482483 49.090579986572266
v -10.142991065979004 0.31877008080482483 49.090579986572266
v -9.186683654785156 2.2313899993896484 49.090579986572266
v -9.186683654785156 2.2313899993896484 36.339778900146484
v -9.186683654785156 2.2313899993896484 36.339778900146484
v 7.070587635040283 0.31877008080482483 36.339778900146484
v 6.114279747009277 2.2313899993896484 36.339778900146484
v 5.15797233581543 0.31877008080482483 36.339778900146484
v 7.070587635040283 0.31877008080482483 36.339778900146484
v 7.070587635040283 0.31877008080482483 49.090579986572266
v 6.114279747009277 2.2313899993896484 36.339778900146484
v 5.15797233581543 0.31877008080482483 36.339778900146484
v 6.114279747009277 2.2313899993896484 49.090579986572266
v 5.15797233581543 0.31877008080482483 49.090579986572266
v 7.070587635040283 0.31877008080482483 49.090579986572266
v 5.15797233581543 0.31877008080482483 49.090579986572266
v 6.114279747009277 2.2313899993896484 49.090579986572266
v 6.114279747009277 2.2313899993896484 36.339778900146484
v 6.114279747009277 2.2313899993896484 49.090579986572266
v 22.690322875976562 0.31877008080482483 32.83331298828125
v 22.690322875976562 0.31877008080482483 34.74592971801758
v 22.690322875976562 2.2313899993896484 33.78962326049805
v 22.690322875976562 0.31877008080482483 34.74592971801758
v 12.489680290222168 0.31877008080482483 34.74592971801758
v 22.690322875976562 2.2313899993896484 33.78962326049805
v 22.690322875976562 0.31877008080482483 32.83331298828125
v 12.489680290222168 2.2313899993896484 33.78962326049805
v 12.489680290222168 0.31877008080482483 32.83331298828125
v 22.690322875976562 2.2313899993896484 33.78962326049805
v 12.489680290222168 2.2313899993896484 33.78962326049805
v 12.489680290222168 0.31877008080482483 32.83331298828125
v 12.489680290222168 2.2313899993896484 33.78962326049805
v 12.489680290222168 0.31877008080482483 34.74592971801758
v 22.690322875976562 0.31877008080482483 50.68442916870117
v 22.690322875976562 0.31877008080482483 52.5970458984375
v 22.690322875976562 2.2313899993896484 51.6407356262207
v 22.690322875976562 0.31877008080482483 52.5970458984375
v 12.489680290222168 0.31877008080482483 52.5970458984375
v 22.690322875976562 2.2313899993896484 51.6407356262207
v 22.690322875976562 0.31877008080482483 50.68442916870117
v 12.489680290222168 2.2313899993896484 51.6407356262207
v 12.489680290222168 0.31877008080482483 50.68442916870117
v 22.690322875976562 2.2313899993896484 51.6407356262207
v 12.489680290222168 2.2313899993896484 51.6407356262207
v 12.489680290222168 0.31877008080482483 50.68442916870117
v 12.489680290222168 2.2313899993896484 51.6407356262207
v 12.489680290222168 0.31877008080482483 52.5970458984375
v 11.214601516723633 -0.31877008080482483 36.339778900146484
v 10.449553489685059 -0.31877008080482483 36.339778900146484
v 10.449553489685059 -0.31877008080482483 42.33265686035156
v 11.214601516723633 -0.31877008080482483 36.339778900146484
v 10.449553489685059 0.31877008080482483 36.339778900146484
v 10.449553489685059 -0.31877008080482483 36.339778900146484
v 11.214601516723633 -0.31877008080482483 42.33265686035156
v 11.214601516723633 -0.31877008080482483 36.339778900146484
v 11.214601516723633 -0.31877008080482483 42.33265686035156
v 10.895830154418945 0.31877008080482483 42.33265686035156
v 9.939522743225098 2.2313899993896484 36.339778900146484
v 8.983214378356934 0.31877008080482483 36.339778900146484
v 9.939522743225098 2.2313899993896484 49.090579986572266
v 10.895830154418945 0.31877008080482483 49.090579986572266
v 8.983214378356934 0.31877008080482483 36.339778900146484
v 9.939522743225098 2.2313899993896484 49.090579986572266
v 8.983214378356934 0.31877008080482483 49.090579986572266
v 10.895830154418945 0.31877008080482483 49.090579986572266
v 8.983214378356934 0.31877008080482483 49.090579986572266
v 9.939522743225098 2.2313899993896484 49.090579986572266
v 9.939522743225098 2.2313899993896484 36.339778900146484
v 9.939522743225098 2.2313899993896484 36.339778900146484
v 26.196786880493164 0.31877008080482483 36.339778900146484
v 25.240480422973633 2.2313899993896484 36.339778900146484
v 24.28417205810547 0.31877008080482483 36.339778900146484
v 26.196786880493164 0.31877008080482483 36.339778900146484
v 26.196786880493164 0.31877008080482483 49.090579986572266
v 25.240480422973633 2.2313899993896484 36.339778900146484
v 24.28417205810547 0.31877008080482483 36.339778900146484
v 25.240480422973633 2.2313899993896484 49.090579986572266
v 24.28417205810547 0.31877008080482483 49.090579986572266
v 26.196786880493164 0.31877008080482483 49.090579986572266
v 24.28417205810547 0.31877008080482483 49.090579986572266
v 25.240480422973633 2.2313899993896484 49.090579986572266
v 25.240480422973633 2.2313899993896484 36.339778900146484
v 25.240480422973633 2.2313899993896484 49.090579986572266
v 41.816524505615234 0.31877008080482483 32.83331298828125
v 41.816524505615234 0.31877008080482483 34.74592971801758
v 41.816524505615234 2.2313899993896484 33.78962326049805
v 41.816524505615234 0.31877008080482483 34.74592971801758
v 31.615880966186523 0.31877008080482483 34.74592971801758
v 41.816524505615234 2.2313899993896484 33.78962326049805
v 41.816524505615234 0.31877008080482483 32.83331298828125
v 31.615880966186523 2.2313899993896484 33.78962326049805
v 31.615880966186523 0.31877008080482483 32.83331298828125
v 31.615880966186523 0.31877008080482483 32.83331298828125
v 31.615880966186523 2.2313899993896484 33.78962326049805
v 31.615880966186523 0.31877008080482483 34.74592971801758
v 41.816524505615234 2.2313899993896484 33.78962326049805
v 31.615880966186523 2.2313899993896484 33.78962326049805
v 41.816524505615234 0.31877008080482483 50.68442916870117
v 41.816524505615234 0.31877008080482483 52.5970458984375
v 41.816524505615234 2.2313899993896484 51.6407356262207
v 41.816524505615234 0.31877008080482483 52.5970458984375
v 31.615880966186523 0.31877008080482483 52.5970458984375
v 41.816524505615234 2.2313899993896484 51.6407356262207
v 41.816524505615234 0.31877008080482483 50.68442916870117
v 31.615880966186523 2.2313899993896484 51.6407356262207
v 31.615880966186523 0.31877008080482483 50.68442916870117
v 31.615880966186523 0.31877008080482483 50.68442916870117
v 31.615880966186523 2.2313899993896484 51.6407356262207
v 31.615880966186523 0.31877008080482483 52.5970458984375
v 41.816524505615234 2.2313899993896484 51.6407356262207
v 31.615880966186523 2.2313899993896484 51.6407356262207
v 30.340801239013672 -0.31877008080482483 36.339778900146484
v 29.575754165649414 -0.31877008080482483 36.339778900146484
v 29.575754165649414 -0.31877008080482483 42.33265686035156
v 30.340801239013672 -0.31877008080482483 36.339778900146484
v 29.575754165649414 0.31877008080482483 36.339778900146484
v 29.575754165649414 -0.31877008080482483 36.339778900146484
v 30.340801239013672 -0.31877008080482483 42.33265686035156
v 30.340801239013672 -0.31877008080482483 36.339778900146484
v 30.340801239013672 -0.31877008080482483 42.33265686035156
v 30.022029876708984 0.31877008080482483 42.33265686035156
v 29.065723419189453 2.2313899993896484 36.339778900146484
v 28.10941505432129 0.31877008080482483 36.339778900146484
v 29.065723419189453 2.2313899993896484 49.090579986572266
v 30.022029876708984 0.31877008080482483 49.090579986572266
v 28.10941505432129 0.31877008080482483 36.339778900146484
v 29.065723419189453 2.2313899993896484 49.090579986572266
v 28.10941505432129 0.31877008080482483 49.090579986572266
v 30.022029876708984 0.31877008080482483 49.090579986572266
v 28.10941505432129 0.31877008080482483 49.090579986572266
v 29.065723419189453 2.2313899993896484 49.090579986572266
v 29.065723419189453 2.2313899993896484 36.339778900146484
v 29.065723419189453 2.2313899993896484 36.339778900146484
v 45.3229866027832 0.31877008080482483 36.339778900146484
v 44.36668014526367 2.2313899993896484 36.339778900146484
v 43.41037368774414 0.31877008080482483 36.339778900146484
v 45.3229866027832 0.31877008080482483 36.339778900146484
v 45.3229866027832 0.31877008080482483 49.090579986572266
v 44.36668014526367 2.2313899993896484 36.339778900146484
v 45.3229866027832 0.31877008080482483 49.090579986572266
v 43.41037368774414 0.31877008080482483 49.090579986572266
v 44.36668014526367 2.2313899993896484 49.090579986572266
v 43.41037368774414 0.31877008080482483 36.339778900146484
v 44.36668014526367 2.2313899993896484 49.090579986572266
v 43.41037368774414 0.31877008080482483 49.090579986572266
v 44.36668014526367 2.2313899993896484 36.339778900146484
v 44.36668014526367 2.2313899993896484 49.090579986572266
v 60.94272994995117 0.31877008080482483 32.83331298828125
v 60.94272994995117 0.31877008080482483 34.74592971801758
v 60.94272994995117 2.2313899993896484 33.78962326049805
v 60.94272994995117 0.31877008080482483 34.74592971801758
v 50.742088317871094 0.31877008080482483 34.74592971801758
v 60.94272994995117 2.2313899993896484 33.78962326049805
v 60.94272994995117 0.31877008080482483 32.83331298828125
v 50.742088317871094 2.2313899993896484 33.78962326049805
v 50.742088317871094 0.31877008080482483 32.83331298828125
v 60.94272994995117 2.2313899993896484 33.78962326049805
v 50.742088317871094 2.2313899993896484 33.78962326049805
v 50.742088317871094 0.31877008080482483 32.83331298828125
v 50.742088317871094 2.2313899993896484 33.78962326049805
v 50.742088317871094 0.31877008080482483 34.74592971801758
v 60.94272994995117 0.31877008080482483 50.68442916870117
v 60.94272994995117 0.31877008080482483 52.5970458984375
v 60.94272994995117 2.2313899993896484 51.6407356262207
v 60.94272994995117 0.31877008080482483 52.5970458984375
v 50.742088317871094 0.31877008080482483 52.5970458984375
v 60.94272994995117 2.2313899993896484 51.6407356262207
v 60.94272994995117 0.31877008080482483 50.68442916870117
v 50.742088317871094 2.2313899993896484 51.6407356262207
v 50.742088317871094 0.31877008080482483 50.68442916870117
v 60.94272994995117 2.2313899993896484 51.6407356262207
v 50.742088317871094 2.2313899993896484 51.6407356262207
v 50.742088317871094 0.31877008080482483 50.68442916870117
v 50.742088317871094 2.2313899993896484 51.6407356262207
v 50.742088317871094 0.31877008080482483 52.5970458984375
v 49.467002868652344 -0.31877008080482483 36.339778900146484
v 48.70195770263672 -0.31877008080482483 36.339778900146484
v 48.70195770263672 -0.31877008080482483 42.33265686035156
v 49.467002868652344 -0.31877008080482483 36.339778900146484
v 48.70195770263672 0.31877008080482483 36.339778900146484
v 48.70195770263672 -0.31877008080482483 36.339778900146484
v 49.467002868652344 -0.31877008080482483 42.33265686035156
v 49.467002868652344 -0.31877008080482483 36.339778900146484
v 49.467002868652344 -0.31877008080482483 42.33265686035156
v 49.148231506347656 0.31877008080482483 42.33265686035156
v 48.19192123413086 2.2313899993896484 36.339778900146484
v 47.23561477661133 0.31877008080482483 36.339778900146484
v 48.19192123413086 2.2313899993896484 49.090579986572266
v 49.148231506347656 0.31877008080482483 49.090579986572266
v 47.23561477661133 0.31877008080482483 36.339778900146484
v 48.19192123413086 2.2313899993896484 49.090579986572266
v 47.23561477661133 0.31877008080482483 49.090579986572266
v 49.148231506347656 0.31877008080482483 49.090579986572266
v 47.23561477661133 0.31877008080482483 49.090579986572266
v 48.19192123413086 2.2313899993896484 49.090579986572266
v 48.19192123413086 2.2313899993896484 36.339778900146484
v 48.19192123413086 2.2313899993896484 36.339778900146484
v 64.4491958618164 0.31877008080482483 36.339778900146484
v 63.49288558959961 2.2313899993896484 36.339778900146484
v 62.53657913208008 0.31877008080482483 36.339778900146484
v 64.4491958618164 0.31877008080482483 36.339778900146484
v 64.4491958618164 0.31877008080482483 49.090579986572266
v 63.49288558959961 2.2313899993896484 36.339778900146484
v 62.53657913208008 0.31877008080482483 36.339778900146484
v 63.49288558959961 2.2313899993896484 49.090579986572266
v 62.53657913208008 0.31877008080482483 49.090579986572266
v 64.4491958618164 0.31877008080482483 49.090579986572266
v 62.53657913208008 0.31877008080482483 49.090579986572266
v 63.49288558959961 2.2313899993896484 49.090579986572266
v 63.49288558959961 2.2313899993896484 36.339778900146484
v 63.49288558959961 2.2313899993896484 49.090579986572266
v 80.06892395019531 0.31877008080482483 32.83331298828125
v 80.06892395019531 0.31877008080482483 34.74592971801758
v 80.06892395019531 2.2313899993896484 33.78962326049805
v 80.06892395019531 0.31877008080482483 34.74592971801758
v 69.8682861328125 0.31877008080482483 34.74592971801758
v 80.06892395019531 2.2313899993896484 33.78962326049805
v 80.06892395019531 0.31877008080482483 32.83331298828125
v 69.8682861328125 2.2313899993896484 33.78962326049805
v 69.8682861328125 0.31877008080482483 32.83331298828125
v 69.8682861328125 0.31877008080482483 32.83331298828125
v 69.8682861328125 2.2313899993896484 33.78962326049805
v 69.8682861328125 0.31877008080482483 34.74592971801758
v 80.06892395019531 2.2313899993896484 33.78962326049805
v 69.8682861328125 2.2313899993896484 33.78962326049805
v 80.06892395019531 0.31877008080482483 50.68442916870117
v 80.06892395019531 0.31877008080482483 52.5970458984375
v 80.06892395019531 2.2313899993896484 51.6407356262207
v 80.06892395019531 0.31877008080482483 52.5970458984375
v 69.8682861328125 0.31877008080482483 52.5970458984375
v 80.06892395019531 2.2313899993896484 51.6407356262207
v 80.06892395019531 0.31877008080482483 50.68442916870117
v 69.8682861328125 2.2313899993896484 51.6407356262207
v 69.8682861328125 0.31877008080482483 50.68442916870117
v 69.8682861328125 0.31877008080482483 50.68442916870117
v 69.8682861328125 2.2313899993896484 51.6407356262207
v 69.8682861328125 0.31877008080482483 52.5970458984375
v 80.06892395019531 2.2313899993896484 51.6407356262207
v 69.8682861328125 2.2313899993896484 51.6407356262207
v 68.59320068359375 -0.31877008080482483 36.339778900146484
v 67.82816314697266 -0.31877008080482483 36.339778900146484
v 67.82816314697266 -0.31877008080482483 42.33265686035156
v 68.59320068359375 -0.31877008080482483 36.339778900146484
v 67.82816314697266 0.31877008080482483 36.339778900146484
v 67.82816314697266 -0.31877008080482483 36.339778900146484
v 68.59320068359375 -0.31877008080482483 42.33265686035156
v 68.59320068359375 -0.31877008080482483 36.339778900146484
v 68.59320068359375 -0.31877008080482483 42.33265686035156
v 68.27442932128906 0.31877008080482483 42.33265686035156
v 67.31812286376953 2.2313899993896484 36.339778900146484
v 66.36181640625 0.31877008080482483 36.339778900146484
v 67.31812286376953 2.2313899993896484 49.090579986572266
v 68.27442932128906 0.31877008080482483 49.090579986572266
v 68.27442932128906 0.31877008080482483 49.090579986572266
v 66.36181640625 0.31877008080482483 49.090579986572266
v 67.31812286376953 2.2313899993896484 49.090579986572266
v 67.31812286376953 2.2313899993896484 36.339778900146484
v 66.36181640625 0.31877008080482483 36.339778900146484
v 67.31812286376953 2.2313899993896484 49.090579986572266
v 66.36181640625 0.31877008080482483 49.090579986572266
v 67.31812286376953 2.2313899993896484 36.339778900146484
v 83.57539367675781 0.31877008080482483 36.339778900146484
v 82.61908721923828 2.2313899993896484 36.339778900146484
v 81.66277313232422 0.31877008080482483 36.339778900146484
v 83.57539367675781 0.31877008080482483 36.339778900146484
v 83.57539367675781 0.31877008080482483 49.090579986572266
v 82.61908721923828 2.2313899993896484 36.339778900146484
v 81.66277313232422 0.31877008080482483 36.339778900146484
v 82.61908721923828 2.2313899993896484 49.090579986572266
v 81.66277313232422 0.31877008080482483 49.090579986572266
v 83.57539367675781 0.31877008080482483 49.090579986572266
v 81.66277313232422 0.31877008080482483 49.090579986572266
v 82.61908721923828 2.2313899993896484 49.090579986572266
v 82.61908721923828 2.2313899993896484 36.339778900146484
v 82.61908721923828 2.2313899993896484 49.090579986572266
v -72.94068145751953 0.31877008080482483 11.156956672668457
v -72.94068145751953 0.31877008080482483 13.069571495056152
v -72.94068145751953 2.2313899993896484 12.113264083862305
v -72.94068145751953 0.31877008080482483 13.069571495056152
v -83.14132690429688 0.31877008080482483 13.069571495056152
v -72.94068145751953 2.2313899993896484 12.113264083862305
v -72.94068145751953 0.31877008080482483 11.156956672668457
v -83.14132690429688 2.2313899993896484 12.113264083862305
v -83.14132690429688 0.31877008080482483 11.156956672668457
v -72.94068145751953 2.2313899993896484 12.113264083862305
v -83.14132690429688 2.2313899993896484 12.113264083862305
v -83.14132690429688 0.31877008080482483 11.156956672668457
v -83.14132690429688 2.2313899993896484 12.113264083862305
v -83.14132690429688 0.31877008080482483 13.069571495056152
v -72.94068145751953 0.31877008080482483 29.008071899414062
v -83.14132690429688 2.2313899993896484 29.964378356933594
v -83.14132690429688 0.31877008080482483 29.008071899414062
v -72.94068145751953 0.31877008080482483 29.008071899414062
v -72.94068145751953 0.31877008080482483 30.920686721801758
v -72.94068145751953 2.2313899993896484 29.964378356933594
v -72.94068145751953 0.31877008080482483 30.920686721801758
v -83.14132690429688 0.31877008080482483 30.920686721801758
v -72.94068145751953 2.2313899993896484 29.964378356933594
v -72.94068145751953 2.2313899993896484 29.964378356933594
v -83.14132690429688 2.2313899993896484 29.964378356933594
v -83.14132690429688 0.31877008080482483 29.008071899414062
v -83.14132690429688 2.2313899993896484 29.964378356933594
v -83.14132690429688 0.31877008080482483 30.920686721801758
v -84.41639709472656 -0.31877008080482483 14.663421630859375
v -85.18144989013672 -0.31877008080482483 14.663421630859375
v -85.18144989013672 -0.31877008080482483 20.656293869018555
v -84.41639709472656 -0.31877008080482483 20.656293869018555
v -84.41639709472656 -0.31877008080482483 14.663421630859375
v -85.18144989013672 0.31877008080482483 14.663421630859375
v -85.18144989013672 -0.31877008080482483 14.663421630859375
v -84.41639709472656 -0.31877008080482483 14.663421630859375
v -84.41639709472656 -0.31877008080482483 20.656293869018555
v -84.73517608642578 0.31877008080482483 20.656293869018555
v -85.69148254394531 2.2313899993896484 14.663421630859375
v -85.69148254394531 2.2313899993896484 27.414220809936523
v -86.64778900146484 0.31877008080482483 14.663421630859375
v -85.69148254394531 2.2313899993896484 14.663421630859375
v -86.64778900146484 0.31877008080482483 14.663421630859375
v -85.69148254394531 2.2313899993896484 14.663421630859375
v -85.69148254394531 2.2313899993896484 27.414220809936523
v -86.64778900146484 0.31877008080482483 27.414220809936523
v -84.73517608642578 0.31877008080482483 27.414220809936523
v -84.73517608642578 0.31877008080482483 27.414220809936523
v -86.64778900146484 0.31877008080482483 27.414220809936523
v -85.69148254394531 2.2313899993896484 27.414220809936523
v -69.4342041015625 0.31877008080482483 14.663421630859375
v -70.39051818847656 2.2313899993896484 14.663421630859375
v -71.3468246459961 0.31877008080482483 14.663421630859375
v -69.4342041015625 0.31877008080482483 14.663421630859375
v -69.4342041015625 0.31877008080482483 27.414220809936523
v -70.39051818847656 2.2313899993896484 14.663421630859375
v -71.3468246459961 0.31877008080482483 14.663421630859375
v -70.39051818847656 2.2313899993896484 14.663421630859375
v -70.39051818847656 2.2313899993896484 27.414220809936523
v -71.3468246459961 0.31877008080482483 27.414220809936523
v -69.4342041015625 0.31877008080482483 27.414220809936523
v -71.3468246459961 0.31877008080482483 27.414220809936523
v -70.39051818847656 2.2313899993896484 27.414220809936523
v -70.39051818847656 2.2313899993896484 27.414220809936523
v -53.814483642578125 0.31877008080482483 11.156956672668457
v -53.814483642578125 0.31877008080482483 13.069571495056152
v -53.814483642578125 2.2313899993896484 12.113264083862305
v -53.814483642578125 0.31877008080482483 13.069571495056152
v -64.01512908935547 0.31877008080482483 13.069571495056152
v -53.814483642578125 2.2313899993896484 12.113264083862305
v -53.814483642578125 0.31877008080482483 11.156956672668457
v -64.01512908935547 2.2313899993896484 12.113264083862305
v -64.01512908935547 0.31877008080482483 11.156956672668457
v -64.01512908935547 0.31877008080482483 11.156956672668457
v -64.01512908935547 2.2313899993896484 12.113264083862305
v -64.01512908935547 0.31877008080482483 13.069571495056152
v -53.814483642578125 2.2313899993896484 12.113264083862305
v -64.01512908935547 2.2313899993896484 12.113264083862305
v -53.814483642578125 0.31877008080482483 29.008071899414062
v -53.814483642578125 0.31877008080482483 30.920686721801758
v -53.814483642578125 2.2313899993896484 29.964378356933594
v -53.814483642578125 0.31877008080482483 29.008071899414062
v -64.01512908935547 2.2313899993896484 29.964378356933594
v -64.01512908935547 0.31877008080482483 29.008071899414062
v -53.814483642578125 0.31877008080482483 30.920686721801758
v -64.01512908935547 0.31877008080482483 30.920686721801758
v -53.814483642578125 2.2313899993896484 29.964378356933594
v -64.01512908935547 0.31877008080482483 29.008071899414062
v -64.01512908935547 2.2313899993896484 29.964378356933594
v -64.01512908935547 0.31877008080482483 30.920686721801758
v -53.814483642578125 2.2313899993896484 29.964378356933594
v -64.01512908935547 2.2313899993896484 29.964378356933594
v -65.29019927978516 -0.31877008080482483 14.663421630859375
v -66.05525207519531 -0.31877008080482483 14.663421630859375
v -66.05525207519531 -0.31877008080482483 20.656293869018555
v -65.29019927978516 -0.31877008080482483 20.656293869018555
v -65.29019927978516 -0.31877008080482483 14.663421630859375
v -66.05525207519531 0.31877008080482483 14.663421630859375
v -66.05525207519531 -0.31877008080482483 14.663421630859375
v -65.29019927978516 -0.31877008080482483 14.663421630859375
v -65.29019927978516 -0.31877008080482483 20.656293869018555
v -65.60897827148438 0.31877008080482483 20.656293869018555
v -66.5652847290039 2.2313899993896484 14.663421630859375
v -66.5652847290039 2.2313899993896484 27.414220809936523
v -67.52159118652344 0.31877008080482483 14.663421630859375
v -66.5652847290039 2.2313899993896484 14.663421630859375
v -67.52159118652344 0.31877008080482483 14.663421630859375
v -66.5652847290039 2.2313899993896484 14.663421630859375
v -66.5652847290039 2.2313899993896484 27.414220809936523
v -67.52159118652344 0.31877008080482483 27.414220809936523
v -65.60897827148438 0.31877008080482483 27.414220809936523
v -65.60897827148438 0.31877008080482483 27.414220809936523
v -67.52159118652344 0.31877008080482483 27.414220809936523
v -66.5652847290039 2.2313899993896484 27.414220809936523
v -50.308006286621094 0.31877008080482483 14.663421630859375
v -51.264312744140625 2.2313899993896484 14.663421630859375
v -52.22062301635742 0.31877008080482483 14.663421630859375
v -50.308006286621094 0.31877008080482483 14.663421630859375
v -50.308006286621094 0.31877008080482483 27.414220809936523
v -51.264312744140625 2.2313899993896484 14.663421630859375
v -52.22062301635742 0.31877008080482483 14.663421630859375
v -51.264312744140625 2.2313899993896484 14.663421630859375
v -51.264312744140625 2.2313899993896484 27.414220809936523
v -52.22062301635742 0.31877008080482483 27.414220809936523
v -50.308006286621094 0.31877008080482483 27.414220809936523
v -52.22062301635742 0.31877008080482483 27.414220809936523
v -51.264312744140625 2.2313899993896484 27.414220809936523
v -51.264312744140625 2.2313899993896484 27.414220809936523
v -34.68828582763672 0.31877008080482483 11.156956672668457
v -34.68828582763672 0.31877008080482483 13.069571495056152
v -34.68828582763672 2.2313899993896484 12.113264083862305
v -34.68828582763672 0.31877008080482483 13.069571495056152
v -44.8889274597168 0.31877008080482483 13.069571495056152
v -34.68828582763672 2.2313899993896484 12.113264083862305
v -34.68828582763672 0.31877008080482483 11.156956672668457
v -34.68828582763672 2.2313899993896484 12.113264083862305
v -44.8889274597168 2.2313899993896484 12.113264083862305
v -44.8889274597168 0.31877008080482483 11.156956672668457
v -44.8889274597168 0.31877008080482483 11.156956672668457
v -44.8889274597168 2.2313899993896484 12.113264083862305
v -44.8889274597168 0.31877008080482483 13.069571495056152
v -44.8889274597168 2.2313899993896484 12.113264083862305
v -34.68828582763672 0.31877008080482483 29.008071899414062
v -34.68828582763672 0.31877008080482483 30.920686721801758
v -34.68828582763672 2.2313899993896484 29.964378356933594
v -34.68828582763672 0.31877008080482483 30.920686721801758
v -44.8889274597168 0.31877008080482483 30.920686721801758
v -34.68828582763672 2.2313899993896484 29.964378356933594
v -34.68828582763672 0.31877008080482483 29.008071899414062
v -34.68828582763672 2.2313899993896484 29.964378356933594
v -44.8889274597168 2.2313899993896484 29.964378356933594
v -44.8889274597168 0.31877008080482483 29.008071899414062
v -44.8889274597168 0.31877008080482483 29.008071899414062
v -44.8889274597168 2.2313899993896484 29.964378356933594
v -44.8889274597168 0.31877008080482483 30.920686721801758
v -44.8889274597168 2.2313899993896484 29.964378356933594
v -46.163997650146484 -0.31877008080482483 14.663421630859375
v -46.929054260253906 -0.31877008080482483 14.663421630859375
v -46.929054260253906 -0.31877008080482483 20.656293869018555
v -46.163997650146484 -0.31877008080482483 20.656293869018555
v -46.163997650146484 -0.31877008080482483 14.663421630859375
v -46.929054260253906 0.31877008080482483 14.663421630859375
v -46.929054260253906 -0.31877008080482483 14.663421630859375
v -46.163997650146484 -0.31877008080482483 14.663421630859375
v -46.163997650146484 -0.31877008080482483 20.656293869018555
v -46.4827766418457 0.31877008080482483 20.656293869018555
v -47.439083099365234 2.2313899993896484 14.663421630859375
v -47.439083099365234 2.2313899993896484 27.414220809936523
v -48.39539337158203 0.31877008080482483 14.663421630859375
v -47.439083099365234 2.2313899993896484 14.663421630859375
v -48.39539337158203 0.31877008080482483 14.663421630859375
v -47.439083099365234 2.2313899993896484 14.663421630859375
v -47.439083099365234 2.2313899993896484 27.414220809936523
v -46.4827766418457 0.31877008080482483 27.414220809936523
v -48.39539337158203 0.31877008080482483 27.414220809936523
v -46.4827766418457 0.31877008080482483 27.414220809936523
v -48.39539337158203 0.31877008080482483 27.414220809936523
v -47.439083099365234 2.2313899993896484 27.414220809936523
v -31.181806564331055 0.31877008080482483 14.663421630859375
v -32.13811492919922 2.2313899993896484 14.663421630859375
v -33.09442138671875 0.31877008080482483 14.663421630859375
v -31.181806564331055 0.31877008080482483 14.663421630859375
v -31.181806564331055 0.31877008080482483 27.414220809936523
v -32.13811492919922 2.2313899993896484 14.663421630859375
v -33.09442138671875 0.31877008080482483 14.663421630859375
v -32.13811492919922 2.2313899993896484 14.663421630859375
v -32.13811492919922 2.2313899993896484 27.414220809936523
v -33.09442138671875 0.31877008080482483 27.414220809936523
v -31.181806564331055 0.31877008080482483 27.414220809936523
v -33.09442138671875 0.31877008080482483 27.414220809936523
v -32.13811492919922 2.2313899993896484 27.414220809936523
v -32.13811492919922 2.2313899993896484 27.414220809936523
v -15.562084197998047 0.31877008080482483 11.156956672668457
v -15.562084197998047 0.31877008080482483 13.069571495056152
v -15.562084197998047 2.2313899993896484 12.113264083862305
v -15.562084197998047 0.31877008080482483 13.069571495056152
v -25.762725830078125 0.31877008080482483 13.069571495056152
v -15.562084197998047 2.2313899993896484 12.113264083862305
v -15.562084197998047 0.31877008080482483 11.156956672668457
v -25.762725830078125 2.2313899993896484 12.113264083862305
v -25.762725830078125 0.31877008080482483 11.156956672668457
v -25.762725830078125 0.31877008080482483 11.156956672668457
v -25.762725830078125 2.2313899993896484 12.113264083862305
v -25.762725830078125 0.31877008080482483 13.069571495056152
v -15.562084197998047 2.2313899993896484 12.113264083862305
v -25.762725830078125 2.2313899993896484 12.113264083862305
v -15.562084197998047 0.31877008080482483 29.008071899414062
v -25.762725830078125 2.2313899993896484 29.964378356933594
v -25.762725830078125 0.31877008080482483 29.008071899414062
v -15.562084197998047 0.31877008080482483 29.008071899414062
v -15.562084197998047 0.31877008080482483 30.920686721801758
v -15.562084197998047 2.2313899993896484 29.964378356933594
v -15.562084197998047 0.31877008080482483 30.920686721801758
v -25.762725830078125 0.31877008080482483 30.920686721801758
v -15.562084197998047 2.2313899993896484 29.964378356933594
v -25.762725830078125 0.31877008080482483 29.008071899414062
v -25.762725830078125 2.2313899993896484 29.964378356933594
v -25.762725830078125 0.31877008080482483 30.920686721801758
v -15.562084197998047 2.2313899993896484 29.964378356933594
v -25.762725830078125 2.2313899993896484 29.964378356933594
v -27.037799835205078 -0.31877008080482483 14.663421630859375
v -27.802852630615234 -0.31877008080482483 14.663421630859375
v -27.802852630615234 -0.31877008080482483 20.656293869018555
v -27.037799835205078 -0.31877008080482483 20.656293869018555
v -27.037799835205078 -0.31877008080482483 14.663421630859375
v -27.802852630615234 0.31877008080482483 14.663421630859375
v -27.802852630615234 -0.31877008080482483 14.663421630859375
v -27.037799835205078 -0.31877008080482483 14.663421630859375
v -27.037799835205078 -0.31877008080482483 20.656293869018555
v -27.356576919555664 0.31877008080482483 20.656293869018555
v -28.312883377075195 2.2313899993896484 14.663421630859375
v -28.312883377075195 2.2313899993896484 27.414220809936523
v -29.26919174194336 0.31877008080482483 14.663421630859375
v -28.312883377075195 2.2313899993896484 14.663421630859375
v -29.26919174194336 0.31877008080482483 14.663421630859375
v -28.312883377075195 2.2313899993896484 14.663421630859375
v -28.312883377075195 2.2313899993896484 27.414220809936523
v -29.26919174194336 0.31877008080482483 27.414220809936523
v -27.356576919555664 0.31877008080482483 27.414220809936523
v -27.356576919555664 0.31877008080482483 27.414220809936523
v -29.26919174194336 0.31877008080482483 27.414220809936523
v -28.312883377075195 2.2313899993896484 27.414220809936523
v -12.055606842041016 0.31877008080482483 14.663421630859375
v -13.011914253234863 2.2313899993896484 14.663421630859375
v -13.968221664428711 0.31877008080482483 14.663421630859375
v -12.055606842041016 0.31877008080482483 14.663421630859375
v -12.055606842041016 0.31877008080482483 27.414220809936523
v -13.011914253234863 2.2313899993896484 14.663421630859375
v -13.968221664428711 0.31877008080482483 14.663421630859375
v -13.011914253234863 2.2313899993896484 14.663421630859375
v -13.011914253234863 2.2313899993896484 27.414220809936523
v -12.055606842041016 0.31877008080482483 27.414220809936523
v -13.968221664428711 0.31877008080482483 27.414220809936523
v -13.011914253234863 2.2313899993896484 27.414220809936523
v -13.011914253234863 2.2313899993896484 27.414220809936523
v -13.968221664428711 0.31877008080482483 27.414220809936523
v 3.564122438430786 0.31877008080482483 11.156956672668457
v 3.564122438430786 0.31877008080482483 13.069571495056152
v 3.564122438430786 2.2313899993896484 12.113264083862305
v 3.564122438430786 0.31877008080482483 13.069571495056152
v -6.636514186859131 0.31877008080482483 13.069571495056152
v 3.564122438430786 2.2313899993896484 12.113264083862305
v 3.564122438430786 0.31877008080482483 11.156956672668457
v 3.564122438430786 2.2313899993896484 12.113264083862305
v -6.636514186859131 2.2313899993896484 12.113264083862305
v -6.636514186859131 0.31877008080482483 11.156956672668457
v -6.636514186859131 0.31877008080482483 11.156956672668457
v -6.636514186859131 2.2313899993896484 12.113264083862305
v -6.636514186859131 0.31877008080482483 13.069571495056152
v -6.636514186859131 2.2313899993896484 12.113264083862305
v 3.564122438430786 0.31877008080482483 29.008071899414062
v 3.564122438430786 0.31877008080482483 30.920686721801758
v 3.564122438430786 2.2313899993896484 29.964378356933594
v 3.564122438430786 0.31877008080482483 30.920686721801758
v -6.636514186859131 0.31877008080482483 30.920686721801758
v 3.564122438430786 2.2313899993896484 29.964378356933594
v 3.564122438430786 0.31877008080482483 29.008071899414062
v 3.564122438430786 2.2313899993896484 29.964378356933594
v -6.636514186859131 2.2313899993896484 29.964378356933594
v -6.636514186859131 0.31877008080482483 29.008071899414062
v -6.636514186859131 0.31877008080482483 29.008071899414062
v -6.636514186859131 2.2313899993896484 29.964378356933594
v -6.636514186859131 0.31877008080482483 30.920686721801758
v -6.636514186859131 2.2313899993896484 29.964378356933594
v -7.911599159240723 -0.31877008080482483 14.663421630859375
v -8.676651954650879 -0.31877008080482483 14.663421630859375
v -8.676651954650879 -0.31877008080482483 20.656293869018555
v -7.911599159240723 -0.31877008080482483 20.656293869018555
v -7.911599159240723 -0.31877008080482483 14.663421630859375
v -8.676651954650879 0.31877008080482483 14.663421630859375
v -8.676651954650879 -0.31877008080482483 14.663421630859375
v -7.911599159240723 -0.31877008080482483 14.663421630859375
v -7.911599159240723 -0.31877008080482483 20.656293869018555
v -8.230376243591309 0.31877008080482483 20.656293869018555
v -9.186683654785156 2.2313899993896484 14.663421630859375
v -9.186683654785156 2.2313899993896484 27.414220809936523
v -10.142991065979004 0.31877008080482483 14.663421630859375
v -9.186683654785156 2.2313899993896484 14.663421630859375
v -10.142991065979004 0.31877008080482483 14.663421630859375
v -9.186683654785156 2.2313899993896484 14.663421630859375
v -9.186683654785156 2.2313899993896484 27.414220809936523
v -10.142991065979004 0.31877008080482483 27.414220809936523
v -8.230376243591309 0.31877008080482483 27.414220809936523
v -8.230376243591309 0.31877008080482483 27.414220809936523
v -10.142991065979004 0.31877008080482483 27.414220809936523
v -9.186683654785156 2.2313899993896484 27.414220809936523
v 7.070587635040283 0.31877008080482483 14.663421630859375
v 7.070587635040283 0.31877008080482483 27.414220809936523
v 6.114279747009277 2.2313899993896484 14.663421630859375
v 7.070587635040283 0.31877008080482483 14.663421630859375
v 6.114279747009277 2.2313899993896484 14.663421630859375
v 5.15797233581543 0.31877008080482483 14.663421630859375
v 5.15797233581543 0.31877008080482483 14.663421630859375
v 6.114279747009277 2.2313899993896484 14.663421630859375
v 6.114279747009277 2.2313899993896484 27.414220809936523
v 5.15797233581543 0.31877008080482483 27.414220809936523
v 7.070587635040283 0.31877008080482483 27.414220809936523
v 5.15797233581543 0.31877008080482483 27.414220809936523
v 6.114279747009277 2.2313899993896484 27.414220809936523
v 6.114279747009277 2.2313899993896484 27.414220809936523
v 22.690322875976562 0.31877008080482483 11.156956672668457
v 22.690322875976562 0.31877008080482483 13.069571495056152
v 22.690322875976562 2.2313899993896484 12.113264083862305
v 22.690322875976562 0.31877008080482483 13.069571495056152
v 12.489680290222168 0.31877008080482483 13.069571495056152
v 22.690322875976562 2.2313899993896484 12.113264083862305
v 22.690322875976562 0.31877008080482483 11.156956672668457
v 12.489680290222168 2.2313899993896484 12.113264083862305
v 12.489680290222168 0.31877008080482483 11.156956672668457
v 22.690322875976562 2.2313899993896484 12.113264083862305
v 12.489680290222168 2.2313899993896484 12.113264083862305
v 12.489680290222168 0.31877008080482483 11.156956672668457
v 12.489680290222168 2.2313899993896484 12.113264083862305
v 12.489680290222168 0.31877008080482483 13.069571495056152
v 22.690322875976562 0.31877008080482483 29.008071899414062
v 12.489680290222168 2.2313899993896484 29.964378356933594
v 12.489680290222168 0.31877008080482483 29.008071899414062
v 22.690322875976562 0.31877008080482483 29.008071899414062
v 22.690322875976562 0.31877008080482483 30.920686721801758
v 22.690322875976562 2.2313899993896484 29.964378356933594
v 22.690322875976562 0.31877008080482483 30.920686721801758
v 12.489680290222168 0.31877008080482483 30.920686721801758
v 22.690322875976562 2.2313899993896484 29.964378356933594
v 22.690322875976562 2.2313899993896484 29.964378356933594
v 12.489680290222168 2.2313899993896484 29.964378356933594
v 12.489680290222168 0.31877008080482483 29.008071899414062
v 12.489680290222168 2.2313899993896484 29.964378356933594
v 12.489680290222168 0.31877008080482483 30.920686721801758
v 11.214601516723633 -0.31877008080482483 14.663421630859375
v 10.449553489685059 -0.31877008080482483 14.663421630859375
v 10.449553489685059 -0.31877008080482483 20.656293869018555
v 11.214601516723633 -0.31877008080482483 20.656293869018555
v 11.214601516723633 -0.31877008080482483 14.663421630859375
v 10.449553489685059 0.31877008080482483 14.663421630859375
v 10.449553489685059 -0.31877008080482483 14.663421630859375
v 11.214601516723633 -0.31877008080482483 14.663421630859375
v 11.214601516723633 -0.31877008080482483 20.656293869018555
v 10.895830154418945 0.31877008080482483 20.656293869018555
v 9.939522743225098 2.2313899993896484 14.663421630859375
v 9.939522743225098 2.2313899993896484 27.414220809936523
v 8.983214378356934 0.31877008080482483 14.663421630859375
v 9.939522743225098 2.2313899993896484 14.663421630859375
v 8.983214378356934 0.31877008080482483 14.663421630859375
v 9.939522743225098 2.2313899993896484 14.663421630859375
v 9.939522743225098 2.2313899993896484 27.414220809936523
v 8.983214378356934 0.31877008080482483 27.414220809936523
v 10.895830154418945 0.31877008080482483 27.414220809936523
v 10.895830154418945 0.31877008080482483 27.414220809936523
v 8.983214378356934 0.31877008080482483 27.414220809936523
v 9.939522743225098 2.2313899993896484 27.414220809936523
v 26.196786880493164 0.31877008080482483 14.663421630859375
v 25.240480422973633 2.2313899993896484 14.663421630859375
v 24.28417205810547 0.31877008080482483 14.663421630859375
v 26.196786880493164 0.31877008080482483 14.663421630859375
v 26.196786880493164 0.31877008080482483 27.414220809936523
v 25.240480422973633 2.2313899993896484 14.663421630859375
v 24.28417205810547 0.31877008080482483 14.663421630859375
v 25.240480422973633 2.2313899993896484 14.663421630859375
v 25.240480422973633 2.2313899993896484 27.414220809936523
v 24.28417205810547 0.31877008080482483 27.414220809936523
v 26.196786880493164 0.31877008080482483 27.414220809936523
v 24.28417205810547 0.31877008080482483 27.414220809936523
v 25.240480422973633 2.2313899993896484 27.414220809936523
v 25.240480422973633 2.2313899993896484 27.414220809936523
v 41.816524505615234 0.31877008080482483 11.156956672668457
v 41.816524505615234 0.31877008080482483 13.069571495056152
v 41.816524505615234 2.2313899993896484 12.113264083862305
v 41.816524505615234 0.31877008080482483 13.069571495056152
v 31.615880966186523 0.31877008080482483 13.069571495056152
v 41.816524505615234 2.2313899993896484 12.113264083862305
v 41.816524505615234 0.31877008080482483 11.156956672668457
v 31.615880966186523 2.2313899993896484 12.113264083862305
v 31.615880966186523 0.31877008080482483 11.156956672668457
v 31.615880966186523 0.31877008080482483 11.156956672668457
v 31.615880966186523 2.2313899993896484 12.113264083862305
v 31.615880966186523 0.31877008080482483 13.069571495056152
v 41.816524505615234 2.2313899993896484 12.113264083862305
v 31.615880966186523 2.2313899993896484 12.113264083862305
v 41.816524505615234 0.31877008080482483 29.008071899414062
v 41.816524505615234 0.31877008080482483 30.920686721801758
v 41.816524505615234 2.2313899993896484 29.964378356933594
v 41.816524505615234 0.31877008080482483 29.008071899414062
v 31.615880966186523 2.2313899993896484 29.964378356933594
v 31.615880966186523 0.31877008080482483 29.008071899414062
v 41.816524505615234 0.31877008080482483 30.920686721801758
v 31.615880966186523 0.31877008080482483 30.920686721801758
v 41.816524505615234 2.2313899993896484 29.964378356933594
v 31.615880966186523 0.31877008080482483 29.008071899414062
v 31.615880966186523 2.2313899993896484 29.964378356933594
v 31.615880966186523 0.31877008080482483 30.920686721801758
v 41.816524505615234 2.2313899993896484 29.964378356933594
v 31.615880966186523 2.2313899993896484 29.964378356933594
v 30.340801239013672 -0.31877008080482483 14.663421630859375
v 29.575754165649414 -0.31877008080482483 14.663421630859375
v 29.575754165649414 -0.31877008080482483 20.656293869018555
v 30.340801239013672 -0.31877008080482483 20.656293869018555
v 30.340801239013672 -0.31877008080482483 14.663421630859375
v 29.575754165649414 0.31877008080482483 14.663421630859375
v 29.575754165649414 -0.31877008080482483 14.663421630859375
v 30.340801239013672 -0.31877008080482483 14.663421630859375
v 30.340801239013672 -0.31877008080482483 20.656293869018555
v 30.022029876708984 0.31877008080482483 20.656293869018555
v 29.065723419189453 2.2313899993896484 14.663421630859375
v 29.065723419189453 2.2313899993896484 27.414220809936523
v 28.10941505432129 0.31877008080482483 14.663421630859375
v 29.065723419189453 2.2313899993896484 14.663421630859375
v 28.10941505432129 0.31877008080482483 14.663421630859375
v 29.065723419189453 2.2313899993896484 14.663421630859375
v 29.065723419189453 2.2313899993896484 27.414220809936523
v 28.10941505432129 0.31877008080482483 27.414220809936523
v 30.022029876708984 0.31877008080482483 27.414220809936523
v 30.022029876708984 0.31877008080482483 27.414220809936523
v 28.10941505432129 0.31877008080482483 27.414220809936523
v 29.065723419189453 2.2313899993896484 27.414220809936523
v 45.3229866027832 0.31877008080482483 14.663421630859375
v 44.36668014526367 2.2313899993896484 14.663421630859375
v 43.41037368774414 0.31877008080482483 14.663421630859375
v 45.3229866027832 0.31877008080482483 14.663421630859375
v 45.3229866027832 0.31877008080482483 27.414220809936523
v 44.36668014526367 2.2313899993896484 14.663421630859375
v 43.41037368774414 0.31877008080482483 14.663421630859375
v 44.36668014526367 2.2313899993896484 14.663421630859375
v 44.36668014526367 2.2313899993896484 27.414220809936523
v 43.41037368774414 0.31877008080482483 27.414220809936523
v 45.3229866027832 0.31877008080482483 27.414220809936523
v 43.41037368774414 0.31877008080482483 27.414220809936523
v 44.36668014526367 2.2313899993896484 27.414220809936523
v 44.36668014526367 2.2313899993896484 27.414220809936523
v 60.94272994995117 0.31877008080482483 11.156956672668457
v 60.94272994995117 0.31877008080482483 13.069571495056152
v 60.94272994995117 2.2313899993896484 12.113264083862305
v 60.94272994995117 0.31877008080482483 13.069571495056152
v 50.742088317871094 0.31877008080482483 13.069571495056152
v 60.94272994995117 2.2313899993896484 12.113264083862305
v 60.94272994995117 0.31877008080482483 11.156956672668457
v 50.742088317871094 2.2313899993896484 12.113264083862305
v 50.742088317871094 0.31877008080482483 11.156956672668457
v 60.94272994995117 2.2313899993896484 12.113264083862305
v 50.742088317871094 2.2313899993896484 12.113264083862305
v 50.742088317871094 0.31877008080482483 11.156956672668457
v 50.742088317871094 2.2313899993896484 12.113264083862305
v 50.742088317871094 0.31877008080482483 13.069571495056152
v 60.94272994995117 0.31877008080482483 29.008071899414062
v 50.742088317871094 2.2313899993896484 29.964378356933594
v 50.742088317871094 0.31877008080482483 29.008071899414062
v 60.94272994995117 0.31877008080482483 29.008071899414062
v 60.94272994995117 0.31877008080482483 30.920686721801758
v 60.94272994995117 2.2313899993896484 29.964378356933594
v 60.94272994995117 0.31877008080482483 30.920686721801758
v 50.742088317871094 0.31877008080482483 30.920686721801758
v 60.94272994995117 2.2313899993896484 29.964378356933594
v 60.94272994995117 2.2313899993896484 29.964378356933594
v 50.742088317871094 2.2313899993896484 29.964378356933594
v 50.742088317871094 0.31877008080482483 29.008071899414062
v 50.742088317871094 2.2313899993896484 29.964378356933594
v 50.742088317871094 0.31877008080482483 30.920686721801758
v 49.467002868652344 -0.31877008080482483 14.663421630859375
v 48.70195770263672 -0.31877008080482483 14.663421630859375
v 48.70195770263672 -0.31877008080482483 20.656293869018555
v 49.467002868652344 -0.31877008080482483 20.656293869018555
v 49.467002868652344 -0.31877008080482483 14.663421630859375
v 48.70195770263672 0.31877008080482483 14.663421630859375
v 48.70195770263672 -0.31877008080482483 14.663421630859375
v 49.467002868652344 -0.31877008080482483 14.663421630859375
v 49.467002868652344 -0.31877008080482483 20.656293869018555
v 49.148231506347656 0.31877008080482483 20.656293869018555
v 48.19192123413086 2.2313899993896484 14.663421630859375
v 48.19192123413086 2.2313899993896484 27.414220809936523
v 47.23561477661133 0.31877008080482483 14.663421630859375
v 48.19192123413086 2.2313899993896484 14.663421630859375
v 47.23561477661133 0.31877008080482483 14.663421630859375
v 48.19192123413086 2.2313899993896484 14.663421630859375
v 48.19192123413086 2.2313899993896484 27.414220809936523
v 47.23561477661133 0.31877008080482483 27.414220809936523
v 49.148231506347656 0.31877008080482483 27.414220809936523
v 49.148231506347656 0.31877008080482483 27.414220809936523
v 47.23561477661133 0.31877008080482483 27.414220809936523
v 48.19192123413086 2.2313899993896484 27.414220809936523
v 64.4491958618164 0.31877008080482483 14.663421630859375
v 63.49288558959961 2.2313899993896484 14.663421630859375
v 62.53657913208008 0.31877008080482483 14.663421630859375
v 64.4491958618164 0.31877008080482483 14.663421630859375
v 64.4491958618164 0.31877008080482483 27.414220809936523
v 63.49288558959961 2.2313899993896484 14.663421630859375
v 62.53657913208008 0.31877008080482483 14.663421630859375
v 63.49288558959961 2.2313899993896484 14.663421630859375
v 63.49288558959961 2.2313899993896484 27.414220809936523
v 62.53657913208008 0.31877008080482483 27.414220809936523
v 64.4491958618164 0.31877008080482483 27.414220809936523
v 62.53657913208008 0.31877008080482483 27.414220809936523
v 63.49288558959961 2.2313899993896484 27.414220809936523
v 63.49288558959961 2.2313899993896484 27.414220809936523
v 80.06892395019531 0.31877008080482483 11.156956672668457
v 80.06892395019531 0.31877008080482483 13.069571495056152
v 80.06892395019531 2.2313899993896484 12.113264083862305
v 80.06892395019531 0.31877008080482483 13.069571495056152
v 69.8682861328125 0.31877008080482483 13.069571495056152
v 80.06892395019531 2.2313899993896484 12.113264083862305
v 80.06892395019531 0.31877008080482483 11.156956672668457
v 69.8682861328125 2.2313899993896484 12.113264083862305
v 69.8682861328125 0.31877008080482483 11.156956672668457
v 69.8682861328125 0.31877008080482483 11.156956672668457
v 69.8682861328125 2.2313899993896484 12.113264083862305
v 69.8682861328125 0.31877008080482483 13.069571495056152
v 80.06892395019531 2.2313899993896484 12.113264083862305
v 69.8682861328125 2.2313899993896484 12.113264083862305
v 80.06892395019531 0.31877008080482483 29.008071899414062
v 69.8682861328125 2.2313899993896484 29.964378356933594
v 69.8682861328125 0.31877008080482483 29.008071899414062
v 80.06892395019531 0.31877008080482483 29.008071899414062
v 80.06892395019531 0.31877008080482483 30.920686721801758
v 80.06892395019531 2.2313899993896484 29.964378356933594
v 80.06892395019531 0.31877008080482483 30.920686721801758
v 69.8682861328125 0.31877008080482483 30.920686721801758
v 80.06892395019531 2.2313899993896484 29.964378356933594
v 69.8682861328125 0.31877008080482483 29.008071899414062
v 69.8682861328125 2.2313899993896484 29.964378356933594
v 69.8682861328125 0.31877008080482483 30.920686721801758
v 80.06892395019531 2.2313899993896484 29.964378356933594
v 69.8682861328125 2.2313899993896484 29.964378356933594
v 68.59320068359375 -0.31877008080482483 14.663421630859375
v 67.82816314697266 -0.31877008080482483 14.663421630859375
v 67.82816314697266 -0.31877008080482483 20.656293869018555
v 68.59320068359375 -0.31877008080482483 20.656293869018555
v 68.59320068359375 -0.31877008080482483 14.663421630859375
v 67.82816314697266 0.31877008080482483 14.663421630859375
v 67.82816314697266 -0.31877008080482483 14.663421630859375
v 68.59320068359375 -0.31877008080482483 14.663421630859375
v 68.59320068359375 -0.31877008080482483 20.656293869018555
v 68.27442932128906 0.31877008080482483 20.656293869018555
v 67.31812286376953 2.2313899993896484 14.663421630859375
v 67.31812286376953 2.2313899993896484 27.414220809936523
v 67.31812286376953 2.2313899993896484 14.663421630859375
v 66.36181640625 0.31877008080482483 14.663421630859375
v 66.36181640625 0.31877008080482483 14.663421630859375
v 67.31812286376953 2.2313899993896484 14.663421630859375
v 67.31812286376953 2.2313899993896484 27.414220809936523
v 68.27442932128906 0.31877008080482483 27.414220809936523
v 68.27442932128906 0.31877008080482483 27.414220809936523
v 66.36181640625 0.31877008080482483 27.414220809936523
v 67.31812286376953 2.2313899993896484 27.414220809936523
v 66.36181640625 0.31877008080482483 27.414220809936523
v 83.57539367675781 0.31877008080482483 14.663421630859375
v 82.61908721923828 2.2313899993896484 14.663421630859375
v 81.66277313232422 0.31877008080482483 14.663421630859375
v 83.57539367675781 0.31877008080482483 14.663421630859375
v 83.57539367675781 0.31877008080482483 27.414220809936523
v 82.61908721923828 2.2313899993896484 14.663421630859375
v 81.66277313232422 0.31877008080482483 14.663421630859375
v 82.61908721923828 2.2313899993896484 14.663421630859375
v 82.61908721923828 2.2313899993896484 27.414220809936523
v 81.66277313232422 0.31877008080482483 27.414220809936523
v 83.57539367675781 0.31877008080482483 27.414220809936523
v 81.66277313232422 0.31877008080482483 27.414220809936523
v 82.61908721923828 2.2313899993896484 27.414220809936523
v 82.61908721923828 2.2313899993896484 27.414220809936523
v -72.94068145751953 0.31877008080482483 -10.519401550292969
v -83.14132690429688 2.2313899993896484 -9.563094139099121
v -83.14132690429688 0.31877008080482483 -10.519401550292969
v -72.94068145751953 0.31877008080482483 -10.519401550292969
v -72.94068145751953 0.31877008080482483 -8.606786727905273
v -72.94068145751953 2.2313899993896484 -9.563094139099121
v -72.94068145751953 0.31877008080482483 -8.606786727905273
v -83.14132690429688 0.31877008080482483 -8.606786727905273
v -72.94068145751953 2.2313899993896484 -9.563094139099121
v -72.94068145751953 2.2313899993896484 -9.563094139099121
v -83.14132690429688 2.2313899993896484 -9.563094139099121
v -83.14132690429688 0.31877008080482483 -10.519401550292969
v -83.14132690429688 2.2313899993896484 -9.563094139099121
v -83.14132690429688 0.31877008080482483 -8.606786727905273
v -72.94068145751953 0.31877008080482483 7.331713676452637
v -72.94068145751953 0.31877008080482483 9.244328498840332
v -72.94068145751953 2.2313899993896484 8.288021087646484
v -72.94068145751953 0.31877008080482483 9.244328498840332
v -83.14132690429688 0.31877008080482483 9.244328498840332
v -72.94068145751953 2.2313899993896484 8.288021087646484
v -72.94068145751953 0.31877008080482483 7.331713676452637
v -83.14132690429688 2.2313899993896484 8.288021087646484
v -83.14132690429688 0.31877008080482483 7.331713676452637
v -72.94068145751953 2.2313899993896484 8.288021087646484
v -83.14132690429688 2.2313899993896484 8.288021087646484
v -83.14132690429688 0.31877008080482483 7.331713676452637
v -83.14132690429688 2.2313899993896484 8.288021087646484
v -83.14132690429688 0.31877008080482483 9.244328498840332
v -84.41639709472656 -0.31877008080482483 -7.012936592102051
v -85.18144989013672 -0.31877008080482483 -7.012936592102051
v -85.18144989013672 -0.31877008080482483 -1.020063042640686
v -84.41639709472656 -0.31877008080482483 -1.020063042640686
v -84.41639709472656 -0.31877008080482483 -7.012936592102051
v -85.18144989013672 0.31877008080482483 -7.012936592102051
v -85.18144989013672 -0.31877008080482483 -7.012936592102051
v -84.41639709472656 -0.31877008080482483 -7.012936592102051
v -84.41639709472656 -0.31877008080482483 -1.020063042640686
v -84.73517608642578 0.31877008080482483 -1.020063042640686
v -85.69148254394531 2.2313899993896484 -7.012936592102051
v -85.69148254394531 2.2313899993896484 5.737863540649414
v -85.23542022705078 0.31877008080482483 -7.012936592102051
v -86.64778900146484 0.31877008080482483 -7.012936592102051
v -85.69148254394531 2.2313899993896484 -7.012936592102051
v -86.64778900146484 0.31877008080482483 -7.012936592102051
v -85.69148254394531 2.2313899993896484 -7.012936592102051
v -85.69148254394531 2.2313899993896484 5.737863540649414
v -86.64778900146484 0.31877008080482483 5.737863540649414
v -84.73517608642578 0.31877008080482483 5.737863540649414
v -84.73517608642578 0.31877008080482483 5.737863540649414
v -86.64778900146484 0.31877008080482483 5.737863540649414
v -85.69148254394531 2.2313899993896484 5.737863540649414
v -69.4342041015625 0.31877008080482483 -7.012936592102051
v -70.39051818847656 2.2313899993896484 -7.012936592102051
v -71.3468246459961 0.31877008080482483 -7.012936592102051
v -69.4342041015625 0.31877008080482483 -7.012936592102051
v -69.4342041015625 0.31877008080482483 5.737863540649414
v -70.39051818847656 2.2313899993896484 -7.012936592102051
v -71.3468246459961 0.31877008080482483 -7.012936592102051
v -70.39051818847656 2.2313899993896484 -7.012936592102051
v -70.39051818847656 2.2313899993896484 5.737863540649414
v -71.3468246459961 0.31877008080482483 5.737863540649414
v -69.4342041015625 0.31877008080482483 5.737863540649414
v -71.3468246459961 0.31877008080482483 5.737863540649414
v -70.39051818847656 2.2313899993896484 5.737863540649414
v -70.39051818847656 2.2313899993896484 5.737863540649414
v -53.814483642578125 0.31877008080482483 -10.519401550292969
v -53.814483642578125 0.31877008080482483 -8.606786727905273
v -53.814483642578125 2.2313899993896484 -9.563094139099121
v -53.814483642578125 0.31877008080482483 -10.519401550292969
v -64.01512908935547 2.2313899993896484 -9.563094139099121
v -64.01512908935547 0.31877008080482483 -10.519401550292969
v -53.814483642578125 0.31877008080482483 -8.606786727905273
v -64.01512908935547 0.31877008080482483 -8.606786727905273
v -53.814483642578125 2.2313899993896484 -9.563094139099121
v -64.01512908935547 0.31877008080482483 -10.519401550292969
v -64.01512908935547 2.2313899993896484 -9.563094139099121
v -64.01512908935547 0.31877008080482483 -8.606786727905273
v -53.814483642578125 2.2313899993896484 -9.563094139099121
v -64.01512908935547 2.2313899993896484 -9.563094139099121
v -53.814483642578125 0.31877008080482483 7.331713676452637
v -53.814483642578125 0.31877008080482483 9.244328498840332
v -53.814483642578125 2.2313899993896484 8.288021087646484
v -53.814483642578125 0.31877008080482483 9.244328498840332
v -64.01512908935547 0.31877008080482483 9.244328498840332
v -53.814483642578125 2.2313899993896484 8.288021087646484
v -53.814483642578125 0.31877008080482483 7.331713676452637
v -64.01512908935547 2.2313899993896484 8.288021087646484
v -64.01512908935547 0.31877008080482483 7.331713676452637
v -64.01512908935547 0.31877008080482483 7.331713676452637
v -64.01512908935547 2.2313899993896484 8.288021087646484
v -64.01512908935547 0.31877008080482483 9.244328498840332
v -53.814483642578125 2.2313899993896484 8.288021087646484
v -64.01512908935547 2.2313899993896484 8.288021087646484
v -65.29019927978516 -0.31877008080482483 -7.012936592102051
v -66.05525207519531 -0.31877008080482483 -7.012936592102051
v -66.05525207519531 -0.31877008080482483 -1.020063042640686
v -65.29019927978516 -0.31877008080482483 -1.020063042640686
v -65.29019927978516 -0.31877008080482483 -7.012936592102051
v -66.05525207519531 0.31877008080482483 -7.012936592102051
v -66.05525207519531 -0.31877008080482483 -7.012936592102051
v -65.29019927978516 -0.31877008080482483 -7.012936592102051
v -65.29019927978516 -0.31877008080482483 -1.020063042640686
v -65.60897827148438 0.31877008080482483 -1.020063042640686
v -66.5652847290039 2.2313899993896484 -7.012936592102051
v -66.5652847290039 2.2313899993896484 5.737863540649414
v -67.52159118652344 0.31877008080482483 -7.012936592102051
v -66.5652847290039 2.2313899993896484 -7.012936592102051
v -67.52159118652344 0.31877008080482483 -7.012936592102051
v -66.5652847290039 2.2313899993896484 -7.012936592102051
v -66.5652847290039 2.2313899993896484 5.737863540649414
v -67.52159118652344 0.31877008080482483 5.737863540649414
v -65.60897827148438 0.31877008080482483 5.737863540649414
v -65.60897827148438 0.31877008080482483 5.737863540649414
v -67.52159118652344 0.31877008080482483 5.737863540649414
v -66.5652847290039 2.2313899993896484 5.737863540649414
v -50.308006286621094 0.31877008080482483 -7.012936592102051
v -51.264312744140625 2.2313899993896484 -7.012936592102051
v -52.22062301635742 0.31877008080482483 -7.012936592102051
v -50.308006286621094 0.31877008080482483 -7.012936592102051
v -50.308006286621094 0.31877008080482483 5.737863540649414
v -51.264312744140625 2.2313899993896484 -7.012936592102051
v -52.22062301635742 0.31877008080482483 -7.012936592102051
v -51.264312744140625 2.2313899993896484 -7.012936592102051
v -51.264312744140625 2.2313899993896484 5.737863540649414
v -52.22062301635742 0.31877008080482483 5.737863540649414
v -50.308006286621094 0.31877008080482483 5.737863540649414
v -52.22062301635742 0.31877008080482483 5.737863540649414
v -51.264312744140625 2.2313899993896484 5.737863540649414
v -51.264312744140625 2.2313899993896484 5.737863540649414
v -34.68828582763672 0.31877008080482483 -10.519401550292969
v -34.68828582763672 0.31877008080482483 -8.606786727905273
v -34.68828582763672 2.2313899993896484 -9.563094139099121
v -34.68828582763672 0.31877008080482483 -8.606786727905273
v -44.8889274597168 0.31877008080482483 -8.606786727905273
v -34.68828582763672 2.2313899993896484 -9.563094139099121
v -34.68828582763672 0.31877008080482483 -10.519401550292969
v -34.68828582763672 2.2313899993896484 -9.563094139099121
v -44.8889274597168 2.2313899993896484 -9.563094139099121
v -44.8889274597168 0.31877008080482483 -10.519401550292969
v -44.8889274597168 0.31877008080482483 -10.519401550292969
v -44.8889274597168 2.2313899993896484 -9.563094139099121
v -44.8889274597168 0.31877008080482483 -8.606786727905273
v -44.8889274597168 2.2313899993896484 -9.563094139099121
v -34.68828582763672 0.31877008080482483 7.331713676452637
v -34.68828582763672 0.31877008080482483 9.244328498840332
v -34.68828582763672 2.2313899993896484 8.288021087646484
v -34.68828582763672 0.31877008080482483 9.244328498840332
v -44.8889274597168 0.31877008080482483 9.244328498840332
v -34.68828582763672 2.2313899993896484 8.288021087646484
v -34.68828582763672 0.31877008080482483 7.331713676452637
v -34.68828582763672 2.2313899993896484 8.288021087646484
v -44.8889274597168 2.2313899993896484 8.288021087646484
v -44.8889274597168 0.31877008080482483 7.331713676452637
v -44.8889274597168 0.31877008080482483 7.331713676452637
v -44.8889274597168 2.2313899993896484 8.288021087646484
v -44.8889274597168 0.31877008080482483 9.244328498840332
v -44.8889274597168 2.2313899993896484 8.288021087646484
v -46.163997650146484 -0.31877008080482483 -7.012936592102051
v -46.929054260253906 -0.31877008080482483 -7.012936592102051
v -46.929054260253906 -0.31877008080482483 -1.020063042640686
v -46.163997650146484 -0.31877008080482483 -1.020063042640686
v -46.163997650146484 -0.31877008080482483 -7.012936592102051
v -46.929054260253906 0.31877008080482483 -7.012936592102051
v -46.929054260253906 -0.31877008080482483 -7.012936592102051
v -46.163997650146484 -0.31877008080482483 -7.012936592102051
v -46.163997650146484 -0.31877008080482483 -1.020063042640686
v -46.4827766418457 0.31877008080482483 -1.020063042640686
v -47.439083099365234 2.2313899993896484 -7.012936592102051
v -47.439083099365234 2.2313899993896484 5.737863540649414
v -48.39539337158203 0.31877008080482483 -7.012936592102051
v -47.439083099365234 2.2313899993896484 -7.012936592102051
v -48.39539337158203 0.31877008080482483 -7.012936592102051
v -47.439083099365234 2.2313899993896484 -7.012936592102051
v -47.439083099365234 2.2313899993896484 5.737863540649414
v -46.4827766418457 0.31877008080482483 5.737863540649414
v -48.39539337158203 0.31877008080482483 5.737863540649414
v -46.4827766418457 0.31877008080482483 5.737863540649414
v -48.39539337158203 0.31877008080482483 5.737863540649414
v -47.439083099365234 2.2313899993896484 5.737863540649414
v -31.181806564331055 0.31877008080482483 -7.012936592102051
v -32.13811492919922 2.2313899993896484 -7.012936592102051
v -33.09442138671875 0.31877008080482483 -7.012936592102051
v -31.181806564331055 0.31877008080482483 -7.012936592102051
v -31.181806564331055 0.31877008080482483 5.737863540649414
v -32.13811492919922 2.2313899993896484 -7.012936592102051
v -33.09442138671875 0.31877008080482483 -7.012936592102051
v -32.13811492919922 2.2313899993896484 -7.012936592102051
v -32.13811492919922 2.2313899993896484 5.737863540649414
v -33.09442138671875 0.31877008080482483 5.737863540649414
v -31.181806564331055 0.31877008080482483 5.737863540649414
v -33.09442138671875 0.31877008080482483 5.737863540649414
v -32.13811492919922 2.2313899993896484 5.737863540649414
v -32.13811492919922 2.2313899993896484 5.737863540649414
v -15.562084197998047 0.31877008080482483 -10.519401550292969
v -25.762725830078125 2.2313899993896484 -9.563094139099121
v -25.762725830078125 0.31877008080482483 -10.519401550292969
v -15.562084197998047 0.31877008080482483 -10.519401550292969
v -15.562084197998047 0.31877008080482483 -8.606786727905273
v -15.562084197998047 2.2313899993896484 -9.563094139099121
v -15.562084197998047 0.31877008080482483 -8.606786727905273
v -25.762725830078125 0.31877008080482483 -8.606786727905273
v -15.562084197998047 2.2313899993896484 -9.563094139099121
v -25.762725830078125 0.31877008080482483 -10.519401550292969
v -25.762725830078125 2.2313899993896484 -9.563094139099121
v -25.762725830078125 0.31877008080482483 -8.606786727905273
v -15.562084197998047 2.2313899993896484 -9.563094139099121
v -25.762725830078125 2.2313899993896484 -9.563094139099121
v -15.562084197998047 0.31877008080482483 7.331713676452637
v -15.562084197998047 0.31877008080482483 9.244328498840332
v -15.562084197998047 2.2313899993896484 8.288021087646484
v -15.562084197998047 0.31877008080482483 9.244328498840332
v -25.762725830078125 0.31877008080482483 9.244328498840332
v -15.562084197998047 2.2313899993896484 8.288021087646484
v -15.562084197998047 0.31877008080482483 7.331713676452637
v -25.762725830078125 2.2313899993896484 8.288021087646484
v -25.762725830078125 0.31877008080482483 7.331713676452637
v -25.762725830078125 0.31877008080482483 7.331713676452637
v -25.762725830078125 2.2313899993896484 8.288021087646484
v -25.762725830078125 0.31877008080482483 9.244328498840332
v -15.562084197998047 2.2313899993896484 8.288021087646484
v -25.762725830078125 2.2313899993896484 8.288021087646484
v -27.037799835205078 -0.31877008080482483 -7.012936592102051
v -27.802852630615234 -0.31877008080482483 -7.012936592102051
v -27.802852630615234 -0.31877008080482483 -1.020063042640686
v -27.037799835205078 -0.31877008080482483 -1.020063042640686
v -27.037799835205078 -0.31877008080482483 -7.012936592102051
v -27.802852630615234 0.31877008080482483 -7.012936592102051
v -27.802852630615234 -0.31877008080482483 -7.012936592102051
v -27.037799835205078 -0.31877008080482483 -7.012936592102051
v -27.037799835205078 -0.31877008080482483 -1.020063042640686
v -27.356576919555664 0.31877008080482483 -1.020063042640686
v -28.312883377075195 2.2313899993896484 -7.012936592102051
v -28.312883377075195 2.2313899993896484 5.737863540649414
v -29.26919174194336 0.31877008080482483 -7.012936592102051
v -28.312883377075195 2.2313899993896484 -7.012936592102051
v -29.26919174194336 0.31877008080482483 -7.012936592102051
v -28.312883377075195 2.2313899993896484 -7.012936592102051
v -28.312883377075195 2.2313899993896484 5.737863540649414
v -29.26919174194336 0.31877008080482483 5.737863540649414
v -27.356576919555664 0.31877008080482483 5.737863540649414
v -27.356576919555664 0.31877008080482483 5.737863540649414
v -29.26919174194336 0.31877008080482483 5.737863540649414
v -28.312883377075195 2.2313899993896484 5.737863540649414
v -12.055606842041016 0.31877008080482483 -7.012936592102051
v -13.011914253234863 2.2313899993896484 -7.012936592102051
v -13.968221664428711 0.31877008080482483 -7.012936592102051
v -12.055606842041016 0.31877008080482483 -7.012936592102051
v -12.055606842041016 0.31877008080482483 5.737863540649414
v -13.011914253234863 2.2313899993896484 -7.012936592102051
v -13.968221664428711 0.31877008080482483 -7.012936592102051
v -13.011914253234863 2.2313899993896484 -7.012936592102051
v -13.011914253234863 2.2313899993896484 5.737863540649414
v -12.055606842041016 0.31877008080482483 5.737863540649414
v -13.968221664428711 0.31877008080482483 5.737863540649414
v -13.011914253234863 2.2313899993896484 5.737863540649414
v -13.011914253234863 2.2313899993896484 5.737863540649414
v -13.968221664428711 0.31877008080482483 5.737863540649414
v 3.564122438430786 0.31877008080482483 -10.519401550292969
v 3.564122438430786 0.31877008080482483 -8.606786727905273
v 3.564122438430786 2.2313899993896484 -9.563094139099121
v 3.564122438430786 0.31877008080482483 -8.606786727905273
v -6.636514186859131 0.31877008080482483 -8.606786727905273
v 3.564122438430786 2.2313899993896484 -9.563094139099121
v 3.564122438430786 0.31877008080482483 -10.519401550292969
v 3.564122438430786 2.2313899993896484 -9.563094139099121
v -6.636514186859131 2.2313899993896484 -9.563094139099121
v -6.636514186859131 0.31877008080482483 -10.519401550292969
v -6.636514186859131 0.31877008080482483 -10.519401550292969
v -6.636514186859131 2.2313899993896484 -9.563094139099121
v -6.636514186859131 0.31877008080482483 -8.606786727905273
v -6.636514186859131 2.2313899993896484 -9.563094139099121
v 3.564122438430786 0.31877008080482483 7.331713676452637
v 3.564122438430786 0.31877008080482483 9.244328498840332
v 3.564122438430786 2.2313899993896484 8.288021087646484
v 3.564122438430786 0.31877008080482483 9.244328498840332
v -6.636514186859131 0.31877008080482483 9.244328498840332
v 3.564122438430786 2.2313899993896484 8.288021087646484
v 3.564122438430786 0.31877008080482483 7.331713676452637
v 3.564122438430786 2.2313899993896484 8.288021087646484
v -6.636514186859131 2.2313899993896484 8.288021087646484
v -6.636514186859131 0.31877008080482483 7.331713676452637
v -6.636514186859131 0.31877008080482483 7.331713676452637
v -6.636514186859131 2.2313899993896484 8.288021087646484
v -6.636514186859131 0.31877008080482483 9.244328498840332
v -6.636514186859131 2.2313899993896484 8.288021087646484
v -7.911599159240723 -0.31877008080482483 -7.012936592102051
v -8.676651954650879 -0.31877008080482483 -7.012936592102051
v -8.676651954650879 -0.31877008080482483 -1.020063042640686
v -7.911599159240723 -0.31877008080482483 -1.020063042640686
v -7.911599159240723 -0.31877008080482483 -7.012936592102051
v -8.676651954650879 0.31877008080482483 -7.012936592102051
v -8.676651954650879 -0.31877008080482483 -7.012936592102051
v -7.911599159240723 -0.31877008080482483 -7.012936592102051
v -7.911599159240723 -0.31877008080482483 -1.020063042640686
v -8.230376243591309 0.31877008080482483 -1.020063042640686
v -9.186683654785156 2.2313899993896484 -7.012936592102051
v -9.186683654785156 2.2313899993896484 5.737863540649414
v -10.142991065979004 0.31877008080482483 -7.012936592102051
v -9.186683654785156 2.2313899993896484 -7.012936592102051
v -10.142991065979004 0.31877008080482483 -7.012936592102051
v -9.186683654785156 2.2313899993896484 -7.012936592102051
v -9.186683654785156 2.2313899993896484 5.737863540649414
v -10.142991065979004 0.31877008080482483 5.737863540649414
v -8.230376243591309 0.31877008080482483 5.737863540649414
v -8.230376243591309 0.31877008080482483 5.737863540649414
v -10.142991065979004 0.31877008080482483 5.737863540649414
v -9.186683654785156 2.2313899993896484 5.737863540649414
v 7.070587635040283 0.31877008080482483 -7.012936592102051
v 7.070587635040283 0.31877008080482483 5.737863540649414
v 6.114279747009277 2.2313899993896484 -7.012936592102051
v 7.070587635040283 0.31877008080482483 -7.012936592102051
v 6.114279747009277 2.2313899993896484 -7.012936592102051
v 5.15797233581543 0.31877008080482483 -7.012936592102051
v 5.15797233581543 0.31877008080482483 -7.012936592102051
v 6.114279747009277 2.2313899993896484 -7.012936592102051
v 6.114279747009277 2.2313899993896484 5.737863540649414
v 5.15797233581543 0.31877008080482483 5.737863540649414
v 7.070587635040283 0.31877008080482483 5.737863540649414
v 5.15797233581543 0.31877008080482483 5.737863540649414
v 6.114279747009277 2.2313899993896484 5.737863540649414
v 6.114279747009277 2.2313899993896484 5.737863540649414
v 22.690322875976562 0.31877008080482483 -10.519401550292969
v 12.489680290222168 2.2313899993896484 -9.563094139099121
v 12.489680290222168 0.31877008080482483 -10.519401550292969
v 22.690322875976562 0.31877008080482483 -10.519401550292969
v 22.690322875976562 0.31877008080482483 -8.606786727905273
v 22.690322875976562 2.2313899993896484 -9.563094139099121
v 22.690322875976562 0.31877008080482483 -8.606786727905273
v 12.489680290222168 0.31877008080482483 -8.606786727905273
v 22.690322875976562 2.2313899993896484 -9.563094139099121
v 22.690322875976562 2.2313899993896484 -9.563094139099121
v 12.489680290222168 2.2313899993896484 -9.563094139099121
v 12.489680290222168 0.31877008080482483 -10.519401550292969
v 12.489680290222168 2.2313899993896484 -9.563094139099121
v 12.489680290222168 0.31877008080482483 -8.606786727905273
v 22.690322875976562 0.31877008080482483 7.331713676452637
v 22.690322875976562 0.31877008080482483 9.244328498840332
v 22.690322875976562 2.2313899993896484 8.288021087646484
v 22.690322875976562 0.31877008080482483 9.244328498840332
v 12.489680290222168 0.31877008080482483 9.244328498840332
v 22.690322875976562 2.2313899993896484 8.288021087646484
v 22.690322875976562 0.31877008080482483 7.331713676452637
v 12.489680290222168 2.2313899993896484 8.288021087646484
v 12.489680290222168 0.31877008080482483 7.331713676452637
v 22.690322875976562 2.2313899993896484 8.288021087646484
v 12.489680290222168 2.2313899993896484 8.288021087646484
v 12.489680290222168 0.31877008080482483 7.331713676452637
v 12.489680290222168 2.2313899993896484 8.288021087646484
v 12.489680290222168 0.31877008080482483 9.244328498840332
v 11.214601516723633 -0.31877008080482483 -7.012936592102051
v 10.449553489685059 -0.31877008080482483 -7.012936592102051
v 10.449553489685059 -0.31877008080482483 -1.020063042640686
v 11.214601516723633 -0.31877008080482483 -1.020063042640686
v 11.214601516723633 -0.31877008080482483 -7.012936592102051
v 10.449553489685059 0.31877008080482483 -7.012936592102051
v 10.449553489685059 -0.31877008080482483 -7.012936592102051
v 11.214601516723633 -0.31877008080482483 -7.012936592102051
v 11.214601516723633 -0.31877008080482483 -1.020063042640686
v 10.895830154418945 0.31877008080482483 -1.020063042640686
v 9.939522743225098 2.2313899993896484 -7.012936592102051
v 9.939522743225098 2.2313899993896484 5.737863540649414
v 8.983214378356934 0.31877008080482483 -7.012936592102051
v 9.939522743225098 2.2313899993896484 -7.012936592102051
v 8.983214378356934 0.31877008080482483 -7.012936592102051
v 9.939522743225098 2.2313899993896484 -7.012936592102051
v 9.939522743225098 2.2313899993896484 5.737863540649414
v 10.895830154418945 0.31877008080482483 5.737863540649414
v 8.983214378356934 0.31877008080482483 5.737863540649414
v 10.895830154418945 0.31877008080482483 5.737863540649414
v 8.983214378356934 0.31877008080482483 5.737863540649414
v 9.939522743225098 2.2313899993896484 5.737863540649414
v 26.196786880493164 0.31877008080482483 -7.012936592102051
v 25.240480422973633 2.2313899993896484 -7.012936592102051
v 24.28417205810547 0.31877008080482483 -7.012936592102051
v 26.196786880493164 0.31877008080482483 -7.012936592102051
v 26.196786880493164 0.31877008080482483 5.737863540649414
v 25.240480422973633 2.2313899993896484 -7.012936592102051
v 24.28417205810547 0.31877008080482483 -7.012936592102051
v 25.240480422973633 2.2313899993896484 -7.012936592102051
v 25.240480422973633 2.2313899993896484 5.737863540649414
v 24.28417205810547 0.31877008080482483 5.737863540649414
v 26.196786880493164 0.31877008080482483 5.737863540649414
v 24.28417205810547 0.31877008080482483 5.737863540649414
v 25.240480422973633 2.2313899993896484 5.737863540649414
v 25.240480422973633 2.2313899993896484 5.737863540649414
v 41.816524505615234 0.31877008080482483 -10.519401550292969
v 41.816524505615234 0.31877008080482483 -8.606786727905273
v 41.816524505615234 2.2313899993896484 -9.563094139099121
v 41.816524505615234 0.31877008080482483 -10.519401550292969
v 31.615880966186523 2.2313899993896484 -9.563094139099121
v 31.615880966186523 0.31877008080482483 -10.519401550292969
v 41.816524505615234 0.31877008080482483 -8.606786727905273
v 31.615880966186523 0.31877008080482483 -8.606786727905273
v 41.816524505615234 2.2313899993896484 -9.563094139099121
v 31.615880966186523 0.31877008080482483 -10.519401550292969
v 31.615880966186523 2.2313899993896484 -9.563094139099121
v 31.615880966186523 0.31877008080482483 -8.606786727905273
v 41.816524505615234 2.2313899993896484 -9.563094139099121
v 31.615880966186523 2.2313899993896484 -9.563094139099121
v 41.816524505615234 0.31877008080482483 7.331713676452637
v 41.816524505615234 0.31877008080482483 9.244328498840332
v 41.816524505615234 2.2313899993896484 8.288021087646484
v 41.816524505615234 0.31877008080482483 9.244328498840332
v 31.615880966186523 0.31877008080482483 9.244328498840332
v 41.816524505615234 2.2313899993896484 8.288021087646484
v 41.816524505615234 0.31877008080482483 7.331713676452637
v 31.615880966186523 2.2313899993896484 8.288021087646484
v 31.615880966186523 0.31877008080482483 7.331713676452637
v 31.615880966186523 0.31877008080482483 7.331713676452637
v 31.615880966186523 2.2313899993896484 8.288021087646484
v 31.615880966186523 0.31877008080482483 9.244328498840332
v 41.816524505615234 2.2313899993896484 8.288021087646484
v 31.615880966186523 2.2313899993896484 8.288021087646484
v 30.340801239013672 -0.31877008080482483 -7.012936592102051
v 29.575754165649414 -0.31877008080482483 -7.012936592102051
v 29.575754165649414 -0.31877008080482483 -1.020063042640686
v 30.340801239013672 -0.31877008080482483 -1.020063042640686
v 30.340801239013672 -0.31877008080482483 -7.012936592102051
v 29.575754165649414 0.31877008080482483 -7.012936592102051
v 29.575754165649414 -0.31877008080482483 -7.012936592102051
v 30.340801239013672 -0.31877008080482483 -7.012936592102051
v 30.340801239013672 -0.31877008080482483 -1.020063042640686
v 30.022029876708984 0.31877008080482483 -1.020063042640686
v 29.065723419189453 2.2313899993896484 -7.012936592102051
v 29.065723419189453 2.2313899993896484 5.737863540649414
v 28.10941505432129 0.31877008080482483 -7.012936592102051
v 29.065723419189453 2.2313899993896484 -7.012936592102051
v 28.10941505432129 0.31877008080482483 -7.012936592102051
v 29.065723419189453 2.2313899993896484 -7.012936592102051
v 29.065723419189453 2.2313899993896484 5.737863540649414
v 28.10941505432129 0.31877008080482483 5.737863540649414
v 30.022029876708984 0.31877008080482483 5.737863540649414
v 30.022029876708984 0.31877008080482483 5.737863540649414
v 28.10941505432129 0.31877008080482483 5.737863540649414
v 29.065723419189453 2.2313899993896484 5.737863540649414
v 45.3229866027832 0.31877008080482483 -7.012936592102051
v 44.36668014526367 2.2313899993896484 -7.012936592102051
v 43.41037368774414 0.31877008080482483 -7.012936592102051
v 45.3229866027832 0.31877008080482483 -7.012936592102051
v 45.3229866027832 0.31877008080482483 5.737863540649414
v 44.36668014526367 2.2313899993896484 -7.012936592102051
v 43.41037368774414 0.31877008080482483 -7.012936592102051
v 44.36668014526367 2.2313899993896484 -7.012936592102051
v 44.36668014526367 2.2313899993896484 5.737863540649414
v 43.41037368774414 0.31877008080482483 5.737863540649414
v 45.3229866027832 0.31877008080482483 5.737863540649414
v 43.41037368774414 0.31877008080482483 5.737863540649414
v 44.36668014526367 2.2313899993896484 5.737863540649414
v 44.36668014526367 2.2313899993896484 5.737863540649414
v 60.94272994995117 0.31877008080482483 -10.519401550292969
v 50.742088317871094 2.2313899993896484 -9.563094139099121
v 50.742088317871094 0.31877008080482483 -10.519401550292969
v 60.94272994995117 0.31877008080482483 -10.519401550292969
v 60.94272994995117 0.31877008080482483 -8.606786727905273
v 60.94272994995117 2.2313899993896484 -9.563094139099121
v 60.94272994995117 0.31877008080482483 -8.606786727905273
v 50.742088317871094 0.31877008080482483 -8.606786727905273
v 60.94272994995117 2.2313899993896484 -9.563094139099121
v 60.94272994995117 2.2313899993896484 -9.563094139099121
v 50.742088317871094 2.2313899993896484 -9.563094139099121
v 50.742088317871094 0.31877008080482483 -10.519401550292969
v 50.742088317871094 2.2313899993896484 -9.563094139099121
v 50.742088317871094 0.31877008080482483 -8.606786727905273
v 60.94272994995117 0.31877008080482483 7.331713676452637
v 60.94272994995117 0.31877008080482483 9.244328498840332
v 60.94272994995117 2.2313899993896484 8.288021087646484
v 60.94272994995117 0.31877008080482483 9.244328498840332
v 50.742088317871094 0.31877008080482483 9.244328498840332
v 60.94272994995117 2.2313899993896484 8.288021087646484
v 60.94272994995117 0.31877008080482483 7.331713676452637
v 50.742088317871094 2.2313899993896484 8.288021087646484
v 50.742088317871094 0.31877008080482483 7.331713676452637
v 60.94272994995117 2.2313899993896484 8.288021087646484
v 50.742088317871094 2.2313899993896484 8.288021087646484
v 50.742088317871094 0.31877008080482483 7.331713676452637
v 50.742088317871094 2.2313899993896484 8.288021087646484
v 50.742088317871094 0.31877008080482483 9.244328498840332
v 49.467002868652344 -0.31877008080482483 -7.012936592102051
v 48.70195770263672 -0.31877008080482483 -7.012936592102051
v 48.70195770263672 -0.31877008080482483 -1.020063042640686
v 49.467002868652344 -0.31877008080482483 -1.020063042640686
v 49.467002868652344 -0.31877008080482483 -7.012936592102051
v 48.70195770263672 0.31877008080482483 -7.012936592102051
v 48.70195770263672 -0.31877008080482483 -7.012936592102051
v 49.467002868652344 -0.31877008080482483 -7.012936592102051
v 49.467002868652344 -0.31877008080482483 -1.020063042640686
v 49.148231506347656 0.31877008080482483 -1.020063042640686
v 48.19192123413086 2.2313899993896484 -7.012936592102051
v 48.19192123413086 2.2313899993896484 5.737863540649414
v 47.23561477661133 0.31877008080482483 -7.012936592102051
v 48.19192123413086 2.2313899993896484 -7.012936592102051
v 47.23561477661133 0.31877008080482483 -7.012936592102051
v 48.19192123413086 2.2313899993896484 -7.012936592102051
v 48.19192123413086 2.2313899993896484 5.737863540649414
v 47.23561477661133 0.31877008080482483 5.737863540649414
v 49.148231506347656 0.31877008080482483 5.737863540649414
v 49.148231506347656 0.31877008080482483 5.737863540649414
v 47.23561477661133 0.31877008080482483 5.737863540649414
v 48.19192123413086 2.2313899993896484 5.737863540649414
v 64.4491958618164 0.31877008080482483 -7.012936592102051
v 63.49288558959961 2.2313899993896484 -7.012936592102051
v 62.53657913208008 0.31877008080482483 -7.012936592102051
v 64.4491958618164 0.31877008080482483 -7.012936592102051
v 64.4491958618164 0.31877008080482483 5.737863540649414
v 63.49288558959961 2.2313899993896484 -7.012936592102051
v 62.53657913208008 0.31877008080482483 -7.012936592102051
v 63.49288558959961 2.2313899993896484 -7.012936592102051
v 63.49288558959961 2.2313899993896484 5.737863540649414
v 62.53657913208008 0.31877008080482483 5.737863540649414
v 64.4491958618164 0.31877008080482483 5.737863540649414
v 62.53657913208008 0.31877008080482483 5.737863540649414
v 63.49288558959961 2.2313899993896484 5.737863540649414
v 63.49288558959961 2.2313899993896484 5.737863540649414
v 80.06892395019531 0.31877008080482483 -10.519401550292969
v 69.8682861328125 2.2313899993896484 -9.563094139099121
v 69.8682861328125 0.31877008080482483 -10.519401550292969
v 80.06892395019531 0.31877008080482483 -10.519401550292969
v 80.06892395019531 0.31877008080482483 -8.606786727905273
v 80.06892395019531 2.2313899993896484 -9.563094139099121
v 80.06892395019531 0.31877008080482483 -8.606786727905273
v 69.8682861328125 0.31877008080482483 -8.606786727905273
v 80.06892395019531 2.2313899993896484 -9.563094139099121
v 69.8682861328125 0.31877008080482483 -10.519401550292969
v 69.8682861328125 2.2313899993896484 -9.563094139099121
v 69.8682861328125 0.31877008080482483 -8.606786727905273
v 80.06892395019531 2.2313899993896484 -9.563094139099121
v 69.8682861328125 2.2313899993896484 -9.563094139099121
v 80.06892395019531 0.31877008080482483 7.331713676452637
v 80.06892395019531 0.31877008080482483 9.244328498840332
v 80.06892395019531 2.2313899993896484 8.288021087646484
v 80.06892395019531 0.31877008080482483 9.244328498840332
v 69.8682861328125 0.31877008080482483 9.244328498840332
v 80.06892395019531 2.2313899993896484 8.288021087646484
v 80.06892395019531 0.31877008080482483 7.331713676452637
v 69.8682861328125 2.2313899993896484 8.288021087646484
v 69.8682861328125 0.31877008080482483 7.331713676452637
v 69.8682861328125 0.31877008080482483 7.331713676452637
v 69.8682861328125 2.2313899993896484 8.288021087646484
v 69.8682861328125 0.31877008080482483 9.244328498840332
v 80.06892395019531 2.2313899993896484 8.288021087646484
v 69.8682861328125 2.2313899993896484 8.288021087646484
v 68.59320068359375 -0.31877008080482483 -7.012936592102051
v 67.82816314697266 -0.31877008080482483 -7.012936592102051
v 67.82816314697266 -0.31877008080482483 -1.020063042640686
v 68.59320068359375 -0.31877008080482483 -1.020063042640686
v 68.59320068359375 -0.31877008080482483 -7.012936592102051
v 67.82816314697266 0.31877008080482483 -7.012936592102051
v 67.82816314697266 -0.31877008080482483 -7.012936592102051
v 68.59320068359375 -0.31877008080482483 -7.012936592102051
v 68.59320068359375 -0.31877008080482483 -1.020063042640686
v 68.27442932128906 0.31877008080482483 -1.020063042640686
v 67.31812286376953 2.2313899993896484 -7.012936592102051
v 67.31812286376953 2.2313899993896484 5.737863540649414
v 67.31812286376953 2.2313899993896484 -7.012936592102051
v 66.36181640625 0.31877008080482483 -7.012936592102051
v 66.36181640625 0.31877008080482483 -7.012936592102051
v 67.31812286376953 2.2313899993896484 -7.012936592102051
v 67.31812286376953 2.2313899993896484 5.737863540649414
v 68.27442932128906 0.31877008080482483 5.737863540649414
v 68.27442932128906 0.31877008080482483 5.737863540649414
v 66.36181640625 0.31877008080482483 5.737863540649414
v 67.31812286376953 2.2313899993896484 5.737863540649414
v 66.36181640625 0.31877008080482483 5.737863540649414
v 83.57539367675781 0.31877008080482483 -7.012936592102051
v 82.61908721923828 2.2313899993896484 -7.012936592102051
v 81.66277313232422 0.31877008080482483 -7.012936592102051
v 83.57539367675781 0.31877008080482483 -7.012936592102051
v 83.57539367675781 0.31877008080482483 5.737863540649414
v 82.61908721923828 2.2313899993896484 -7.012936592102051
v 81.66277313232422 0.31877008080482483 -7.012936592102051
v 82.61908721923828 2.2313899993896484 -7.012936592102051
v 82.61908721923828 2.2313899993896484 5.737863540649414
v 81.66277313232422 0.31877008080482483 5.737863540649414
v 83.57539367675781 0.31877008080482483 5.737863540649414
v 81.66277313232422 0.31877008080482483 5.737863540649414
v 82.61908721923828 2.2313899993896484 5.737863540649414
v 82.61908721923828 2.2313899993896484 5.737863540649414
v -72.94068145751953 0.31877008080482483 -32.195770263671875
v -72.94068145751953 0.31877008080482483 -30.283153533935547
v -72.94068145751953 2.2313899993896484 -31.239459991455078
v -72.94068145751953 0.31877008080482483 -30.283153533935547
v -83.14132690429688 0.31877008080482483 -30.283153533935547
v -72.94068145751953 2.2313899993896484 -31.239459991455078
v -72.94068145751953 0.31877008080482483 -32.195770263671875
v -83.14132690429688 2.2313899993896484 -31.239459991455078
v -83.14132690429688 0.31877008080482483 -32.195770263671875
v -72.94068145751953 2.2313899993896484 -31.239459991455078
v -83.14132690429688 2.2313899993896484 -31.239459991455078
v -83.14132690429688 0.31877008080482483 -32.195770263671875
v -83.14132690429688 2.2313899993896484 -31.239459991455078
v -83.14132690429688 0.31877008080482483 -30.283153533935547
v -72.94068145751953 0.31877008080482483 -14.344650268554688
v -72.94068145751953 0.31877008080482483 -12.432035446166992
v -72.94068145751953 2.2313899993896484 -13.38834285736084
v -72.94068145751953 0.31877008080482483 -12.432035446166992
v -83.14132690429688 0.31877008080482483 -12.432035446166992
v -72.94068145751953 2.2313899993896484 -13.38834285736084
v -72.94068145751953 0.31877008080482483 -14.344650268554688
v -83.14132690429688 2.2313899993896484 -13.38834285736084
v -83.14132690429688 0.31877008080482483 -14.344650268554688
v -72.94068145751953 2.2313899993896484 -13.38834285736084
v -83.14132690429688 2.2313899993896484 -13.38834285736084
v -83.14132690429688 0.31877008080482483 -14.344650268554688
v -83.14132690429688 2.2313899993896484 -13.38834285736084
v -83.14132690429688 0.31877008080482483 -12.432035446166992
v -84.41639709472656 -0.31877008080482483 -28.689300537109375
v -85.18144989013672 -0.31877008080482483 -28.689300537109375
v -85.18144989013672 -0.31877008080482483 -22.69642448425293
v -84.41639709472656 -0.31877008080482483 -22.69642448425293
v -84.41639709472656 -0.31877008080482483 -28.689300537109375
v -85.18144989013672 0.31877008080482483 -28.689300537109375
v -85.18144989013672 -0.31877008080482483 -28.689300537109375
v -84.41639709472656 -0.31877008080482483 -28.689300537109375
v -84.41639709472656 -0.31877008080482483 -22.69642448425293
v -84.73517608642578 0.31877008080482483 -22.69642448425293
v -85.69148254394531 2.2313899993896484 -28.689300537109375
v -85.69148254394531 2.2313899993896484 -15.93850040435791
v -86.64778900146484 0.31877008080482483 -28.689300537109375
v -86.64778900146484 0.31877008080482483 -28.689300537109375
v -85.69148254394531 2.2313899993896484 -15.93850040435791
v -86.64778900146484 0.31877008080482483 -15.93850040435791
v -85.69148254394531 2.2313899993896484 -28.689300537109375
v -85.69148254394531 2.2313899993896484 -28.689300537109375
v -84.73517608642578 0.31877008080482483 -15.93850040435791
v -84.73517608642578 0.31877008080482483 -15.93850040435791
v -86.64778900146484 0.31877008080482483 -15.93850040435791
v -85.69148254394531 2.2313899993896484 -15.93850040435791
v -69.4342041015625 0.31877008080482483 -28.689300537109375
v -70.39051818847656 2.2313899993896484 -28.689300537109375
v -71.3468246459961 0.31877008080482483 -28.689300537109375
v -69.4342041015625 0.31877008080482483 -28.689300537109375
v -69.4342041015625 0.31877008080482483 -15.93850040435791
v -70.39051818847656 2.2313899993896484 -15.93850040435791
v -71.3468246459961 0.31877008080482483 -28.689300537109375
v -70.39051818847656 2.2313899993896484 -28.689300537109375
v -71.3468246459961 0.31877008080482483 -15.93850040435791
v -70.39051818847656 2.2313899993896484 -28.689300537109375
v -70.39051818847656 2.2313899993896484 -15.93850040435791
v -69.4342041015625 0.31877008080482483 -15.93850040435791
v -71.3468246459961 0.31877008080482483 -15.93850040435791
v -70.39051818847656 2.2313899993896484 -15.93850040435791
v -53.814483642578125 0.31877008080482483 -32.195770263671875
v -53.814483642578125 0.31877008080482483 -30.283153533935547
v -53.814483642578125 2.2313899993896484 -31.239459991455078
v -53.814483642578125 0.31877008080482483 -30.283153533935547
v -64.01512908935547 0.31877008080482483 -30.283153533935547
v -53.814483642578125 2.2313899993896484 -31.239459991455078
v -53.814483642578125 0.31877008080482483 -32.195770263671875
v -64.01512908935547 2.2313899993896484 -31.239459991455078
v -64.01512908935547 0.31877008080482483 -32.195770263671875
v -64.01512908935547 0.31877008080482483 -32.195770263671875
v -64.01512908935547 2.2313899993896484 -31.239459991455078
v -64.01512908935547 0.31877008080482483 -30.283153533935547
v -53.814483642578125 2.2313899993896484 -31.239459991455078
v -64.01512908935547 2.2313899993896484 -31.239459991455078
v -53.814483642578125 0.31877008080482483 -14.344650268554688
v -53.814483642578125 0.31877008080482483 -12.432035446166992
v -53.814483642578125 2.2313899993896484 -13.38834285736084
v -53.814483642578125 0.31877008080482483 -12.432035446166992
v -64.01512908935547 0.31877008080482483 -12.432035446166992
v -53.814483642578125 2.2313899993896484 -13.38834285736084
v -53.814483642578125 0.31877008080482483 -14.344650268554688
v -64.01512908935547 2.2313899993896484 -13.38834285736084
v -64.01512908935547 0.31877008080482483 -14.344650268554688
v -64.01512908935547 0.31877008080482483 -14.344650268554688
v -64.01512908935547 2.2313899993896484 -13.38834285736084
v -64.01512908935547 0.31877008080482483 -12.432035446166992
v -53.814483642578125 2.2313899993896484 -13.38834285736084
v -64.01512908935547 2.2313899993896484 -13.38834285736084
v -65.29019927978516 -0.31877008080482483 -28.689300537109375
v -66.05525207519531 -0.31877008080482483 -28.689300537109375
v -66.05525207519531 -0.31877008080482483 -22.69642448425293
v -65.29019927978516 -0.31877008080482483 -22.69642448425293
v -65.29019927978516 -0.31877008080482483 -28.689300537109375
v -66.05525207519531 0.31877008080482483 -28.689300537109375
v -66.05525207519531 -0.31877008080482483 -28.689300537109375
v -65.29019927978516 -0.31877008080482483 -28.689300537109375
v -65.29019927978516 -0.31877008080482483 -22.69642448425293
v -65.60897827148438 0.31877008080482483 -22.69642448425293
v -66.5652847290039 2.2313899993896484 -28.689300537109375
v -66.5652847290039 2.2313899993896484 -15.93850040435791
v -67.52159118652344 0.31877008080482483 -28.689300537109375
v -67.52159118652344 0.31877008080482483 -28.689300537109375
v -66.5652847290039 2.2313899993896484 -15.93850040435791
v -67.52159118652344 0.31877008080482483 -15.93850040435791
v -66.5652847290039 2.2313899993896484 -28.689300537109375
v -66.5652847290039 2.2313899993896484 -28.689300537109375
v -65.60897827148438 0.31877008080482483 -15.93850040435791
v -65.60897827148438 0.31877008080482483 -15.93850040435791
v -67.52159118652344 0.31877008080482483 -15.93850040435791
v -66.5652847290039 2.2313899993896484 -15.93850040435791
v -50.308006286621094 0.31877008080482483 -28.689300537109375
v -51.264312744140625 2.2313899993896484 -28.689300537109375
v -52.22062301635742 0.31877008080482483 -28.689300537109375
v -50.308006286621094 0.31877008080482483 -28.689300537109375
v -50.308006286621094 0.31877008080482483 -15.93850040435791
v -51.264312744140625 2.2313899993896484 -28.689300537109375
v -52.22062301635742 0.31877008080482483 -28.689300537109375
v -51.264312744140625 2.2313899993896484 -15.93850040435791
v -52.22062301635742 0.31877008080482483 -15.93850040435791
v -51.264312744140625 2.2313899993896484 -28.689300537109375
v -51.264312744140625 2.2313899993896484 -15.93850040435791
v -50.308006286621094 0.31877008080482483 -15.93850040435791
v -52.22062301635742 0.31877008080482483 -15.93850040435791
v -51.264312744140625 2.2313899993896484 -15.93850040435791
v -34.68828582763672 0.31877008080482483 -32.195770263671875
v -34.68828582763672 0.31877008080482483 -30.283153533935547
v -34.68828582763672 2.2313899993896484 -31.239459991455078
v -34.68828582763672 0.31877008080482483 -30.283153533935547
v -44.8889274597168 0.31877008080482483 -30.283153533935547
v -34.68828582763672 2.2313899993896484 -31.239459991455078
v -34.68828582763672 0.31877008080482483 -32.195770263671875
v -34.68828582763672 2.2313899993896484 -31.239459991455078
v -44.8889274597168 2.2313899993896484 -31.239459991455078
v -44.8889274597168 0.31877008080482483 -32.195770263671875
v -44.8889274597168 0.31877008080482483 -32.195770263671875
v -44.8889274597168 2.2313899993896484 -31.239459991455078
v -44.8889274597168 0.31877008080482483 -30.283153533935547
v -44.8889274597168 2.2313899993896484 -31.239459991455078
v -34.68828582763672 0.31877008080482483 -14.344650268554688
v -34.68828582763672 0.31877008080482483 -12.432035446166992
v -34.68828582763672 2.2313899993896484 -13.38834285736084
v -34.68828582763672 0.31877008080482483 -12.432035446166992
v -44.8889274597168 0.31877008080482483 -12.432035446166992
v -34.68828582763672 2.2313899993896484 -13.38834285736084
v -34.68828582763672 0.31877008080482483 -14.344650268554688
v -34.68828582763672 2.2313899993896484 -13.38834285736084
v -44.8889274597168 2.2313899993896484 -13.38834285736084
v -44.8889274597168 0.31877008080482483 -14.344650268554688
v -44.8889274597168 0.31877008080482483 -14.344650268554688
v -44.8889274597168 2.2313899993896484 -13.38834285736084
v -44.8889274597168 0.31877008080482483 -12.432035446166992
v -44.8889274597168 2.2313899993896484 -13.38834285736084
v -46.163997650146484 -0.31877008080482483 -28.689300537109375
v -46.929054260253906 -0.31877008080482483 -28.689300537109375
v -46.929054260253906 -0.31877008080482483 -22.69642448425293
v -46.163997650146484 -0.31877008080482483 -22.69642448425293
v -46.163997650146484 -0.31877008080482483 -28.689300537109375
v -46.929054260253906 0.31877008080482483 -28.689300537109375
v -46.929054260253906 -0.31877008080482483 -28.689300537109375
v -46.163997650146484 -0.31877008080482483 -28.689300537109375
v -46.163997650146484 -0.31877008080482483 -22.69642448425293
v -46.4827766418457 0.31877008080482483 -22.69642448425293
v -47.439083099365234 2.2313899993896484 -28.689300537109375
v -47.439083099365234 2.2313899993896484 -15.93850040435791
v -48.39539337158203 0.31877008080482483 -28.689300537109375
v -48.39539337158203 0.31877008080482483 -28.689300537109375
v -47.439083099365234 2.2313899993896484 -15.93850040435791
v -48.39539337158203 0.31877008080482483 -15.93850040435791
v -47.439083099365234 2.2313899993896484 -28.689300537109375
v -47.439083099365234 2.2313899993896484 -28.689300537109375
v -46.4827766418457 0.31877008080482483 -15.93850040435791
v -46.4827766418457 0.31877008080482483 -15.93850040435791
v -48.39539337158203 0.31877008080482483 -15.93850040435791
v -47.439083099365234 2.2313899993896484 -15.93850040435791
v -31.181806564331055 0.31877008080482483 -28.689300537109375
v -32.13811492919922 2.2313899993896484 -28.689300537109375
v -33.09442138671875 0.31877008080482483 -28.689300537109375
v -31.181806564331055 0.31877008080482483 -28.689300537109375
v -31.181806564331055 0.31877008080482483 -15.93850040435791
v -32.13811492919922 2.2313899993896484 -28.689300537109375
v -33.09442138671875 0.31877008080482483 -28.689300537109375
v -32.13811492919922 2.2313899993896484 -15.93850040435791
v -33.09442138671875 0.31877008080482483 -15.93850040435791
v -32.13811492919922 2.2313899993896484 -28.689300537109375
v -32.13811492919922 2.2313899993896484 -15.93850040435791
v -31.181806564331055 0.31877008080482483 -15.93850040435791
v -33.09442138671875 0.31877008080482483 -15.93850040435791
v -32.13811492919922 2.2313899993896484 -15.93850040435791
v -15.562084197998047 0.31877008080482483 -32.195770263671875
v -15.562084197998047 0.31877008080482483 -30.283153533935547
v -15.562084197998047 2.2313899993896484 -31.239459991455078
v -15.562084197998047 0.31877008080482483 -30.283153533935547
v -25.762725830078125 0.31877008080482483 -30.283153533935547
v -15.562084197998047 2.2313899993896484 -31.239459991455078
v -15.562084197998047 0.31877008080482483 -32.195770263671875
v -25.762725830078125 2.2313899993896484 -31.239459991455078
v -25.762725830078125 0.31877008080482483 -32.195770263671875
v -25.762725830078125 0.31877008080482483 -32.195770263671875
v -25.762725830078125 2.2313899993896484 -31.239459991455078
v -25.762725830078125 0.31877008080482483 -30.283153533935547
v -15.562084197998047 2.2313899993896484 -31.239459991455078
v -25.762725830078125 2.2313899993896484 -31.239459991455078
v -15.562084197998047 0.31877008080482483 -14.344650268554688
v -15.562084197998047 0.31877008080482483 -12.432035446166992
v -15.562084197998047 2.2313899993896484 -13.38834285736084
v -15.562084197998047 0.31877008080482483 -12.432035446166992
v -25.762725830078125 0.31877008080482483 -12.432035446166992
v -15.562084197998047 2.2313899993896484 -13.38834285736084
v -15.562084197998047 0.31877008080482483 -14.344650268554688
v -25.762725830078125 2.2313899993896484 -13.38834285736084
v -25.762725830078125 0.31877008080482483 -14.344650268554688
v -25.762725830078125 0.31877008080482483 -14.344650268554688
v -25.762725830078125 2.2313899993896484 -13.38834285736084
v -25.762725830078125 0.31877008080482483 -12.432035446166992
v -15.562084197998047 2.2313899993896484 -13.38834285736084
v -25.762725830078125 2.2313899993896484 -13.38834285736084
v -27.037799835205078 -0.31877008080482483 -28.689300537109375
v -27.802852630615234 -0.31877008080482483 -28.689300537109375
v -27.802852630615234 -0.31877008080482483 -22.69642448425293
v -27.037799835205078 -0.31877008080482483 -22.69642448425293
v -27.037799835205078 -0.31877008080482483 -28.689300537109375
v -27.802852630615234 0.31877008080482483 -28.689300537109375
v -27.802852630615234 -0.31877008080482483 -28.689300537109375
v -27.037799835205078 -0.31877008080482483 -28.689300537109375
v -27.037799835205078 -0.31877008080482483 -22.69642448425293
v -27.356576919555664 0.31877008080482483 -22.69642448425293
v -28.312883377075195 2.2313899993896484 -28.689300537109375
v -28.312883377075195 2.2313899993896484 -15.93850040435791
v -29.26919174194336 0.31877008080482483 -28.689300537109375
v -29.26919174194336 0.31877008080482483 -28.689300537109375
v -28.312883377075195 2.2313899993896484 -15.93850040435791
v -29.26919174194336 0.31877008080482483 -15.93850040435791
v -28.312883377075195 2.2313899993896484 -28.689300537109375
v -28.312883377075195 2.2313899993896484 -28.689300537109375
v -27.356576919555664 0.31877008080482483 -15.93850040435791
v -27.356576919555664 0.31877008080482483 -15.93850040435791
v -29.26919174194336 0.31877008080482483 -15.93850040435791
v -28.312883377075195 2.2313899993896484 -15.93850040435791
v -12.055606842041016 0.31877008080482483 -28.689300537109375
v -13.011914253234863 2.2313899993896484 -28.689300537109375
v -13.968221664428711 0.31877008080482483 -28.689300537109375
v -12.055606842041016 0.31877008080482483 -28.689300537109375
v -12.055606842041016 0.31877008080482483 -15.93850040435791
v -13.011914253234863 2.2313899993896484 -28.689300537109375
v -13.968221664428711 0.31877008080482483 -28.689300537109375
v -13.011914253234863 2.2313899993896484 -28.689300537109375
v -13.011914253234863 2.2313899993896484 -15.93850040435791
v -13.011914253234863 2.2313899993896484 -15.93850040435791
v -13.968221664428711 0.31877008080482483 -15.93850040435791
v -12.055606842041016 0.31877008080482483 -15.93850040435791
v -13.968221664428711 0.31877008080482483 -15.93850040435791
v -13.011914253234863 2.2313899993896484 -15.93850040435791
v 3.564122438430786 0.31877008080482483 -32.195770263671875
v 3.564122438430786 0.31877008080482483 -30.283153533935547
v 3.564122438430786 2.2313899993896484 -31.239459991455078
v 3.564122438430786 0.31877008080482483 -30.283153533935547
v -6.636514186859131 0.31877008080482483 -30.283153533935547
v 3.564122438430786 2.2313899993896484 -31.239459991455078
v 3.564122438430786 0.31877008080482483 -32.195770263671875
v 3.564122438430786 2.2313899993896484 -31.239459991455078
v -6.636514186859131 2.2313899993896484 -31.239459991455078
v -6.636514186859131 0.31877008080482483 -32.195770263671875
v -6.636514186859131 0.31877008080482483 -32.195770263671875
v -6.636514186859131 2.2313899993896484 -31.239459991455078
v -6.636514186859131 0.31877008080482483 -30.283153533935547
v -6.636514186859131 2.2313899993896484 -31.239459991455078
v 3.564122438430786 0.31877008080482483 -14.344650268554688
v 3.564122438430786 0.31877008080482483 -12.432035446166992
v 3.564122438430786 2.2313899993896484 -13.38834285736084
v 3.564122438430786 0.31877008080482483 -12.432035446166992
v -6.636514186859131 0.31877008080482483 -12.432035446166992
v 3.564122438430786 2.2313899993896484 -13.38834285736084
v 3.564122438430786 0.31877008080482483 -14.344650268554688
v 3.564122438430786 2.2313899993896484 -13.38834285736084
v -6.636514186859131 2.2313899993896484 -13.38834285736084
v -6.636514186859131 0.31877008080482483 -14.344650268554688
v -6.636514186859131 0.31877008080482483 -14.344650268554688
v -6.636514186859131 2.2313899993896484 -13.38834285736084
v -6.636514186859131 0.31877008080482483 -12.432035446166992
v -6.636514186859131 2.2313899993896484 -13.38834285736084
v -7.911599159240723 -0.31877008080482483 -28.689300537109375
v -8.676651954650879 -0.31877008080482483 -28.689300537109375
v -8.676651954650879 -0.31877008080482483 -22.69642448425293
v -7.911599159240723 -0.31877008080482483 -22.69642448425293
v -7.911599159240723 -0.31877008080482483 -28.689300537109375
v -8.676651954650879 0.31877008080482483 -28.689300537109375
v -8.676651954650879 -0.31877008080482483 -28.689300537109375
v -7.911599159240723 -0.31877008080482483 -28.689300537109375
v -7.911599159240723 -0.31877008080482483 -22.69642448425293
v -8.230376243591309 0.31877008080482483 -22.69642448425293
v -9.186683654785156 2.2313899993896484 -28.689300537109375
v -9.186683654785156 2.2313899993896484 -15.93850040435791
v -10.142991065979004 0.31877008080482483 -28.689300537109375
v -10.142991065979004 0.31877008080482483 -28.689300537109375
v -9.186683654785156 2.2313899993896484 -15.93850040435791
v -10.142991065979004 0.31877008080482483 -15.93850040435791
v -9.186683654785156 2.2313899993896484 -28.689300537109375
v -9.186683654785156 2.2313899993896484 -28.689300537109375
v -8.230376243591309 0.31877008080482483 -15.93850040435791
v -8.230376243591309 0.31877008080482483 -15.93850040435791
v -10.142991065979004 0.31877008080482483 -15.93850040435791
v -9.186683654785156 2.2313899993896484 -15.93850040435791
v 7.070587635040283 0.31877008080482483 -28.689300537109375
v 7.070587635040283 0.31877008080482483 -15.93850040435791
v 6.114279747009277 2.2313899993896484 -28.689300537109375
v 7.070587635040283 0.31877008080482483 -28.689300537109375
v 6.114279747009277 2.2313899993896484 -28.689300537109375
v 5.15797233581543 0.31877008080482483 -28.689300537109375
v 5.15797233581543 0.31877008080482483 -28.689300537109375
v 6.114279747009277 2.2313899993896484 -15.93850040435791
v 5.15797233581543 0.31877008080482483 -15.93850040435791
v 6.114279747009277 2.2313899993896484 -28.689300537109375
v 6.114279747009277 2.2313899993896484 -15.93850040435791
v 7.070587635040283 0.31877008080482483 -15.93850040435791
v 5.15797233581543 0.31877008080482483 -15.93850040435791
v 6.114279747009277 2.2313899993896484 -15.93850040435791
v 22.690322875976562 0.31877008080482483 -32.195770263671875
v 22.690322875976562 0.31877008080482483 -30.283153533935547
v 22.690322875976562 2.2313899993896484 -31.239459991455078
v 22.690322875976562 0.31877008080482483 -30.283153533935547
v 12.489680290222168 0.31877008080482483 -30.283153533935547
v 22.690322875976562 2.2313899993896484 -31.239459991455078
v 22.690322875976562 0.31877008080482483 -32.195770263671875
v 12.489680290222168 2.2313899993896484 -31.239459991455078
v 12.489680290222168 0.31877008080482483 -32.195770263671875
v 22.690322875976562 2.2313899993896484 -31.239459991455078
v 12.489680290222168 2.2313899993896484 -31.239459991455078
v 12.489680290222168 0.31877008080482483 -32.195770263671875
v 12.489680290222168 2.2313899993896484 -31.239459991455078
v 12.489680290222168 0.31877008080482483 -30.283153533935547
v 22.690322875976562 0.31877008080482483 -14.344650268554688
v 22.690322875976562 0.31877008080482483 -12.432035446166992
v 22.690322875976562 2.2313899993896484 -13.38834285736084
v 22.690322875976562 0.31877008080482483 -12.432035446166992
v 12.489680290222168 0.31877008080482483 -12.432035446166992
v 22.690322875976562 2.2313899993896484 -13.38834285736084
v 22.690322875976562 0.31877008080482483 -14.344650268554688
v 12.489680290222168 2.2313899993896484 -13.38834285736084
v 12.489680290222168 0.31877008080482483 -14.344650268554688
v 22.690322875976562 2.2313899993896484 -13.38834285736084
v 12.489680290222168 2.2313899993896484 -13.38834285736084
v 12.489680290222168 0.31877008080482483 -14.344650268554688
v 12.489680290222168 2.2313899993896484 -13.38834285736084
v 12.489680290222168 0.31877008080482483 -12.432035446166992
v 11.214601516723633 -0.31877008080482483 -28.689300537109375
v 10.449553489685059 -0.31877008080482483 -28.689300537109375
v 10.449553489685059 -0.31877008080482483 -22.69642448425293
v 11.214601516723633 -0.31877008080482483 -22.69642448425293
v 11.214601516723633 -0.31877008080482483 -28.689300537109375
v 10.449553489685059 0.31877008080482483 -28.689300537109375
v 10.449553489685059 -0.31877008080482483 -28.689300537109375
v 11.214601516723633 -0.31877008080482483 -28.689300537109375
v 11.214601516723633 -0.31877008080482483 -22.69642448425293
v 10.895830154418945 0.31877008080482483 -22.69642448425293
v 9.939522743225098 2.2313899993896484 -28.689300537109375
v 9.939522743225098 2.2313899993896484 -15.93850040435791
v 8.983214378356934 0.31877008080482483 -28.689300537109375
v 8.983214378356934 0.31877008080482483 -28.689300537109375
v 9.939522743225098 2.2313899993896484 -15.93850040435791
v 8.983214378356934 0.31877008080482483 -15.93850040435791
v 9.939522743225098 2.2313899993896484 -28.689300537109375
v 9.939522743225098 2.2313899993896484 -28.689300537109375
v 10.895830154418945 0.31877008080482483 -15.93850040435791
v 10.895830154418945 0.31877008080482483 -15.93850040435791
v 8.983214378356934 0.31877008080482483 -15.93850040435791
v 9.939522743225098 2.2313899993896484 -15.93850040435791
v 26.196786880493164 0.31877008080482483 -28.689300537109375
v 25.240480422973633 2.2313899993896484 -28.689300537109375
v 24.28417205810547 0.31877008080482483 -28.689300537109375
v 26.196786880493164 0.31877008080482483 -28.689300537109375
v 26.196786880493164 0.31877008080482483 -15.93850040435791
v 25.240480422973633 2.2313899993896484 -28.689300537109375
v 24.28417205810547 0.31877008080482483 -28.689300537109375
v 25.240480422973633 2.2313899993896484 -15.93850040435791
v 24.28417205810547 0.31877008080482483 -15.93850040435791
v 25.240480422973633 2.2313899993896484 -28.689300537109375
v 25.240480422973633 2.2313899993896484 -15.93850040435791
v 26.196786880493164 0.31877008080482483 -15.93850040435791
v 24.28417205810547 0.31877008080482483 -15.93850040435791
v 25.240480422973633 2.2313899993896484 -15.93850040435791
v 41.816524505615234 0.31877008080482483 -32.195770263671875
v 41.816524505615234 0.31877008080482483 -30.283153533935547
v 41.816524505615234 2.2313899993896484 -31.239459991455078
v 41.816524505615234 0.31877008080482483 -30.283153533935547
v 31.615880966186523 0.31877008080482483 -30.283153533935547
v 41.816524505615234 2.2313899993896484 -31.239459991455078
v 41.816524505615234 0.31877008080482483 -32.195770263671875
v 31.615880966186523 2.2313899993896484 -31.239459991455078
v 31.615880966186523 0.31877008080482483 -32.195770263671875
v 31.615880966186523 0.31877008080482483 -32.195770263671875
v 31.615880966186523 2.2313899993896484 -31.239459991455078
v 31.615880966186523 0.31877008080482483 -30.283153533935547
v 41.816524505615234 2.2313899993896484 -31.239459991455078
v 31.615880966186523 2.2313899993896484 -31.239459991455078
v 41.816524505615234 0.31877008080482483 -14.344650268554688
v 41.816524505615234 0.31877008080482483 -12.432035446166992
v 41.816524505615234 2.2313899993896484 -13.38834285736084
v 41.816524505615234 0.31877008080482483 -12.432035446166992
v 31.615880966186523 0.31877008080482483 -12.432035446166992
v 41.816524505615234 2.2313899993896484 -13.38834285736084
v 41.816524505615234 0.31877008080482483 -14.344650268554688
v 31.615880966186523 2.2313899993896484 -13.38834285736084
v 31.615880966186523 0.31877008080482483 -14.344650268554688
v 31.615880966186523 0.31877008080482483 -14.344650268554688
v 31.615880966186523 2.2313899993896484 -13.38834285736084
v 31.615880966186523 0.31877008080482483 -12.432035446166992
v 41.816524505615234 2.2313899993896484 -13.38834285736084
v 31.615880966186523 2.2313899993896484 -13.38834285736084
v 30.340801239013672 -0.31877008080482483 -28.689300537109375
v 29.575754165649414 -0.31877008080482483 -28.689300537109375
v 29.575754165649414 -0.31877008080482483 -22.69642448425293
v 30.340801239013672 -0.31877008080482483 -22.69642448425293
v 30.340801239013672 -0.31877008080482483 -28.689300537109375
v 29.575754165649414 0.31877008080482483 -28.689300537109375
v 29.575754165649414 -0.31877008080482483 -28.689300537109375
v 30.340801239013672 -0.31877008080482483 -28.689300537109375
v 30.340801239013672 -0.31877008080482483 -22.69642448425293
v 30.022029876708984 0.31877008080482483 -22.69642448425293
v 29.065723419189453 2.2313899993896484 -28.689300537109375
v 29.065723419189453 2.2313899993896484 -15.93850040435791
v 28.10941505432129 0.31877008080482483 -28.689300537109375
v 28.10941505432129 0.31877008080482483 -28.689300537109375
v 29.065723419189453 2.2313899993896484 -15.93850040435791
v 28.10941505432129 0.31877008080482483 -15.93850040435791
v 29.065723419189453 2.2313899993896484 -28.689300537109375
v 29.065723419189453 2.2313899993896484 -28.689300537109375
v 30.022029876708984 0.31877008080482483 -15.93850040435791
v 30.022029876708984 0.31877008080482483 -15.93850040435791
v 28.10941505432129 0.31877008080482483 -15.93850040435791
v 29.065723419189453 2.2313899993896484 -15.93850040435791
v 45.3229866027832 0.31877008080482483 -28.689300537109375
v 44.36668014526367 2.2313899993896484 -28.689300537109375
v 43.41037368774414 0.31877008080482483 -28.689300537109375
v 45.3229866027832 0.31877008080482483 -28.689300537109375
v 45.3229866027832 0.31877008080482483 -15.93850040435791
v 44.36668014526367 2.2313899993896484 -28.689300537109375
v 43.41037368774414 0.31877008080482483 -28.689300537109375
v 44.36668014526367 2.2313899993896484 -15.93850040435791
v 43.41037368774414 0.31877008080482483 -15.93850040435791
v 44.36668014526367 2.2313899993896484 -28.689300537109375
v 44.36668014526367 2.2313899993896484 -15.93850040435791
v 45.3229866027832 0.31877008080482483 -15.93850040435791
v 43.41037368774414 0.31877008080482483 -15.93850040435791
v 44.36668014526367 2.2313899993896484 -15.93850040435791
v 60.94272994995117 0.31877008080482483 -32.195770263671875
v 60.94272994995117 0.31877008080482483 -30.283153533935547
v 60.94272994995117 2.2313899993896484 -31.239459991455078
v 60.94272994995117 0.31877008080482483 -30.283153533935547
v 50.742088317871094 0.31877008080482483 -30.283153533935547
v 60.94272994995117 2.2313899993896484 -31.239459991455078
v 60.94272994995117 0.31877008080482483 -32.195770263671875
v 50.742088317871094 2.2313899993896484 -31.239459991455078
v 50.742088317871094 0.31877008080482483 -32.195770263671875
v 60.94272994995117 2.2313899993896484 -31.239459991455078
v 50.742088317871094 2.2313899993896484 -31.239459991455078
v 50.742088317871094 0.31877008080482483 -32.195770263671875
v 50.742088317871094 2.2313899993896484 -31.239459991455078
v 50.742088317871094 0.31877008080482483 -30.283153533935547
v 60.94272994995117 0.31877008080482483 -14.344650268554688
v 60.94272994995117 0.31877008080482483 -12.432035446166992
v 60.94272994995117 2.2313899993896484 -13.38834285736084
v 60.94272994995117 0.31877008080482483 -12.432035446166992
v 50.742088317871094 0.31877008080482483 -12.432035446166992
v 60.94272994995117 2.2313899993896484 -13.38834285736084
v 60.94272994995117 0.31877008080482483 -14.344650268554688
v 50.742088317871094 2.2313899993896484 -13.38834285736084
v 50.742088317871094 0.31877008080482483 -14.344650268554688
v 60.94272994995117 2.2313899993896484 -13.38834285736084
v 50.742088317871094 2.2313899993896484 -13.38834285736084
v 50.742088317871094 0.31877008080482483 -14.344650268554688
v 50.742088317871094 2.2313899993896484 -13.38834285736084
v 50.742088317871094 0.31877008080482483 -12.432035446166992
v 49.467002868652344 -0.31877008080482483 -28.689300537109375
v 48.70195770263672 -0.31877008080482483 -28.689300537109375
v 48.70195770263672 -0.31877008080482483 -22.69642448425293
v 49.467002868652344 -0.31877008080482483 -22.69642448425293
v 49.467002868652344 -0.31877008080482483 -28.689300537109375
v 48.70195770263672 0.31877008080482483 -28.689300537109375
v 48.70195770263672 -0.31877008080482483 -28.689300537109375
v 49.467002868652344 -0.31877008080482483 -28.689300537109375
v 49.467002868652344 -0.31877008080482483 -22.69642448425293
v 49.148231506347656 0.31877008080482483 -22.69642448425293
v 48.19192123413086 2.2313899993896484 -28.689300537109375
v 48.19192123413086 2.2313899993896484 -15.93850040435791
v 47.23561477661133 0.31877008080482483 -28.689300537109375
v 47.23561477661133 0.31877008080482483 -28.689300537109375
v 48.19192123413086 2.2313899993896484 -15.93850040435791
v 47.23561477661133 0.31877008080482483 -15.93850040435791
v 48.19192123413086 2.2313899993896484 -28.689300537109375
v 48.19192123413086 2.2313899993896484 -28.689300537109375
v 49.148231506347656 0.31877008080482483 -15.93850040435791
v 49.148231506347656 0.31877008080482483 -15.93850040435791
v 47.23561477661133 0.31877008080482483 -15.93850040435791
v 48.19192123413086 2.2313899993896484 -15.93850040435791
v 64.4491958618164 0.31877008080482483 -28.689300537109375
v 63.49288558959961 2.2313899993896484 -28.689300537109375
v 62.53657913208008 0.31877008080482483 -28.689300537109375
v 64.4491958618164 0.31877008080482483 -28.689300537109375
v 64.4491958618164 0.31877008080482483 -15.93850040435791
v 63.49288558959961 2.2313899993896484 -28.689300537109375
v 62.53657913208008 0.31877008080482483 -28.689300537109375
v 63.49288558959961 2.2313899993896484 -15.93850040435791
v 62.53657913208008 0.31877008080482483 -15.93850040435791
v 63.49288558959961 2.2313899993896484 -28.689300537109375
v 63.49288558959961 2.2313899993896484 -15.93850040435791
v 64.4491958618164 0.31877008080482483 -15.93850040435791
v 62.53657913208008 0.31877008080482483 -15.93850040435791
v 63.49288558959961 2.2313899993896484 -15.93850040435791
v 80.06892395019531 0.31877008080482483 -32.195770263671875
v 80.06892395019531 0.31877008080482483 -30.283153533935547
v 80.06892395019531 2.2313899993896484 -31.239459991455078
v 80.06892395019531 0.31877008080482483 -30.283153533935547
v 69.8682861328125 0.31877008080482483 -30.283153533935547
v 80.06892395019531 2.2313899993896484 -31.239459991455078
v 80.06892395019531 0.31877008080482483 -32.195770263671875
v 69.8682861328125 2.2313899993896484 -31.239459991455078
v 69.8682861328125 0.31877008080482483 -32.195770263671875
v 69.8682861328125 0.31877008080482483 -32.195770263671875
v 69.8682861328125 2.2313899993896484 -31.239459991455078
v 69.8682861328125 0.31877008080482483 -30.283153533935547
v 80.06892395019531 2.2313899993896484 -31.239459991455078
v 69.8682861328125 2.2313899993896484 -31.239459991455078
v 80.06892395019531 0.31877008080482483 -14.344650268554688
v 80.06892395019531 0.31877008080482483 -12.432035446166992
v 80.06892395019531 2.2313899993896484 -13.38834285736084
v 80.06892395019531 0.31877008080482483 -12.432035446166992
v 69.8682861328125 0.31877008080482483 -12.432035446166992
v 80.06892395019531 2.2313899993896484 -13.38834285736084
v 80.06892395019531 0.31877008080482483 -14.344650268554688
v 69.8682861328125 2.2313899993896484 -13.38834285736084
v 69.8682861328125 0.31877008080482483 -14.344650268554688
v 69.8682861328125 0.31877008080482483 -14.344650268554688
v 69.8682861328125 2.2313899993896484 -13.38834285736084
v 69.8682861328125 0.31877008080482483 -12.432035446166992
v 80.06892395019531 2.2313899993896484 -13.38834285736084
v 69.8682861328125 2.2313899993896484 -13.38834285736084
v 68.59320068359375 -0.31877008080482483 -28.689300537109375
v 67.82816314697266 -0.31877008080482483 -28.689300537109375
v 67.82816314697266 -0.31877008080482483 -22.69642448425293
v 68.59320068359375 -0.31877008080482483 -22.69642448425293
v 68.59320068359375 -0.31877008080482483 -28.689300537109375
v 67.82816314697266 0.31877008080482483 -28.689300537109375
v 67.82816314697266 -0.31877008080482483 -28.689300537109375
v 68.59320068359375 -0.31877008080482483 -28.689300537109375
v 68.59320068359375 -0.31877008080482483 -22.69642448425293
v 68.27442932128906 0.31877008080482483 -22.69642448425293
v 67.31812286376953 2.2313899993896484 -28.689300537109375
v 67.31812286376953 2.2313899993896484 -15.93850040435791
v 67.31812286376953 2.2313899993896484 -28.689300537109375
v 66.36181640625 0.31877008080482483 -28.689300537109375
v 66.36181640625 0.31877008080482483 -28.689300537109375
v 67.31812286376953 2.2313899993896484 -15.93850040435791
v 66.36181640625 0.31877008080482483 -15.93850040435791
v 67.31812286376953 2.2313899993896484 -28.689300537109375
v 68.27442932128906 0.31877008080482483 -15.93850040435791
v 68.27442932128906 0.31877008080482483 -15.93850040435791
v 66.36181640625 0.31877008080482483 -15.93850040435791
v 67.31812286376953 2.2313899993896484 -15.93850040435791
v 83.57539367675781 0.31877008080482483 -28.689300537109375
v 82.61908721923828 2.2313899993896484 -28.689300537109375
v 81.66277313232422 0.31877008080482483 -28.689300537109375
v 83.57539367675781 0.31877008080482483 -28.689300537109375
v 83.57539367675781 0.31877008080482483 -15.93850040435791
v 82.61908721923828 2.2313899993896484 -28.689300537109375
v 81.66277313232422 0.31877008080482483 -28.689300537109375
v 82.61908721923828 2.2313899993896484 -15.93850040435791
v 81.66277313232422 0.31877008080482483 -15.93850040435791
v 82.61908721923828 2.2313899993896484 -28.689300537109375
v 82.61908721923828 2.2313899993896484 -15.93850040435791
v 83.57539367675781 0.31877008080482483 -15.93850040435791
v 81.66277313232422 0.31877008080482483 -15.93850040435791
v 82.61908721923828 2.2313899993896484 -15.93850040435791
v -72.94068145751953 0.31877008080482483 -53.872127532958984
v -72.94068145751953 0.31877008080482483 -51.95950698852539
v -72.94068145751953 2.2313899993896484 -52.91581726074219
v -72.94068145751953 0.31877008080482483 -51.95950698852539
v -83.14132690429688 0.31877008080482483 -51.95950698852539
v -72.94068145751953 2.2313899993896484 -52.91581726074219
v -72.94068145751953 0.31877008080482483 -53.872127532958984
v -83.14132690429688 2.2313899993896484 -52.91581726074219
v -83.14132690429688 0.31877008080482483 -53.872127532958984
v -72.94068145751953 2.2313899993896484 -52.91581726074219
v -83.14132690429688 2.2313899993896484 -52.91581726074219
v -83.14132690429688 0.31877008080482483 -53.872127532958984
v -83.14132690429688 2.2313899993896484 -52.91581726074219
v -83.14132690429688 0.31877008080482483 -51.95950698852539
v -72.94068145751953 0.31877008080482483 -36.02100372314453
v -72.94068145751953 0.31877008080482483 -34.10839080810547
v -72.94068145751953 2.2313899993896484 -35.064697265625
v -72.94068145751953 0.31877008080482483 -36.02100372314453
v -83.14132690429688 2.2313899993896484 -35.064697265625
v -83.14132690429688 0.31877008080482483 -36.02100372314453
v -72.94068145751953 0.31877008080482483 -34.10839080810547
v -83.14132690429688 0.31877008080482483 -34.10839080810547
v -72.94068145751953 2.2313899993896484 -35.064697265625
v -72.94068145751953 2.2313899993896484 -35.064697265625
v -83.14132690429688 2.2313899993896484 -35.064697265625
v -83.14132690429688 0.31877008080482483 -36.02100372314453
v -83.14132690429688 2.2313899993896484 -35.064697265625
v -83.14132690429688 0.31877008080482483 -34.10839080810547
v -84.41639709472656 -0.31877008080482483 -50.365657806396484
v -85.18144989013672 0.31877008080482483 -50.365657806396484
v -85.18144989013672 -0.31877008080482483 -50.365657806396484
v -84.41639709472656 -0.31877008080482483 -50.365657806396484
v -85.18144989013672 -0.31877008080482483 -50.365657806396484
v -85.18144989013672 -0.31877008080482483 -44.372779846191406
v -84.41639709472656 -0.31877008080482483 -44.372779846191406
v -84.41639709472656 -0.31877008080482483 -50.365657806396484
v -84.41639709472656 -0.31877008080482483 -44.372779846191406
v -84.73517608642578 0.31877008080482483 -44.372779846191406
v -85.69148254394531 2.2313899993896484 -50.365657806396484
v -85.69148254394531 2.2313899993896484 -37.6148567199707
v -86.64778900146484 0.31877008080482483 -50.365657806396484
v -84.73517608642578 0.31877008080482483 -37.6148567199707
v -86.64778900146484 0.31877008080482483 -50.365657806396484
v -85.69148254394531 2.2313899993896484 -37.6148567199707
v -86.64778900146484 0.31877008080482483 -37.6148567199707
v -85.69148254394531 2.2313899993896484 -50.365657806396484
v -85.69148254394531 2.2313899993896484 -50.365657806396484
v -84.73517608642578 0.31877008080482483 -37.6148567199707
v -86.64778900146484 0.31877008080482483 -37.6148567199707
v -85.69148254394531 2.2313899993896484 -37.6148567199707
v -69.4342041015625 0.31877008080482483 -50.365657806396484
v -70.39051818847656 2.2313899993896484 -50.365657806396484
v -71.3468246459961 0.31877008080482483 -50.365657806396484
v -69.4342041015625 0.31877008080482483 -50.365657806396484
v -69.4342041015625 0.31877008080482483 -37.6148567199707
v -70.39051818847656 2.2313899993896484 -50.365657806396484
v -71.3468246459961 0.31877008080482483 -50.365657806396484
v -70.39051818847656 2.2313899993896484 -37.6148567199707
v -71.3468246459961 0.31877008080482483 -37.6148567199707
v -70.39051818847656 2.2313899993896484 -50.365657806396484
v -70.39051818847656 2.2313899993896484 -37.6148567199707
v -69.4342041015625 0.31877008080482483 -37.6148567199707
v -71.3468246459961 0.31877008080482483 -37.6148567199707
v -70.39051818847656 2.2313899993896484 -37.6148567199707
v -53.814483642578125 0.31877008080482483 -53.872127532958984
v -53.814483642578125 0.31877008080482483 -51.95950698852539
v -53.814483642578125 2.2313899993896484 -52.91581726074219
v -53.814483642578125 0.31877008080482483 -51.95950698852539
v -64.01512908935547 0.31877008080482483 -51.95950698852539
v -53.814483642578125 2.2313899993896484 -52.91581726074219
v -53.814483642578125 0.31877008080482483 -53.872127532958984
v -64.01512908935547 2.2313899993896484 -52.91581726074219
v -64.01512908935547 0.31877008080482483 -53.872127532958984
v -64.01512908935547 0.31877008080482483 -53.872127532958984
v -64.01512908935547 2.2313899993896484 -52.91581726074219
v -64.01512908935547 0.31877008080482483 -51.95950698852539
v -53.814483642578125 2.2313899993896484 -52.91581726074219
v -64.01512908935547 2.2313899993896484 -52.91581726074219
v -53.814483642578125 0.31877008080482483 -36.02100372314453
v -53.814483642578125 0.31877008080482483 -34.10839080810547
v -53.814483642578125 2.2313899993896484 -35.064697265625
v -53.814483642578125 0.31877008080482483 -34.10839080810547
v -64.01512908935547 0.31877008080482483 -34.10839080810547
v -53.814483642578125 2.2313899993896484 -35.064697265625
v -53.814483642578125 0.31877008080482483 -36.02100372314453
v -64.01512908935547 2.2313899993896484 -35.064697265625
v -64.01512908935547 0.31877008080482483 -36.02100372314453
v -64.01512908935547 0.31877008080482483 -36.02100372314453
v -64.01512908935547 2.2313899993896484 -35.064697265625
v -64.01512908935547 0.31877008080482483 -34.10839080810547
v -53.814483642578125 2.2313899993896484 -35.064697265625
v -64.01512908935547 2.2313899993896484 -35.064697265625
v -65.29019927978516 -0.31877008080482483 -50.365657806396484
v -66.05525207519531 0.31877008080482483 -50.365657806396484
v -66.05525207519531 -0.31877008080482483 -50.365657806396484
v -65.29019927978516 -0.31877008080482483 -50.365657806396484
v -66.05525207519531 -0.31877008080482483 -50.365657806396484
v -66.05525207519531 -0.31877008080482483 -44.372779846191406
v -65.29019927978516 -0.31877008080482483 -44.372779846191406
v -65.29019927978516 -0.31877008080482483 -50.365657806396484
v -65.29019927978516 -0.31877008080482483 -44.372779846191406
v -65.60897827148438 0.31877008080482483 -44.372779846191406
v -66.5652847290039 2.2313899993896484 -50.365657806396484
v -66.5652847290039 2.2313899993896484 -37.6148567199707
v -67.52159118652344 0.31877008080482483 -50.365657806396484
v -67.52159118652344 0.31877008080482483 -50.365657806396484
v -66.5652847290039 2.2313899993896484 -37.6148567199707
v -67.52159118652344 0.31877008080482483 -37.6148567199707
v -65.60897827148438 0.31877008080482483 -37.6148567199707
v -66.5652847290039 2.2313899993896484 -50.365657806396484
v -66.5652847290039 2.2313899993896484 -50.365657806396484
v -65.60897827148438 0.31877008080482483 -37.6148567199707
v -67.52159118652344 0.31877008080482483 -37.6148567199707
v -66.5652847290039 2.2313899993896484 -37.6148567199707
v -50.308006286621094 0.31877008080482483 -50.365657806396484
v -51.264312744140625 2.2313899993896484 -50.365657806396484
v -52.22062301635742 0.31877008080482483 -50.365657806396484
v -50.308006286621094 0.31877008080482483 -50.365657806396484
v -50.308006286621094 0.31877008080482483 -37.6148567199707
v -51.264312744140625 2.2313899993896484 -50.365657806396484
v -52.22062301635742 0.31877008080482483 -50.365657806396484
v -51.264312744140625 2.2313899993896484 -37.6148567199707
v -52.22062301635742 0.31877008080482483 -37.6148567199707
v -51.264312744140625 2.2313899993896484 -50.365657806396484
v -51.264312744140625 2.2313899993896484 -37.6148567199707
v -50.308006286621094 0.31877008080482483 -37.6148567199707
v -52.22062301635742 0.31877008080482483 -37.6148567199707
v -51.264312744140625 2.2313899993896484 -37.6148567199707
v -34.68828582763672 0.31877008080482483 -53.872127532958984
v -34.68828582763672 0.31877008080482483 -51.95950698852539
v -34.68828582763672 2.2313899993896484 -52.91581726074219
v -34.68828582763672 0.31877008080482483 -53.872127532958984
v -34.68828582763672 2.2313899993896484 -52.91581726074219
v -44.8889274597168 2.2313899993896484 -52.91581726074219
v -34.68828582763672 0.31877008080482483 -51.95950698852539
v -44.8889274597168 2.2313899993896484 -52.91581726074219
v -34.68828582763672 2.2313899993896484 -52.91581726074219
v -44.8889274597168 0.31877008080482483 -53.872127532958984
v -44.8889274597168 0.31877008080482483 -51.95950698852539
v -44.8889274597168 0.31877008080482483 -53.872127532958984
v -44.8889274597168 2.2313899993896484 -52.91581726074219
v -44.8889274597168 0.31877008080482483 -51.95950698852539
v -34.68828582763672 0.31877008080482483 -36.02100372314453
v -34.68828582763672 0.31877008080482483 -34.10839080810547
v -34.68828582763672 2.2313899993896484 -35.064697265625
v -34.68828582763672 0.31877008080482483 -34.10839080810547
v -44.8889274597168 0.31877008080482483 -34.10839080810547
v -34.68828582763672 2.2313899993896484 -35.064697265625
v -34.68828582763672 0.31877008080482483 -36.02100372314453
v -34.68828582763672 2.2313899993896484 -35.064697265625
v -44.8889274597168 2.2313899993896484 -35.064697265625
v -44.8889274597168 0.31877008080482483 -36.02100372314453
v -44.8889274597168 0.31877008080482483 -36.02100372314453
v -44.8889274597168 2.2313899993896484 -35.064697265625
v -44.8889274597168 0.31877008080482483 -34.10839080810547
v -44.8889274597168 2.2313899993896484 -35.064697265625
v -46.163997650146484 -0.31877008080482483 -50.365657806396484
v -46.929054260253906 0.31877008080482483 -50.365657806396484
v -46.929054260253906 -0.31877008080482483 -50.365657806396484
v -46.163997650146484 -0.31877008080482483 -50.365657806396484
v -46.929054260253906 -0.31877008080482483 -50.365657806396484
v -46.929054260253906 -0.31877008080482483 -44.372779846191406
v -46.163997650146484 -0.31877008080482483 -44.372779846191406
v -46.163997650146484 -0.31877008080482483 -50.365657806396484
v -46.163997650146484 -0.31877008080482483 -44.372779846191406
v -46.4827766418457 0.31877008080482483 -44.372779846191406
v -47.439083099365234 2.2313899993896484 -50.365657806396484
v -47.439083099365234 2.2313899993896484 -37.6148567199707
v -48.39539337158203 0.31877008080482483 -50.365657806396484
v -46.4827766418457 0.31877008080482483 -37.6148567199707
v -48.39539337158203 0.31877008080482483 -50.365657806396484
v -47.439083099365234 2.2313899993896484 -37.6148567199707
v -48.39539337158203 0.31877008080482483 -37.6148567199707
v -47.439083099365234 2.2313899993896484 -50.365657806396484
v -47.439083099365234 2.2313899993896484 -50.365657806396484
v -46.4827766418457 0.31877008080482483 -37.6148567199707
v -48.39539337158203 0.31877008080482483 -37.6148567199707
v -47.439083099365234 2.2313899993896484 -37.6148567199707
v -31.181806564331055 0.31877008080482483 -50.365657806396484
v -32.13811492919922 2.2313899993896484 -50.365657806396484
v -33.09442138671875 0.31877008080482483 -50.365657806396484
v -31.181806564331055 0.31877008080482483 -50.365657806396484
v -31.181806564331055 0.31877008080482483 -37.6148567199707
v -32.13811492919922 2.2313899993896484 -50.365657806396484
v -33.09442138671875 0.31877008080482483 -50.365657806396484
v -32.13811492919922 2.2313899993896484 -37.6148567199707
v -33.09442138671875 0.31877008080482483 -37.6148567199707
v -32.13811492919922 2.2313899993896484 -50.365657806396484
v -32.13811492919922 2.2313899993896484 -37.6148567199707
v -31.181806564331055 0.31877008080482483 -37.6148567199707
v -33.09442138671875 0.31877008080482483 -37.6148567199707
v -32.13811492919922 2.2313899993896484 -37.6148567199707
v -15.562084197998047 0.31877008080482483 -53.872127532958984
v -15.562084197998047 0.31877008080482483 -51.95950698852539
v -15.562084197998047 2.2313899993896484 -52.91581726074219
v -15.562084197998047 0.31877008080482483 -53.872127532958984
v -25.762725830078125 2.2313899993896484 -52.91581726074219
v -25.762725830078125 0.31877008080482483 -53.872127532958984
v -15.562084197998047 0.31877008080482483 -51.95950698852539
v -25.762725830078125 0.31877008080482483 -51.95950698852539
v -25.762725830078125 2.2313899993896484 -52.91581726074219
v -25.762725830078125 0.31877008080482483 -53.872127532958984
v -25.762725830078125 2.2313899993896484 -52.91581726074219
v -25.762725830078125 0.31877008080482483 -51.95950698852539
v -15.562084197998047 2.2313899993896484 -52.91581726074219
v -15.562084197998047 2.2313899993896484 -52.91581726074219
v -15.562084197998047 0.31877008080482483 -36.02100372314453
v -15.562084197998047 0.31877008080482483 -34.10839080810547
v -15.562084197998047 2.2313899993896484 -35.064697265625
v -15.562084197998047 0.31877008080482483 -34.10839080810547
v -25.762725830078125 0.31877008080482483 -34.10839080810547
v -15.562084197998047 2.2313899993896484 -35.064697265625
v -15.562084197998047 0.31877008080482483 -36.02100372314453
v -25.762725830078125 2.2313899993896484 -35.064697265625
v -25.762725830078125 0.31877008080482483 -36.02100372314453
v -25.762725830078125 0.31877008080482483 -36.02100372314453
v -25.762725830078125 2.2313899993896484 -35.064697265625
v -25.762725830078125 0.31877008080482483 -34.10839080810547
v -15.562084197998047 2.2313899993896484 -35.064697265625
v -25.762725830078125 2.2313899993896484 -35.064697265625
v -27.037799835205078 -0.31877008080482483 -50.365657806396484
v -27.802852630615234 0.31877008080482483 -50.365657806396484
v -27.802852630615234 -0.31877008080482483 -50.365657806396484
v -27.037799835205078 -0.31877008080482483 -50.365657806396484
v -27.802852630615234 -0.31877008080482483 -50.365657806396484
v -27.802852630615234 -0.31877008080482483 -44.372779846191406
v -27.037799835205078 -0.31877008080482483 -44.372779846191406
v -27.037799835205078 -0.31877008080482483 -50.365657806396484
v -27.037799835205078 -0.31877008080482483 -44.372779846191406
v -27.356576919555664 0.31877008080482483 -44.372779846191406
v -28.312883377075195 2.2313899993896484 -50.365657806396484
v -28.312883377075195 2.2313899993896484 -37.6148567199707
v -29.26919174194336 0.31877008080482483 -50.365657806396484
v -27.356576919555664 0.31877008080482483 -37.6148567199707
v -29.26919174194336 0.31877008080482483 -50.365657806396484
v -28.312883377075195 2.2313899993896484 -37.6148567199707
v -29.26919174194336 0.31877008080482483 -37.6148567199707
v -28.312883377075195 2.2313899993896484 -50.365657806396484
v -28.312883377075195 2.2313899993896484 -50.365657806396484
v -27.356576919555664 0.31877008080482483 -37.6148567199707
v -29.26919174194336 0.31877008080482483 -37.6148567199707
v -28.312883377075195 2.2313899993896484 -37.6148567199707
v -12.055606842041016 0.31877008080482483 -50.365657806396484
v -13.011914253234863 2.2313899993896484 -50.365657806396484
v -13.968221664428711 0.31877008080482483 -50.365657806396484
v -12.055606842041016 0.31877008080482483 -50.365657806396484
v -12.055606842041016 0.31877008080482483 -37.6148567199707
v -13.011914253234863 2.2313899993896484 -50.365657806396484
v -13.968221664428711 0.31877008080482483 -50.365657806396484
v -13.011914253234863 2.2313899993896484 -50.365657806396484
v -13.011914253234863 2.2313899993896484 -37.6148567199707
v -13.011914253234863 2.2313899993896484 -37.6148567199707
v -13.968221664428711 0.31877008080482483 -37.6148567199707
v -12.055606842041016 0.31877008080482483 -37.6148567199707
v -13.968221664428711 0.31877008080482483 -37.6148567199707
v -13.011914253234863 2.2313899993896484 -37.6148567199707
v 3.564122438430786 0.31877008080482483 -53.872127532958984
v 3.564122438430786 0.31877008080482483 -51.95950698852539
v 3.564122438430786 2.2313899993896484 -52.91581726074219
v 3.564122438430786 0.31877008080482483 -53.872127532958984
v 3.564122438430786 2.2313899993896484 -52.91581726074219
v -6.636514186859131 2.2313899993896484 -52.91581726074219
v 3.564122438430786 0.31877008080482483 -51.95950698852539
v -6.636514186859131 2.2313899993896484 -52.91581726074219
v 3.564122438430786 2.2313899993896484 -52.91581726074219
v -6.636514186859131 0.31877008080482483 -53.872127532958984
v -6.636514186859131 0.31877008080482483 -51.95950698852539
v -6.636514186859131 0.31877008080482483 -53.872127532958984
v -6.636514186859131 2.2313899993896484 -52.91581726074219
v -6.636514186859131 0.31877008080482483 -51.95950698852539
v 3.564122438430786 0.31877008080482483 -36.02100372314453
v 3.564122438430786 0.31877008080482483 -34.10839080810547
v 3.564122438430786 2.2313899993896484 -35.064697265625
v 3.564122438430786 0.31877008080482483 -34.10839080810547
v -6.636514186859131 0.31877008080482483 -34.10839080810547
v 3.564122438430786 2.2313899993896484 -35.064697265625
v 3.564122438430786 0.31877008080482483 -36.02100372314453
v 3.564122438430786 2.2313899993896484 -35.064697265625
v -6.636514186859131 2.2313899993896484 -35.064697265625
v -6.636514186859131 0.31877008080482483 -36.02100372314453
v -6.636514186859131 0.31877008080482483 -36.02100372314453
v -6.636514186859131 2.2313899993896484 -35.064697265625
v -6.636514186859131 0.31877008080482483 -34.10839080810547
v -6.636514186859131 2.2313899993896484 -35.064697265625
v -7.911599159240723 -0.31877008080482483 -50.365657806396484
v -8.676651954650879 0.31877008080482483 -50.365657806396484
v -8.676651954650879 -0.31877008080482483 -50.365657806396484
v -7.911599159240723 -0.31877008080482483 -50.365657806396484
v -8.676651954650879 -0.31877008080482483 -50.365657806396484
v -8.676651954650879 -0.31877008080482483 -44.372779846191406
v -7.911599159240723 -0.31877008080482483 -44.372779846191406
v -7.911599159240723 -0.31877008080482483 -50.365657806396484
v -7.911599159240723 -0.31877008080482483 -44.372779846191406
v -8.230376243591309 0.31877008080482483 -44.372779846191406
v -9.186683654785156 2.2313899993896484 -50.365657806396484
v -9.186683654785156 2.2313899993896484 -37.6148567199707
v -10.142991065979004 0.31877008080482483 -50.365657806396484
v -10.142991065979004 0.31877008080482483 -50.365657806396484
v -9.186683654785156 2.2313899993896484 -37.6148567199707
v -10.142991065979004 0.31877008080482483 -37.6148567199707
v -8.230376243591309 0.31877008080482483 -37.6148567199707
v -9.186683654785156 2.2313899993896484 -50.365657806396484
v -9.186683654785156 2.2313899993896484 -50.365657806396484
v -8.230376243591309 0.31877008080482483 -37.6148567199707
v -10.142991065979004 0.31877008080482483 -37.6148567199707
v -9.186683654785156 2.2313899993896484 -37.6148567199707
v 7.070587635040283 0.31877008080482483 -50.365657806396484
v 6.114279747009277 2.2313899993896484 -50.365657806396484
v 5.15797233581543 0.31877008080482483 -50.365657806396484
v 7.070587635040283 0.31877008080482483 -50.365657806396484
v 7.070587635040283 0.31877008080482483 -37.6148567199707
v 6.114279747009277 2.2313899993896484 -50.365657806396484
v 5.15797233581543 0.31877008080482483 -50.365657806396484
v 6.114279747009277 2.2313899993896484 -37.6148567199707
v 5.15797233581543 0.31877008080482483 -37.6148567199707
v 6.114279747009277 2.2313899993896484 -50.365657806396484
v 6.114279747009277 2.2313899993896484 -37.6148567199707
v 7.070587635040283 0.31877008080482483 -37.6148567199707
v 5.15797233581543 0.31877008080482483 -37.6148567199707
v 6.114279747009277 2.2313899993896484 -37.6148567199707
v 22.690322875976562 0.31877008080482483 -53.872127532958984
v 22.690322875976562 0.31877008080482483 -51.95950698852539
v 22.690322875976562 2.2313899993896484 -52.91581726074219
v 22.690322875976562 0.31877008080482483 -53.872127532958984
v 12.489680290222168 2.2313899993896484 -52.91581726074219
v 12.489680290222168 0.31877008080482483 -53.872127532958984
v 22.690322875976562 0.31877008080482483 -51.95950698852539
v 12.489680290222168 0.31877008080482483 -51.95950698852539
v 12.489680290222168 2.2313899993896484 -52.91581726074219
v 22.690322875976562 2.2313899993896484 -52.91581726074219
v 22.690322875976562 2.2313899993896484 -52.91581726074219
v 12.489680290222168 0.31877008080482483 -53.872127532958984
v 12.489680290222168 2.2313899993896484 -52.91581726074219
v 12.489680290222168 0.31877008080482483 -51.95950698852539
v 22.690322875976562 0.31877008080482483 -36.02100372314453
v 22.690322875976562 0.31877008080482483 -34.10839080810547
v 22.690322875976562 2.2313899993896484 -35.064697265625
v 22.690322875976562 0.31877008080482483 -36.02100372314453
v 12.489680290222168 2.2313899993896484 -35.064697265625
v 12.489680290222168 0.31877008080482483 -36.02100372314453
v 22.690322875976562 0.31877008080482483 -34.10839080810547
v 12.489680290222168 0.31877008080482483 -34.10839080810547
v 22.690322875976562 2.2313899993896484 -35.064697265625
v 22.690322875976562 2.2313899993896484 -35.064697265625
v 12.489680290222168 2.2313899993896484 -35.064697265625
v 12.489680290222168 0.31877008080482483 -36.02100372314453
v 12.489680290222168 2.2313899993896484 -35.064697265625
v 12.489680290222168 0.31877008080482483 -34.10839080810547
v 11.214601516723633 -0.31877008080482483 -50.365657806396484
v 10.449553489685059 0.31877008080482483 -50.365657806396484
v 10.449553489685059 -0.31877008080482483 -50.365657806396484
v 11.214601516723633 -0.31877008080482483 -50.365657806396484
v 10.449553489685059 -0.31877008080482483 -50.365657806396484
v 10.449553489685059 -0.31877008080482483 -44.372779846191406
v 11.214601516723633 -0.31877008080482483 -44.372779846191406
v 11.214601516723633 -0.31877008080482483 -50.365657806396484
v 11.214601516723633 -0.31877008080482483 -44.372779846191406
v 10.895830154418945 0.31877008080482483 -44.372779846191406
v 9.939522743225098 2.2313899993896484 -50.365657806396484
v 9.939522743225098 2.2313899993896484 -37.6148567199707
v 8.983214378356934 0.31877008080482483 -50.365657806396484
v 10.895830154418945 0.31877008080482483 -37.6148567199707
v 8.983214378356934 0.31877008080482483 -50.365657806396484
v 9.939522743225098 2.2313899993896484 -37.6148567199707
v 8.983214378356934 0.31877008080482483 -37.6148567199707
v 9.939522743225098 2.2313899993896484 -50.365657806396484
v 9.939522743225098 2.2313899993896484 -50.365657806396484
v 10.895830154418945 0.31877008080482483 -37.6148567199707
v 8.983214378356934 0.31877008080482483 -37.6148567199707
v 9.939522743225098 2.2313899993896484 -37.6148567199707
v 26.196786880493164 0.31877008080482483 -50.365657806396484
v 25.240480422973633 2.2313899993896484 -50.365657806396484
v 24.28417205810547 0.31877008080482483 -50.365657806396484
v 26.196786880493164 0.31877008080482483 -50.365657806396484
v 26.196786880493164 0.31877008080482483 -37.6148567199707
v 25.240480422973633 2.2313899993896484 -50.365657806396484
v 24.28417205810547 0.31877008080482483 -50.365657806396484
v 25.240480422973633 2.2313899993896484 -37.6148567199707
v 24.28417205810547 0.31877008080482483 -37.6148567199707
v 25.240480422973633 2.2313899993896484 -50.365657806396484
v 25.240480422973633 2.2313899993896484 -37.6148567199707
v 26.196786880493164 0.31877008080482483 -37.6148567199707
v 24.28417205810547 0.31877008080482483 -37.6148567199707
v 25.240480422973633 2.2313899993896484 -37.6148567199707
v 41.816524505615234 0.31877008080482483 -53.872127532958984
v 41.816524505615234 0.31877008080482483 -51.95950698852539
v 41.816524505615234 2.2313899993896484 -52.91581726074219
v 41.816524505615234 0.31877008080482483 -51.95950698852539
v 31.615880966186523 0.31877008080482483 -51.95950698852539
v 41.816524505615234 2.2313899993896484 -52.91581726074219
v 41.816524505615234 0.31877008080482483 -53.872127532958984
v 31.615880966186523 2.2313899993896484 -52.91581726074219
v 31.615880966186523 0.31877008080482483 -53.872127532958984
v 31.615880966186523 0.31877008080482483 -53.872127532958984
v 31.615880966186523 2.2313899993896484 -52.91581726074219
v 31.615880966186523 0.31877008080482483 -51.95950698852539
v 41.816524505615234 2.2313899993896484 -52.91581726074219
v 31.615880966186523 2.2313899993896484 -52.91581726074219
v 41.816524505615234 0.31877008080482483 -36.02100372314453
v 41.816524505615234 0.31877008080482483 -34.10839080810547
v 41.816524505615234 2.2313899993896484 -35.064697265625
v 41.816524505615234 0.31877008080482483 -36.02100372314453
v 31.615880966186523 2.2313899993896484 -35.064697265625
v 31.615880966186523 0.31877008080482483 -36.02100372314453
v 41.816524505615234 0.31877008080482483 -34.10839080810547
v 31.615880966186523 0.31877008080482483 -34.10839080810547
v 41.816524505615234 2.2313899993896484 -35.064697265625
v 31.615880966186523 0.31877008080482483 -36.02100372314453
v 31.615880966186523 2.2313899993896484 -35.064697265625
v 31.615880966186523 0.31877008080482483 -34.10839080810547
v 41.816524505615234 2.2313899993896484 -35.064697265625
v 31.615880966186523 2.2313899993896484 -35.064697265625
v 30.340801239013672 -0.31877008080482483 -50.365657806396484
v 29.575754165649414 0.31877008080482483 -50.365657806396484
v 29.575754165649414 -0.31877008080482483 -50.365657806396484
v 30.340801239013672 -0.31877008080482483 -50.365657806396484
v 29.575754165649414 -0.31877008080482483 -50.365657806396484
v 29.575754165649414 -0.31877008080482483 -44.372779846191406
v 30.340801239013672 -0.31877008080482483 -44.372779846191406
v 30.340801239013672 -0.31877008080482483 -50.365657806396484
v 30.340801239013672 -0.31877008080482483 -44.372779846191406
v 30.022029876708984 0.31877008080482483 -44.372779846191406
v 29.065723419189453 2.2313899993896484 -50.365657806396484
v 29.065723419189453 2.2313899993896484 -37.6148567199707
v 28.10941505432129 0.31877008080482483 -50.365657806396484
v 30.022029876708984 0.31877008080482483 -37.6148567199707
v 28.10941505432129 0.31877008080482483 -50.365657806396484
v 29.065723419189453 2.2313899993896484 -37.6148567199707
v 28.10941505432129 0.31877008080482483 -37.6148567199707
v 29.065723419189453 2.2313899993896484 -50.365657806396484
v 29.065723419189453 2.2313899993896484 -50.365657806396484
v 30.022029876708984 0.31877008080482483 -37.6148567199707
v 28.10941505432129 0.31877008080482483 -37.6148567199707
v 29.065723419189453 2.2313899993896484 -37.6148567199707
v 45.3229866027832 0.31877008080482483 -50.365657806396484
v 44.36668014526367 2.2313899993896484 -50.365657806396484
v 43.41037368774414 0.31877008080482483 -50.365657806396484
v 45.3229866027832 0.31877008080482483 -50.365657806396484
v 45.3229866027832 0.31877008080482483 -37.6148567199707
v 44.36668014526367 2.2313899993896484 -50.365657806396484
v 43.41037368774414 0.31877008080482483 -50.365657806396484
v 44.36668014526367 2.2313899993896484 -37.6148567199707
v 43.41037368774414 0.31877008080482483 -37.6148567199707
v 44.36668014526367 2.2313899993896484 -50.365657806396484
v 44.36668014526367 2.2313899993896484 -37.6148567199707
v 45.3229866027832 0.31877008080482483 -37.6148567199707
v 43.41037368774414 0.31877008080482483 -37.6148567199707
v 44.36668014526367 2.2313899993896484 -37.6148567199707
v 60.94272994995117 0.31877008080482483 -53.872127532958984
v 60.94272994995117 0.31877008080482483 -51.95950698852539
v 60.94272994995117 2.2313899993896484 -52.91581726074219
v 60.94272994995117 0.31877008080482483 -51.95950698852539
v 50.742088317871094 0.31877008080482483 -51.95950698852539
v 60.94272994995117 2.2313899993896484 -52.91581726074219
v 60.94272994995117 0.31877008080482483 -53.872127532958984
v 50.742088317871094 2.2313899993896484 -52.91581726074219
v 50.742088317871094 0.31877008080482483 -53.872127532958984
v 60.94272994995117 2.2313899993896484 -52.91581726074219
v 50.742088317871094 2.2313899993896484 -52.91581726074219
v 50.742088317871094 0.31877008080482483 -53.872127532958984
v 50.742088317871094 2.2313899993896484 -52.91581726074219
v 50.742088317871094 0.31877008080482483 -51.95950698852539
v 60.94272994995117 0.31877008080482483 -36.02100372314453
v 60.94272994995117 0.31877008080482483 -34.10839080810547
v 60.94272994995117 2.2313899993896484 -35.064697265625
v 60.94272994995117 0.31877008080482483 -36.02100372314453
v 50.742088317871094 2.2313899993896484 -35.064697265625
v 50.742088317871094 0.31877008080482483 -36.02100372314453
v 60.94272994995117 0.31877008080482483 -34.10839080810547
v 50.742088317871094 0.31877008080482483 -34.10839080810547
v 60.94272994995117 2.2313899993896484 -35.064697265625
v 60.94272994995117 2.2313899993896484 -35.064697265625
v 50.742088317871094 2.2313899993896484 -35.064697265625
v 50.742088317871094 0.31877008080482483 -36.02100372314453
v 50.742088317871094 2.2313899993896484 -35.064697265625
v 50.742088317871094 0.31877008080482483 -34.10839080810547
v 49.467002868652344 -0.31877008080482483 -50.365657806396484
v 48.70195770263672 0.31877008080482483 -50.365657806396484
v 48.70195770263672 -0.31877008080482483 -50.365657806396484
v 49.467002868652344 -0.31877008080482483 -50.365657806396484
v 48.70195770263672 -0.31877008080482483 -50.365657806396484
v 48.70195770263672 -0.31877008080482483 -44.372779846191406
v 49.467002868652344 -0.31877008080482483 -44.372779846191406
v 49.467002868652344 -0.31877008080482483 -50.365657806396484
v 49.467002868652344 -0.31877008080482483 -44.372779846191406
v 49.148231506347656 0.31877008080482483 -44.372779846191406
v 48.19192123413086 2.2313899993896484 -50.365657806396484
v 48.19192123413086 2.2313899993896484 -37.6148567199707
v 47.23561477661133 0.31877008080482483 -50.365657806396484
v 49.148231506347656 0.31877008080482483 -37.6148567199707
v 47.23561477661133 0.31877008080482483 -50.365657806396484
v 48.19192123413086 2.2313899993896484 -37.6148567199707
v 47.23561477661133 0.31877008080482483 -37.6148567199707
v 48.19192123413086 2.2313899993896484 -50.365657806396484
v 48.19192123413086 2.2313899993896484 -50.365657806396484
v 49.148231506347656 0.31877008080482483 -37.6148567199707
v 47.23561477661133 0.31877008080482483 -37.6148567199707
v 48.19192123413086 2.2313899993896484 -37.6148567199707
v 64.4491958618164 0.31877008080482483 -50.365657806396484
v 63.49288558959961 2.2313899993896484 -50.365657806396484
v 62.53657913208008 0.31877008080482483 -50.365657806396484
v 64.4491958618164 0.31877008080482483 -50.365657806396484
v 64.4491958618164 0.31877008080482483 -37.6148567199707
v 63.49288558959961 2.2313899993896484 -50.365657806396484
v 62.53657913208008 0.31877008080482483 -50.365657806396484
v 63.49288558959961 2.2313899993896484 -37.6148567199707
v 62.53657913208008 0.31877008080482483 -37.6148567199707
v 63.49288558959961 2.2313899993896484 -50.365657806396484
v 63.49288558959961 2.2313899993896484 -37.6148567199707
v 64.4491958618164 0.31877008080482483 -37.6148567199707
v 62.53657913208008 0.31877008080482483 -37.6148567199707
v 63.49288558959961 2.2313899993896484 -37.6148567199707
v 80.06892395019531 0.31877008080482483 -53.872127532958984
v 80.06892395019531 0.31877008080482483 -51.95950698852539
v 80.06892395019531 2.2313899993896484 -52.91581726074219
v 80.06892395019531 0.31877008080482483 -51.95950698852539
v 69.8682861328125 0.31877008080482483 -51.95950698852539
v 80.06892395019531 2.2313899993896484 -52.91581726074219
v 80.06892395019531 0.31877008080482483 -53.872127532958984
v 69.8682861328125 2.2313899993896484 -52.91581726074219
v 69.8682861328125 0.31877008080482483 -53.872127532958984
v 69.8682861328125 0.31877008080482483 -53.872127532958984
v 69.8682861328125 2.2313899993896484 -52.91581726074219
v 69.8682861328125 0.31877008080482483 -51.95950698852539
v 80.06892395019531 2.2313899993896484 -52.91581726074219
v 69.8682861328125 2.2313899993896484 -52.91581726074219
v 80.06892395019531 0.31877008080482483 -36.02100372314453
v 80.06892395019531 0.31877008080482483 -34.10839080810547
v 80.06892395019531 2.2313899993896484 -35.064697265625
v 80.06892395019531 0.31877008080482483 -34.10839080810547
v 69.8682861328125 0.31877008080482483 -34.10839080810547
v 80.06892395019531 2.2313899993896484 -35.064697265625
v 80.06892395019531 0.31877008080482483 -36.02100372314453
v 69.8682861328125 2.2313899993896484 -35.064697265625
v 69.8682861328125 0.31877008080482483 -36.02100372314453
v 69.8682861328125 0.31877008080482483 -36.02100372314453
v 69.8682861328125 2.2313899993896484 -35.064697265625
v 69.8682861328125 0.31877008080482483 -34.10839080810547
v 80.06892395019531 2.2313899993896484 -35.064697265625
v 69.8682861328125 2.2313899993896484 -35.064697265625
v 68.59320068359375 -0.31877008080482483 -50.365657806396484
v 67.82816314697266 0.31877008080482483 -50.365657806396484
v 67.82816314697266 -0.31877008080482483 -50.365657806396484
v 68.59320068359375 -0.31877008080482483 -50.365657806396484
v 67.82816314697266 -0.31877008080482483 -50.365657806396484
v 67.82816314697266 -0.31877008080482483 -44.372779846191406
v 68.59320068359375 -0.31877008080482483 -44.372779846191406
v 68.59320068359375 -0.31877008080482483 -50.365657806396484
v 68.59320068359375 -0.31877008080482483 -44.372779846191406
v 68.27442932128906 0.31877008080482483 -44.372779846191406
v 67.31812286376953 2.2313899993896484 -50.365657806396484
v 67.31812286376953 2.2313899993896484 -37.6148567199707
v 68.27442932128906 0.31877008080482483 -37.6148567199707
v 67.31812286376953 2.2313899993896484 -50.365657806396484
v 66.36181640625 0.31877008080482483 -50.365657806396484
v 66.36181640625 0.31877008080482483 -50.365657806396484
v 67.31812286376953 2.2313899993896484 -37.6148567199707
v 66.36181640625 0.31877008080482483 -37.6148567199707
v 67.31812286376953 2.2313899993896484 -50.365657806396484
v 68.27442932128906 0.31877008080482483 -37.6148567199707
v 66.36181640625 0.31877008080482483 -37.6148567199707
v 67.31812286376953 2.2313899993896484 -37.6148567199707
v 83.57539367675781 0.31877008080482483 -50.365657806396484
v 82.61908721923828 2.2313899993896484 -50.365657806396484
v 81.66277313232422 0.31877008080482483 -50.365657806396484
v 83.57539367675781 0.31877008080482483 -50.365657806396484
v 83.57539367675781 0.31877008080482483 -37.6148567199707
v 82.61908721923828 2.2313899993896484 -50.365657806396484
v 81.66277313232422 0.31877008080482483 -50.365657806396484
v 82.61908721923828 2.2313899993896484 -37.6148567199707
v 81.66277313232422 0.31877008080482483 -37.6148567199707
v 82.61908721923828 2.2313899993896484 -50.365657806396484
v 82.61908721923828 2.2313899993896484 -37.6148567199707
v 83.57539367675781 0.31877008080482483 -37.6148567199707
v 81.66277313232422 0.31877008080482483 -37.6148567199707
v 82.61908721923828 2.2313899993896484 -37.6148567199707
v 99.5138931274414 -3.506470203399658 -72.99832916259766
v 69.23074340820312 -3.506470203399658 -51.003196716308594
v 80.70646667480469 -3.506470203399658 -51.003196716308594
v 90.50863647460938 -3.506470203399658 -3.345550537109375
v 67.82816314697266 -3.506470203399658 -50.7481803894043
v 69.23074340820312 -3.506470203399658 -50.7481803894043
v 69.23074340820312 -3.506470203399658 -44.372779846191406
v 67.82816314697266 -3.506470203399658 -44.372779846191406
v 69.23074340820312 -3.506470203399658 -36.977317810058594
v 61.580265045166016 -3.506470203399658 -51.003196716308594
v 61.580265045166016 -3.506470203399658 -36.977317810058594
v 91.62256622314453 -3.506470203399658 -1.8938581943511963
v 91.70402526855469 -3.506470203399658 -1.2750787734985352
v 80.70646667480469 -3.506470203399658 -36.977317810058594
v 88.11786651611328 -3.506470203399658 -3.345550537109375
v 91.0037841796875 -3.506470203399658 -2.965613842010498
v 91.38372039794922 -3.506470203399658 -2.470466375350952
v 87.00394439697266 -3.506470203399658 -1.8938581943511963
v 80.70646667480469 -3.506470203399658 -29.326839447021484
v 99.5138931274414 -3.506470203399658 61.800838470458984
v 89.9320297241211 -3.506470203399658 -3.5843870639801025
v 89.3132553100586 -3.506470203399658 -3.66585373878479
v 88.6944808959961 -3.506470203399658 -3.5843870639801025
v 87.62272644042969 -3.506470203399658 -2.965613842010498
v 87.24278259277344 -3.506470203399658 -2.470466375350952
v 86.92247772216797 -3.506470203399658 -1.2750787734985352
v 87.00394439697266 -3.506470203399658 -0.6562994122505188
v 69.23074340820312 -3.506470203399658 -29.326839447021484
v 67.82816314697266 -3.506470203399658 -29.071823120117188
v 69.23074340820312 -3.506470203399658 -29.326839447021484
v 69.23074340820312 -3.506470203399658 -29.071823120117188
v 69.23074340820312 -3.506470203399658 -22.69642448425293
v 67.82816314697266 -3.506470203399658 -22.69642448425293
v 69.23074340820312 -3.506470203399658 -15.300957679748535
v 61.580265045166016 -3.506470203399658 -29.326839447021484
v 50.10454559326172 -3.506470203399658 -29.326839447021484
v 61.580265045166016 -3.506470203399658 -15.300957679748535
v 80.70646667480469 -3.506470203399658 -15.300957679748535
v 80.70646667480469 -3.506470203399658 -7.650478839874268
v 69.23074340820312 -3.506470203399658 -7.650478839874268
v 67.82816314697266 -3.506470203399658 -7.395462989807129
v 69.23074340820312 -3.506470203399658 -7.650478839874268
v 69.23074340820312 -3.506470203399658 -7.395462989807129
v 61.580265045166016 -3.506470203399658 -7.650478839874268
v 50.10454559326172 -3.506470203399658 -7.650478839874268
v 61.580265045166016 -3.506470203399658 6.375406265258789
v 67.82816314697266 -3.506470203399658 -1.020063042640686
v 99.5138931274414 -3.506470203399658 -72.99832916259766
v 99.5138931274414 -3.506470203399658 61.800838470458984
v 99.5138931274414 3.506470203399658 -72.99832916259766
v 50.10454559326172 -3.506470203399658 -44.372779846191406
v 48.70195770263672 -3.506470203399658 -44.372779846191406
v 50.10454559326172 -3.506470203399658 -36.977317810058594
v 48.70195770263672 -3.506470203399658 -50.7481803894043
v 42.45405960083008 -3.506470203399658 -51.003196716308594
v 42.45405960083008 -3.506470203399658 -36.977317810058594
v 30.978343963623047 -3.506470203399658 -51.003196716308594
v 29.575754165649414 -3.506470203399658 -50.7481803894043
v 30.978343963623047 -3.506470203399658 -50.7481803894043
v 30.978343963623047 -3.506470203399658 -44.372779846191406
v 29.575754165649414 -3.506470203399658 -44.372779846191406
v 30.978343963623047 -3.506470203399658 -36.977317810058594
v 23.327857971191406 -3.506470203399658 -36.977317810058594
v -94.93580627441406 -3.506470203399658 -72.99832916259766
v 23.327857971191406 -3.506470203399658 -51.003196716308594
v 50.10454559326172 -3.506470203399658 -51.003196716308594
v 50.10454559326172 -3.506470203399658 -50.7481803894043
v 11.852143287658691 -3.506470203399658 -44.372779846191406
v 10.449553489685059 -3.506470203399658 -44.372779846191406
v 11.852143287658691 -3.506470203399658 -36.977317810058594
v 10.449553489685059 -3.506470203399658 -50.7481803894043
v 4.201658725738525 -3.506470203399658 -36.977317810058594
v 4.201658725738525 -3.506470203399658 -51.003196716308594
v 48.70195770263672 -3.506470203399658 -29.071823120117188
v 42.45405960083008 -3.506470203399658 -29.326839447021484
v 50.10454559326172 -3.506470203399658 -29.071823120117188
v 50.10454559326172 -3.506470203399658 -22.69642448425293
v 48.70195770263672 -3.506470203399658 -22.69642448425293
v 50.10454559326172 -3.506470203399658 -15.300957679748535
v 42.45405960083008 -3.506470203399658 -15.300957679748535
v 30.978343963623047 -3.506470203399658 -29.326839447021484
v 29.575754165649414 -3.506470203399658 -29.071823120117188
v 30.978343963623047 -3.506470203399658 -29.326839447021484
v 23.327857971191406 -3.506470203399658 -29.326839447021484
v 30.978343963623047 -3.506470203399658 -29.071823120117188
v 30.978343963623047 -3.506470203399658 -22.69642448425293
v 29.575754165649414 -3.506470203399658 -22.69642448425293
v 30.978343963623047 -3.506470203399658 -15.300957679748535
v 23.327857971191406 -3.506470203399658 -15.300957679748535
v 42.45405960083008 -3.506470203399658 -7.650478839874268
v 48.70195770263672 -3.506470203399658 -7.395462989807129
v 50.10454559326172 -3.506470203399658 -7.395462989807129
v 48.70195770263672 -3.506470203399658 -1.020063042640686
v 42.45405960083008 -3.506470203399658 6.375406265258789
v 30.978343963623047 -3.506470203399658 -7.650478839874268
v 29.575754165649414 -3.506470203399658 -7.395462989807129
v 23.327857971191406 -3.506470203399658 -7.650478839874268
v 30.978343963623047 -3.506470203399658 -7.395462989807129
v 29.575754165649414 -3.506470203399658 -1.020063042640686
v 11.852143287658691 -3.506470203399658 -29.326839447021484
v 10.449553489685059 -3.506470203399658 -29.071823120117188
v 11.852143287658691 -3.506470203399658 -29.326839447021484
v 4.201658725738525 -3.506470203399658 -29.326839447021484
v -7.274056434631348 -3.506470203399658 -36.977317810058594
v 11.852143287658691 -3.506470203399658 -29.071823120117188
v 11.852143287658691 -3.506470203399658 -22.69642448425293
v 10.449553489685059 -3.506470203399658 -22.69642448425293
v 11.852143287658691 -3.506470203399658 -15.300957679748535
v 4.201658725738525 -3.506470203399658 -15.300957679748535
v 11.852143287658691 -3.506470203399658 -7.650478839874268
v 23.327857971191406 -3.506470203399658 6.375406265258789
v 10.449553489685059 -3.506470203399658 -7.395462989807129
v 11.852143287658691 -3.506470203399658 -7.650478839874268
v 4.201658725738525 -3.506470203399658 -7.650478839874268
v -7.274056434631348 -3.506470203399658 -15.300957679748535
v 11.852143287658691 -3.506470203399658 -7.395462989807129
v 4.201658725738525 -3.506470203399658 6.375406265258789
v 10.449553489685059 -3.506470203399658 -1.020063042640686
v 98.12350463867188 -3.506470203399658 62.37675094604492
v 91.62256622314453 -3.506470203399658 -0.6562994122505188
v 91.38372039794922 -3.506470203399658 -0.07969128340482712
v 91.0037841796875 -3.506470203399658 0.41545626521110535
v 90.50863647460938 -3.506470203399658 0.7953928112983704
v 89.9320297241211 -3.506470203399658 1.0342295169830322
v 87.24278259277344 -3.506470203399658 -0.07969128340482712
v 87.62272644042969 -3.506470203399658 0.41545626521110535
v 89.3132553100586 -3.506470203399658 1.1156961917877197
v 88.6944808959961 -3.506470203399658 1.0342295169830322
v 88.11786651611328 -3.506470203399658 0.7953928112983704
v 80.70646667480469 -3.506470203399658 6.375406265258789
v 80.70646667480469 -3.506470203399658 14.02587890625
v 80.70646667480469 -3.506470203399658 28.0517635345459
v 69.23074340820312 -3.506470203399658 6.375406265258789
v 69.23074340820312 -3.506470203399658 -1.020063042640686
v 69.23074340820312 -3.506470203399658 14.02587890625
v 67.82816314697266 -3.506470203399658 14.28089427947998
v 69.23074340820312 -3.506470203399658 14.02587890625
v 69.23074340820312 -3.506470203399658 14.28089427947998
v 42.45405960083008 -3.506470203399658 14.02587890625
v 61.580265045166016 -3.506470203399658 14.02587890625
v 61.580265045166016 -3.506470203399658 28.0517635345459
v 50.10454559326172 -3.506470203399658 14.02587890625
v 48.70195770263672 -3.506470203399658 14.28089427947998
v 69.23074340820312 -3.506470203399658 20.656293869018555
v 67.82816314697266 -3.506470203399658 20.656293869018555
v 69.23074340820312 -3.506470203399658 28.0517635345459
v 80.70646667480469 -3.506470203399658 35.70223617553711
v 69.23074340820312 -3.506470203399658 35.70223617553711
v 67.82816314697266 -3.506470203399658 35.95726013183594
v 69.23074340820312 -3.506470203399658 35.70223617553711
v 69.23074340820312 -3.506470203399658 35.95726013183594
v 61.580265045166016 -3.506470203399658 35.70223617553711
v 42.45405960083008 -3.506470203399658 35.70223617553711
v 50.10454559326172 -3.506470203399658 35.70223617553711
v 48.70195770263672 -3.506470203399658 35.95726013183594
v 97.41649627685547 -3.506470203399658 63.38809585571289
v 80.70646667480469 -3.506470203399658 49.72812271118164
v 97.76425170898438 -3.506470203399658 63.244049072265625
v 96.87557220458984 -3.506470203399658 64.32501220703125
v 96.70443725585938 -3.506470203399658 64.39588928222656
v 96.16779327392578 -3.506470203399658 65.32537078857422
v 95.98734283447266 -3.506470203399658 65.4001235961914
v 95.15408325195312 -3.506470203399658 66.48604583740234
v 93.94485473632812 -3.506470203399658 67.4139175415039
v 93.45376586914062 -3.506470203399658 68.26449584960938
v 93.15958404541016 -3.506470203399658 68.490234375
v 92.14641571044922 -3.506470203399658 69.81063079833984
v 91.88233947753906 -3.506470203399658 70.44817352294922
v 69.23074340820312 -3.506470203399658 42.33265686035156
v 67.82816314697266 -3.506470203399658 42.33265686035156
v 69.23074340820312 -3.506470203399658 49.72812271118164
v 61.580265045166016 -3.506470203399658 49.72812271118164
v 50.10454559326172 -3.506470203399658 -1.020063042640686
v 50.10454559326172 -3.506470203399658 6.375406265258789
v 50.10454559326172 -3.506470203399658 14.28089427947998
v 48.70195770263672 -3.506470203399658 20.656293869018555
v 30.978343963623047 -3.506470203399658 -1.020063042640686
v 30.978343963623047 -3.506470203399658 6.375406265258789
v 23.327857971191406 -3.506470203399658 14.02587890625
v 30.978343963623047 -3.506470203399658 14.02587890625
v 29.575754165649414 -3.506470203399658 14.28089427947998
v 30.978343963623047 -3.506470203399658 14.28089427947998
v 29.575754165649414 -3.506470203399658 20.656293869018555
v 50.10454559326172 -3.506470203399658 20.656293869018555
v 50.10454559326172 -3.506470203399658 28.0517635345459
v 42.45405960083008 -3.506470203399658 28.0517635345459
v 50.10454559326172 -3.506470203399658 35.95726013183594
v 30.978343963623047 -3.506470203399658 35.70223617553711
v 30.978343963623047 -3.506470203399658 20.656293869018555
v 30.978343963623047 -3.506470203399658 28.0517635345459
v 23.327857971191406 -3.506470203399658 28.0517635345459
v 23.327857971191406 -3.506470203399658 35.70223617553711
v 29.575754165649414 -3.506470203399658 35.95726013183594
v 30.978343963623047 -3.506470203399658 35.95726013183594
v 11.852143287658691 -3.506470203399658 14.02587890625
v 10.449553489685059 -3.506470203399658 14.28089427947998
v 11.852143287658691 -3.506470203399658 -1.020063042640686
v 11.852143287658691 -3.506470203399658 6.375406265258789
v 4.201658725738525 -3.506470203399658 14.02587890625
v 11.852143287658691 -3.506470203399658 14.28089427947998
v 10.449553489685059 -3.506470203399658 20.656293869018555
v -7.274056434631348 -3.506470203399658 14.02587890625
v 11.852143287658691 -3.506470203399658 35.70223617553711
v 4.201658725738525 -3.506470203399658 35.70223617553711
v 10.449553489685059 -3.506470203399658 35.95726013183594
v 11.852143287658691 -3.506470203399658 20.656293869018555
v 11.852143287658691 -3.506470203399658 28.0517635345459
v 4.201658725738525 -3.506470203399658 28.0517635345459
v 11.852143287658691 -3.506470203399658 35.95726013183594
v 10.449553489685059 -3.506470203399658 42.33265686035156
v -14.924541473388672 -3.506470203399658 35.70223617553711
v -7.274056434631348 -3.506470203399658 35.70223617553711
v 50.10454559326172 -3.506470203399658 42.33265686035156
v 48.70195770263672 -3.506470203399658 42.33265686035156
v 50.10454559326172 -3.506470203399658 49.72812271118164
v 42.45405960083008 -3.506470203399658 49.72812271118164
v 23.327857971191406 -3.506470203399658 49.72812271118164
v 29.575754165649414 -3.506470203399658 42.33265686035156
v 30.978343963623047 -3.506470203399658 42.33265686035156
v 30.978343963623047 -3.506470203399658 49.72812271118164
v -101.31121063232422 -3.506470203399658 70.44817352294922
v 11.852143287658691 -3.506470203399658 42.33265686035156
v 11.852143287658691 -3.506470203399658 49.72812271118164
v 4.201658725738525 -3.506470203399658 49.72812271118164
v 91.88233947753906 -3.506470203399658 70.44817352294922
v -101.31121063232422 -3.506470203399658 70.44817352294922
v 91.88233947753906 3.506470203399658 70.44817352294922
v 93.5210189819336 0.31877008080482483 -67.00545501708984
v 80.06892395019531 0.31877008080482483 -51.95950698852539
v 80.06892395019531 0.31877008080482483 -53.872127532958984
v 83.57539367675781 0.31877008080482483 -50.365657806396484
v 81.66277313232422 0.31877008080482483 -50.365657806396484
v 80.70646667480469 0.31877008080482483 -51.003196716308594
v 91.0037841796875 0.31877008080482483 -2.965613842010498
v 80.70646667480469 0.31877008080482483 -36.977317810058594
v 81.66277313232422 0.31877008080482483 -37.6148567199707
v 69.8682861328125 0.31877008080482483 -51.95950698852539
v 69.23074340820312 0.31877008080482483 -51.003196716308594
v 69.23074340820312 0.31877008080482483 -50.7481803894043
v 67.82816314697266 0.31877008080482483 -50.7481803894043
v 67.82816314697266 0.31877008080482483 -50.365657806396484
v 66.36181640625 0.31877008080482483 -50.365657806396484
v 69.23074340820312 0.31877008080482483 -44.372779846191406
v 68.27442932128906 0.31877008080482483 -37.6148567199707
v 68.27442932128906 0.31877008080482483 -44.372779846191406
v 69.8682861328125 0.31877008080482483 -53.872127532958984
v 60.94272994995117 0.31877008080482483 -51.95950698852539
v 61.580265045166016 0.31877008080482483 -51.003196716308594
v 64.4491958618164 0.31877008080482483 -50.365657806396484
v 60.94272994995117 0.31877008080482483 -53.872127532958984
v 50.742088317871094 0.31877008080482483 -51.95950698852539
v 62.53657913208008 0.31877008080482483 -50.365657806396484
v 50.10454559326172 0.31877008080482483 -51.003196716308594
v 64.4491958618164 0.31877008080482483 -37.6148567199707
v 61.580265045166016 0.31877008080482483 -36.977317810058594
v 66.36181640625 0.31877008080482483 -37.6148567199707
v 62.53657913208008 0.31877008080482483 -37.6148567199707
v 87.62272644042969 0.31877008080482483 -2.965613842010498
v 83.57539367675781 0.31877008080482483 -37.6148567199707
v 83.57539367675781 0.31877008080482483 -28.689300537109375
v 80.06892395019531 0.31877008080482483 -36.02100372314453
v 81.66277313232422 0.31877008080482483 -28.689300537109375
v 80.70646667480469 0.31877008080482483 -29.326839447021484
v 80.06892395019531 0.31877008080482483 -34.10839080810547
v 91.62256622314453 0.31877008080482483 -1.8938581943511963
v 91.38372039794922 0.31877008080482483 -2.470466375350952
v 91.70402526855469 0.31877008080482483 -1.2750787734985352
v 87.00394439697266 0.31877008080482483 -1.8938581943511963
v 80.70646667480469 0.31877008080482483 -15.300957679748535
v 81.66277313232422 0.31877008080482483 -15.93850040435791
v 90.50863647460938 0.31877008080482483 -3.345550537109375
v 89.9320297241211 0.31877008080482483 -3.5843870639801025
v 89.3132553100586 0.31877008080482483 -3.66585373878479
v 88.6944808959961 0.31877008080482483 -3.5843870639801025
v 88.11786651611328 0.31877008080482483 -3.345550537109375
v 87.24278259277344 0.31877008080482483 -2.470466375350952
v 86.92247772216797 0.31877008080482483 -1.2750787734985352
v 83.57539367675781 0.31877008080482483 -15.93850040435791
v 83.57539367675781 0.31877008080482483 -7.012936592102051
v 80.06892395019531 0.31877008080482483 -14.344650268554688
v 93.5210189819336 0.31877008080482483 64.45530700683594
v 81.66277313232422 0.31877008080482483 -7.012936592102051
v 80.70646667480469 0.31877008080482483 -7.650478839874268
v 80.06892395019531 0.31877008080482483 -12.432035446166992
v 80.70646667480469 0.31877008080482483 6.375406265258789
v 93.5210189819336 0.31877008080482483 -67.00545501708984
v 93.5210189819336 3.506470203399658 -67.00545501708984
v 93.5210189819336 0.31877008080482483 64.45530700683594
v 69.23074340820312 0.31877008080482483 -36.977317810058594
v 80.06892395019531 0.31877008080482483 -32.195770263671875
v 80.06892395019531 0.31877008080482483 -30.283153533935547
v 69.8682861328125 0.31877008080482483 -34.10839080810547
v 69.8682861328125 0.31877008080482483 -30.283153533935547
v 69.8682861328125 0.31877008080482483 -36.02100372314453
v 69.8682861328125 0.31877008080482483 -32.195770263671875
v 69.23074340820312 0.31877008080482483 -29.326839447021484
v 67.82816314697266 0.31877008080482483 -29.071823120117188
v 66.36181640625 0.31877008080482483 -28.689300537109375
v 69.23074340820312 0.31877008080482483 -29.071823120117188
v 67.82816314697266 0.31877008080482483 -28.689300537109375
v 69.23074340820312 0.31877008080482483 -22.69642448425293
v 68.27442932128906 0.31877008080482483 -15.93850040435791
v 68.27442932128906 0.31877008080482483 -22.69642448425293
v 60.94272994995117 0.31877008080482483 -32.195770263671875
v 60.94272994995117 0.31877008080482483 -36.02100372314453
v 60.94272994995117 0.31877008080482483 -34.10839080810547
v 61.580265045166016 0.31877008080482483 -29.326839447021484
v 60.94272994995117 0.31877008080482483 -30.283153533935547
v 50.10454559326172 0.31877008080482483 -36.977317810058594
v 50.742088317871094 0.31877008080482483 -36.02100372314453
v 50.742088317871094 0.31877008080482483 -34.10839080810547
v 50.742088317871094 0.31877008080482483 -30.283153533935547
v 50.742088317871094 0.31877008080482483 -32.195770263671875
v 64.4491958618164 0.31877008080482483 -28.689300537109375
v 62.53657913208008 0.31877008080482483 -28.689300537109375
v 64.4491958618164 0.31877008080482483 -15.93850040435791
v 66.36181640625 0.31877008080482483 -15.93850040435791
v 61.580265045166016 0.31877008080482483 -15.300957679748535
v 62.53657913208008 0.31877008080482483 -15.93850040435791
v 50.10454559326172 0.31877008080482483 -29.326839447021484
v 69.23074340820312 0.31877008080482483 -15.300957679748535
v 80.06892395019531 0.31877008080482483 -10.519401550292969
v 69.8682861328125 0.31877008080482483 -12.432035446166992
v 69.8682861328125 0.31877008080482483 -14.344650268554688
v 69.8682861328125 0.31877008080482483 -10.519401550292969
v 69.23074340820312 0.31877008080482483 -7.650478839874268
v 80.06892395019531 0.31877008080482483 -8.606786727905273
v 69.8682861328125 0.31877008080482483 -8.606786727905273
v 67.82816314697266 0.31877008080482483 -7.395462989807129
v 66.36181640625 0.31877008080482483 -7.012936592102051
v 69.23074340820312 0.31877008080482483 -7.395462989807129
v 67.82816314697266 0.31877008080482483 -7.012936592102051
v 60.94272994995117 0.31877008080482483 -14.344650268554688
v 61.580265045166016 0.31877008080482483 -7.650478839874268
v 60.94272994995117 0.31877008080482483 -12.432035446166992
v 60.94272994995117 0.31877008080482483 -10.519401550292969
v 50.10454559326172 0.31877008080482483 -15.300957679748535
v 50.742088317871094 0.31877008080482483 -12.432035446166992
v 50.742088317871094 0.31877008080482483 -14.344650268554688
v 50.742088317871094 0.31877008080482483 -10.519401550292969
v 64.4491958618164 0.31877008080482483 -7.012936592102051
v 60.94272994995117 0.31877008080482483 -8.606786727905273
v 62.53657913208008 0.31877008080482483 -7.012936592102051
v 64.4491958618164 0.31877008080482483 5.737863540649414
v 61.580265045166016 0.31877008080482483 6.375406265258789
v 50.742088317871094 0.31877008080482483 -8.606786727905273
v 50.10454559326172 0.31877008080482483 -7.650478839874268
v 99.5138931274414 3.506470203399658 -72.99832916259766
v 99.5138931274414 3.506470203399658 61.800838470458984
v 93.5210189819336 3.506470203399658 -67.00545501708984
v 50.742088317871094 0.31877008080482483 -53.872127532958984
v 41.816524505615234 0.31877008080482483 -51.95950698852539
v 50.10454559326172 0.31877008080482483 -50.7481803894043
v 48.70195770263672 0.31877008080482483 -50.7481803894043
v 48.70195770263672 0.31877008080482483 -50.365657806396484
v 47.23561477661133 0.31877008080482483 -50.365657806396484
v 41.816524505615234 0.31877008080482483 -53.872127532958984
v 42.45405960083008 0.31877008080482483 -51.003196716308594
v 45.3229866027832 0.31877008080482483 -50.365657806396484
v 31.615880966186523 0.31877008080482483 -51.95950698852539
v 43.41037368774414 0.31877008080482483 -50.365657806396484
v 50.10454559326172 0.31877008080482483 -44.372779846191406
v 49.148231506347656 0.31877008080482483 -37.6148567199707
v 49.148231506347656 0.31877008080482483 -44.372779846191406
v 45.3229866027832 0.31877008080482483 -37.6148567199707
v 42.45405960083008 0.31877008080482483 -36.977317810058594
v 47.23561477661133 0.31877008080482483 -37.6148567199707
v 43.41037368774414 0.31877008080482483 -37.6148567199707
v 30.978343963623047 0.31877008080482483 -51.003196716308594
v 30.978343963623047 0.31877008080482483 -50.7481803894043
v 29.575754165649414 0.31877008080482483 -50.7481803894043
v 31.615880966186523 0.31877008080482483 -53.872127532958984
v 22.690322875976562 0.31877008080482483 -51.95950698852539
v 29.575754165649414 0.31877008080482483 -50.365657806396484
v 28.10941505432129 0.31877008080482483 -50.365657806396484
v 30.978343963623047 0.31877008080482483 -44.372779846191406
v 30.022029876708984 0.31877008080482483 -37.6148567199707
v 30.022029876708984 0.31877008080482483 -44.372779846191406
v 28.10941505432129 0.31877008080482483 -37.6148567199707
v 26.196786880493164 0.31877008080482483 -37.6148567199707
v 99.5138931274414 -3.506470203399658 -72.99832916259766
v 99.5138931274414 3.506470203399658 -72.99832916259766
v -94.93580627441406 3.506470203399658 -72.99832916259766
v -95.3183364868164 0.31877008080482483 -67.00545501708984
v 22.690322875976562 0.31877008080482483 -53.872127532958984
v 26.196786880493164 0.31877008080482483 -50.365657806396484
v 23.327857971191406 0.31877008080482483 -51.003196716308594
v 24.28417205810547 0.31877008080482483 -50.365657806396484
v 12.489680290222168 0.31877008080482483 -51.95950698852539
v 11.852143287658691 0.31877008080482483 -51.003196716308594
v 23.327857971191406 0.31877008080482483 -36.977317810058594
v 24.28417205810547 0.31877008080482483 -37.6148567199707
v 11.852143287658691 0.31877008080482483 -50.7481803894043
v 10.449553489685059 0.31877008080482483 -50.7481803894043
v 12.489680290222168 0.31877008080482483 -53.872127532958984
v 3.564122438430786 0.31877008080482483 -51.95950698852539
v 10.449553489685059 0.31877008080482483 -50.365657806396484
v 8.983214378356934 0.31877008080482483 -50.365657806396484
v 7.070587635040283 0.31877008080482483 -50.365657806396484
v 4.201658725738525 0.31877008080482483 -51.003196716308594
v 3.564122438430786 0.31877008080482483 -53.872127532958984
v 5.15797233581543 0.31877008080482483 -50.365657806396484
v -6.636514186859131 0.31877008080482483 -51.95950698852539
v 7.070587635040283 0.31877008080482483 -37.6148567199707
v 11.852143287658691 0.31877008080482483 -44.372779846191406
v 10.895830154418945 0.31877008080482483 -37.6148567199707
v 10.895830154418945 0.31877008080482483 -44.372779846191406
v 8.983214378356934 0.31877008080482483 -37.6148567199707
v 4.201658725738525 0.31877008080482483 -36.977317810058594
v 5.15797233581543 0.31877008080482483 -37.6148567199707
v 41.816524505615234 0.31877008080482483 -32.195770263671875
v 42.45405960083008 0.31877008080482483 -29.326839447021484
v 48.70195770263672 0.31877008080482483 -29.071823120117188
v 47.23561477661133 0.31877008080482483 -28.689300537109375
v 41.816524505615234 0.31877008080482483 -36.02100372314453
v 41.816524505615234 0.31877008080482483 -34.10839080810547
v 41.816524505615234 0.31877008080482483 -30.283153533935547
v 50.10454559326172 0.31877008080482483 -29.071823120117188
v 48.70195770263672 0.31877008080482483 -28.689300537109375
v 50.10454559326172 0.31877008080482483 -22.69642448425293
v 49.148231506347656 0.31877008080482483 -15.93850040435791
v 49.148231506347656 0.31877008080482483 -22.69642448425293
v 45.3229866027832 0.31877008080482483 -28.689300537109375
v 43.41037368774414 0.31877008080482483 -28.689300537109375
v 45.3229866027832 0.31877008080482483 -15.93850040435791
v 47.23561477661133 0.31877008080482483 -15.93850040435791
v 42.45405960083008 0.31877008080482483 -15.300957679748535
v 43.41037368774414 0.31877008080482483 -15.93850040435791
v 30.978343963623047 0.31877008080482483 -36.977317810058594
v 31.615880966186523 0.31877008080482483 -36.02100372314453
v 31.615880966186523 0.31877008080482483 -34.10839080810547
v 31.615880966186523 0.31877008080482483 -30.283153533935547
v 31.615880966186523 0.31877008080482483 -32.195770263671875
v 30.978343963623047 0.31877008080482483 -29.326839447021484
v 29.575754165649414 0.31877008080482483 -29.071823120117188
v 23.327857971191406 0.31877008080482483 -29.326839447021484
v 28.10941505432129 0.31877008080482483 -28.689300537109375
v 30.978343963623047 0.31877008080482483 -29.071823120117188
v 29.575754165649414 0.31877008080482483 -28.689300537109375
v 30.978343963623047 0.31877008080482483 -22.69642448425293
v 30.022029876708984 0.31877008080482483 -15.93850040435791
v 30.022029876708984 0.31877008080482483 -22.69642448425293
v 28.10941505432129 0.31877008080482483 -15.93850040435791
v 26.196786880493164 0.31877008080482483 -15.93850040435791
v 42.45405960083008 0.31877008080482483 -7.650478839874268
v 41.816524505615234 0.31877008080482483 -14.344650268554688
v 41.816524505615234 0.31877008080482483 -12.432035446166992
v 41.816524505615234 0.31877008080482483 -10.519401550292969
v 48.70195770263672 0.31877008080482483 -7.395462989807129
v 47.23561477661133 0.31877008080482483 -7.012936592102051
v 50.10454559326172 0.31877008080482483 -7.395462989807129
v 48.70195770263672 0.31877008080482483 -7.012936592102051
v 45.3229866027832 0.31877008080482483 -7.012936592102051
v 41.816524505615234 0.31877008080482483 -8.606786727905273
v 43.41037368774414 0.31877008080482483 -7.012936592102051
v 45.3229866027832 0.31877008080482483 5.737863540649414
v 42.45405960083008 0.31877008080482483 6.375406265258789
v 30.978343963623047 0.31877008080482483 -15.300957679748535
v 31.615880966186523 0.31877008080482483 -12.432035446166992
v 31.615880966186523 0.31877008080482483 -14.344650268554688
v 31.615880966186523 0.31877008080482483 -10.519401550292969
v 30.978343963623047 0.31877008080482483 -7.650478839874268
v 23.327857971191406 0.31877008080482483 -7.650478839874268
v 31.615880966186523 0.31877008080482483 -8.606786727905273
v 29.575754165649414 0.31877008080482483 -7.395462989807129
v 30.978343963623047 0.31877008080482483 -7.395462989807129
v 28.10941505432129 0.31877008080482483 -7.012936592102051
v 29.575754165649414 0.31877008080482483 -7.012936592102051
v 22.690322875976562 0.31877008080482483 -36.02100372314453
v 22.690322875976562 0.31877008080482483 -34.10839080810547
v 22.690322875976562 0.31877008080482483 -32.195770263671875
v 22.690322875976562 0.31877008080482483 -30.283153533935547
v 11.852143287658691 0.31877008080482483 -36.977317810058594
v 12.489680290222168 0.31877008080482483 -36.02100372314453
v 12.489680290222168 0.31877008080482483 -34.10839080810547
v 12.489680290222168 0.31877008080482483 -30.283153533935547
v 12.489680290222168 0.31877008080482483 -32.195770263671875
v 26.196786880493164 0.31877008080482483 -28.689300537109375
v 24.28417205810547 0.31877008080482483 -28.689300537109375
v 23.327857971191406 0.31877008080482483 -15.300957679748535
v 24.28417205810547 0.31877008080482483 -15.93850040435791
v 11.852143287658691 0.31877008080482483 -29.326839447021484
v 10.449553489685059 0.31877008080482483 -29.071823120117188
v 8.983214378356934 0.31877008080482483 -28.689300537109375
v 4.201658725738525 0.31877008080482483 -29.326839447021484
v 3.564122438430786 0.31877008080482483 -36.02100372314453
v 3.564122438430786 0.31877008080482483 -34.10839080810547
v -7.274056434631348 0.31877008080482483 -36.977317810058594
v 3.564122438430786 0.31877008080482483 -32.195770263671875
v 3.564122438430786 0.31877008080482483 -30.283153533935547
v -6.636514186859131 0.31877008080482483 -34.10839080810547
v -6.636514186859131 0.31877008080482483 -30.283153533935547
v 11.852143287658691 0.31877008080482483 -29.071823120117188
v 10.449553489685059 0.31877008080482483 -28.689300537109375
v 7.070587635040283 0.31877008080482483 -28.689300537109375
v 11.852143287658691 0.31877008080482483 -22.69642448425293
v 10.895830154418945 0.31877008080482483 -15.93850040435791
v 10.895830154418945 0.31877008080482483 -22.69642448425293
v 7.070587635040283 0.31877008080482483 -15.93850040435791
v 8.983214378356934 0.31877008080482483 -15.93850040435791
v 5.15797233581543 0.31877008080482483 -28.689300537109375
v 4.201658725738525 0.31877008080482483 -15.300957679748535
v 5.15797233581543 0.31877008080482483 -15.93850040435791
v 22.690322875976562 0.31877008080482483 -14.344650268554688
v 22.690322875976562 0.31877008080482483 -12.432035446166992
v 22.690322875976562 0.31877008080482483 -10.519401550292969
v 11.852143287658691 0.31877008080482483 -15.300957679748535
v 12.489680290222168 0.31877008080482483 -12.432035446166992
v 12.489680290222168 0.31877008080482483 -14.344650268554688
v 12.489680290222168 0.31877008080482483 -10.519401550292969
v 26.196786880493164 0.31877008080482483 -7.012936592102051
v 24.28417205810547 0.31877008080482483 -7.012936592102051
v 22.690322875976562 0.31877008080482483 -8.606786727905273
v 26.196786880493164 0.31877008080482483 5.737863540649414
v 23.327857971191406 0.31877008080482483 6.375406265258789
v 12.489680290222168 0.31877008080482483 -8.606786727905273
v 11.852143287658691 0.31877008080482483 -7.650478839874268
v 4.201658725738525 0.31877008080482483 -7.650478839874268
v 3.564122438430786 0.31877008080482483 -14.344650268554688
v -7.274056434631348 0.31877008080482483 -15.300957679748535
v 3.564122438430786 0.31877008080482483 -12.432035446166992
v 3.564122438430786 0.31877008080482483 -10.519401550292969
v -6.636514186859131 0.31877008080482483 -12.432035446166992
v 10.449553489685059 0.31877008080482483 -7.395462989807129
v 8.983214378356934 0.31877008080482483 -7.012936592102051
v 11.852143287658691 0.31877008080482483 -7.395462989807129
v 10.449553489685059 0.31877008080482483 -7.012936592102051
v 7.070587635040283 0.31877008080482483 -7.012936592102051
v 7.070587635040283 0.31877008080482483 5.737863540649414
v 3.564122438430786 0.31877008080482483 -8.606786727905273
v 5.15797233581543 0.31877008080482483 -7.012936592102051
v -6.636514186859131 0.31877008080482483 -8.606786727905273
v 4.201658725738525 0.31877008080482483 6.375406265258789
v 93.5210189819336 0.31877008080482483 -67.00545501708984
v -95.3183364868164 3.506470203399658 -67.00545501708984
v 93.5210189819336 3.506470203399658 -67.00545501708984
v -95.3183364868164 3.506470203399658 -67.00545501708984
v 81.66277313232422 0.31877008080482483 5.737863540649414
v 83.57539367675781 0.31877008080482483 5.737863540649414
v 83.57539367675781 0.31877008080482483 14.663421630859375
v 80.06892395019531 0.31877008080482483 7.331713676452637
v 80.06892395019531 0.31877008080482483 9.244328498840332
v 81.66277313232422 0.31877008080482483 14.663421630859375
v 80.70646667480469 0.31877008080482483 14.02587890625
v 80.70646667480469 0.31877008080482483 28.0517635345459
v 91.62256622314453 0.31877008080482483 -0.6562994122505188
v 91.38372039794922 0.31877008080482483 -0.07969128340482712
v 91.0037841796875 0.31877008080482483 0.41545626521110535
v 90.50863647460938 0.31877008080482483 0.7953928112983704
v 89.9320297241211 0.31877008080482483 1.0342295169830322
v 89.3132553100586 0.31877008080482483 1.1156961917877197
v 88.6944808959961 0.31877008080482483 1.0342295169830322
v 88.11786651611328 0.31877008080482483 0.7953928112983704
v 87.00394439697266 0.31877008080482483 -0.6562994122505188
v 87.24278259277344 0.31877008080482483 -0.07969128340482712
v 87.62272644042969 0.31877008080482483 0.41545626521110535
v 81.66277313232422 0.31877008080482483 27.414220809936523
v 83.57539367675781 0.31877008080482483 36.339778900146484
v 80.06892395019531 0.31877008080482483 29.008071899414062
v 80.06892395019531 0.31877008080482483 30.920686721801758
v 81.66277313232422 0.31877008080482483 36.339778900146484
v 80.70646667480469 0.31877008080482483 35.70223617553711
v 83.57539367675781 0.31877008080482483 27.414220809936523
v 99.5138931274414 3.506470203399658 61.800838470458984
v 69.23074340820312 0.31877008080482483 6.375406265258789
v 80.06892395019531 0.31877008080482483 11.156956672668457
v 69.8682861328125 0.31877008080482483 9.244328498840332
v 69.23074340820312 0.31877008080482483 -1.020063042640686
v 68.27442932128906 0.31877008080482483 5.737863540649414
v 68.27442932128906 0.31877008080482483 -1.020063042640686
v 69.8682861328125 0.31877008080482483 7.331713676452637
v 80.06892395019531 0.31877008080482483 13.069571495056152
v 69.8682861328125 0.31877008080482483 13.069571495056152
v 69.8682861328125 0.31877008080482483 11.156956672668457
v 69.23074340820312 0.31877008080482483 14.02587890625
v 67.82816314697266 0.31877008080482483 14.28089427947998
v 66.36181640625 0.31877008080482483 14.663421630859375
v 69.23074340820312 0.31877008080482483 14.28089427947998
v 67.82816314697266 0.31877008080482483 14.663421630859375
v 66.36181640625 0.31877008080482483 5.737863540649414
v 62.53657913208008 0.31877008080482483 5.737863540649414
v 60.94272994995117 0.31877008080482483 9.244328498840332
v 60.94272994995117 0.31877008080482483 11.156956672668457
v 60.94272994995117 0.31877008080482483 7.331713676452637
v 50.10454559326172 0.31877008080482483 6.375406265258789
v 50.742088317871094 0.31877008080482483 9.244328498840332
v 50.742088317871094 0.31877008080482483 7.331713676452637
v 61.580265045166016 0.31877008080482483 14.02587890625
v 60.94272994995117 0.31877008080482483 13.069571495056152
v 64.4491958618164 0.31877008080482483 14.663421630859375
v 62.53657913208008 0.31877008080482483 14.663421630859375
v 64.4491958618164 0.31877008080482483 27.414220809936523
v 61.580265045166016 0.31877008080482483 28.0517635345459
v 50.742088317871094 0.31877008080482483 13.069571495056152
v 50.742088317871094 0.31877008080482483 11.156956672668457
v 50.10454559326172 0.31877008080482483 14.02587890625
v 69.23074340820312 0.31877008080482483 28.0517635345459
v 69.23074340820312 0.31877008080482483 20.656293869018555
v 68.27442932128906 0.31877008080482483 27.414220809936523
v 68.27442932128906 0.31877008080482483 20.656293869018555
v 69.8682861328125 0.31877008080482483 29.008071899414062
v 80.06892395019531 0.31877008080482483 32.83331298828125
v 80.06892395019531 0.31877008080482483 34.74592971801758
v 69.8682861328125 0.31877008080482483 30.920686721801758
v 69.8682861328125 0.31877008080482483 34.74592971801758
v 69.8682861328125 0.31877008080482483 32.83331298828125
v 69.23074340820312 0.31877008080482483 35.70223617553711
v 69.23074340820312 0.31877008080482483 35.95726013183594
v 67.82816314697266 0.31877008080482483 35.95726013183594
v 67.82816314697266 0.31877008080482483 36.339778900146484
v 66.36181640625 0.31877008080482483 36.339778900146484
v 66.36181640625 0.31877008080482483 27.414220809936523
v 62.53657913208008 0.31877008080482483 27.414220809936523
v 60.94272994995117 0.31877008080482483 30.920686721801758
v 60.94272994995117 0.31877008080482483 29.008071899414062
v 50.10454559326172 0.31877008080482483 28.0517635345459
v 50.742088317871094 0.31877008080482483 29.008071899414062
v 60.94272994995117 0.31877008080482483 32.83331298828125
v 60.94272994995117 0.31877008080482483 34.74592971801758
v 61.580265045166016 0.31877008080482483 35.70223617553711
v 64.4491958618164 0.31877008080482483 36.339778900146484
v 62.53657913208008 0.31877008080482483 36.339778900146484
v 50.742088317871094 0.31877008080482483 30.920686721801758
v 50.742088317871094 0.31877008080482483 32.83331298828125
v 50.742088317871094 0.31877008080482483 34.74592971801758
v 50.10454559326172 0.31877008080482483 35.70223617553711
v 80.70646667480469 0.31877008080482483 49.72812271118164
v 81.66277313232422 0.31877008080482483 49.090579986572266
v 83.57539367675781 0.31877008080482483 49.090579986572266
v 80.06892395019531 0.31877008080482483 50.68442916870117
v 80.06892395019531 0.31877008080482483 52.5970458984375
v 69.8682861328125 0.31877008080482483 52.5970458984375
v 69.23074340820312 0.31877008080482483 42.33265686035156
v 68.27442932128906 0.31877008080482483 49.090579986572266
v 68.27442932128906 0.31877008080482483 42.33265686035156
v 69.23074340820312 0.31877008080482483 49.72812271118164
v 69.8682861328125 0.31877008080482483 50.68442916870117
v 60.94272994995117 0.31877008080482483 50.68442916870117
v 64.4491958618164 0.31877008080482483 49.090579986572266
v 61.580265045166016 0.31877008080482483 49.72812271118164
v 66.36181640625 0.31877008080482483 49.090579986572266
v 62.53657913208008 0.31877008080482483 49.090579986572266
v 60.94272994995117 0.31877008080482483 52.5970458984375
v 50.742088317871094 0.31877008080482483 50.68442916870117
v 50.10454559326172 0.31877008080482483 49.72812271118164
v 93.5210189819336 3.506470203399658 64.45530700683594
v 98.12350463867188 3.506470203399658 62.37675094604492
v 97.76425170898438 3.506470203399658 63.244049072265625
v 97.41649627685547 3.506470203399658 63.38809585571289
v 93.5210189819336 3.506470203399658 64.45530700683594
v 96.87557220458984 3.506470203399658 64.32501220703125
v 96.70443725585938 3.506470203399658 64.39588928222656
v 96.16779327392578 3.506470203399658 65.32537078857422
v 95.98734283447266 3.506470203399658 65.4001235961914
v 95.15408325195312 3.506470203399658 66.48604583740234
v 93.94485473632812 3.506470203399658 67.4139175415039
v 50.10454559326172 0.31877008080482483 -1.020063042640686
v 49.148231506347656 0.31877008080482483 5.737863540649414
v 49.148231506347656 0.31877008080482483 -1.020063042640686
v 41.816524505615234 0.31877008080482483 11.156956672668457
v 47.23561477661133 0.31877008080482483 5.737863540649414
v 43.41037368774414 0.31877008080482483 5.737863540649414
v 41.816524505615234 0.31877008080482483 9.244328498840332
v 41.816524505615234 0.31877008080482483 7.331713676452637
v 42.45405960083008 0.31877008080482483 14.02587890625
v 47.23561477661133 0.31877008080482483 14.663421630859375
v 48.70195770263672 0.31877008080482483 14.28089427947998
v 50.10454559326172 0.31877008080482483 14.28089427947998
v 48.70195770263672 0.31877008080482483 14.663421630859375
v 41.816524505615234 0.31877008080482483 13.069571495056152
v 45.3229866027832 0.31877008080482483 14.663421630859375
v 43.41037368774414 0.31877008080482483 14.663421630859375
v 45.3229866027832 0.31877008080482483 27.414220809936523
v 42.45405960083008 0.31877008080482483 28.0517635345459
v 30.978343963623047 0.31877008080482483 6.375406265258789
v 31.615880966186523 0.31877008080482483 9.244328498840332
v 31.615880966186523 0.31877008080482483 7.331713676452637
v 30.978343963623047 0.31877008080482483 -1.020063042640686
v 30.022029876708984 0.31877008080482483 5.737863540649414
v 30.022029876708984 0.31877008080482483 -1.020063042640686
v 28.10941505432129 0.31877008080482483 5.737863540649414
v 22.690322875976562 0.31877008080482483 9.244328498840332
v 22.690322875976562 0.31877008080482483 11.156956672668457
v 31.615880966186523 0.31877008080482483 13.069571495056152
v 31.615880966186523 0.31877008080482483 11.156956672668457
v 30.978343963623047 0.31877008080482483 14.02587890625
v 28.10941505432129 0.31877008080482483 14.663421630859375
v 29.575754165649414 0.31877008080482483 14.28089427947998
v 30.978343963623047 0.31877008080482483 14.28089427947998
v 29.575754165649414 0.31877008080482483 14.663421630859375
v 23.327857971191406 0.31877008080482483 14.02587890625
v 50.10454559326172 0.31877008080482483 20.656293869018555
v 49.148231506347656 0.31877008080482483 27.414220809936523
v 49.148231506347656 0.31877008080482483 20.656293869018555
v 41.816524505615234 0.31877008080482483 30.920686721801758
v 47.23561477661133 0.31877008080482483 27.414220809936523
v 43.41037368774414 0.31877008080482483 27.414220809936523
v 41.816524505615234 0.31877008080482483 29.008071899414062
v 41.816524505615234 0.31877008080482483 32.83331298828125
v 41.816524505615234 0.31877008080482483 34.74592971801758
v 42.45405960083008 0.31877008080482483 35.70223617553711
v 48.70195770263672 0.31877008080482483 35.95726013183594
v 50.10454559326172 0.31877008080482483 35.95726013183594
v 48.70195770263672 0.31877008080482483 36.339778900146484
v 47.23561477661133 0.31877008080482483 36.339778900146484
v 45.3229866027832 0.31877008080482483 36.339778900146484
v 43.41037368774414 0.31877008080482483 36.339778900146484
v 30.978343963623047 0.31877008080482483 28.0517635345459
v 31.615880966186523 0.31877008080482483 29.008071899414062
v 30.978343963623047 0.31877008080482483 20.656293869018555
v 30.022029876708984 0.31877008080482483 27.414220809936523
v 30.022029876708984 0.31877008080482483 20.656293869018555
v 28.10941505432129 0.31877008080482483 27.414220809936523
v 26.196786880493164 0.31877008080482483 27.414220809936523
v 22.690322875976562 0.31877008080482483 30.920686721801758
v 31.615880966186523 0.31877008080482483 30.920686721801758
v 31.615880966186523 0.31877008080482483 32.83331298828125
v 31.615880966186523 0.31877008080482483 34.74592971801758
v 30.978343963623047 0.31877008080482483 35.70223617553711
v 22.690322875976562 0.31877008080482483 32.83331298828125
v 22.690322875976562 0.31877008080482483 34.74592971801758
v 23.327857971191406 0.31877008080482483 35.70223617553711
v 29.575754165649414 0.31877008080482483 35.95726013183594
v 30.978343963623047 0.31877008080482483 35.95726013183594
v 29.575754165649414 0.31877008080482483 36.339778900146484
v 28.10941505432129 0.31877008080482483 36.339778900146484
v 24.28417205810547 0.31877008080482483 5.737863540649414
v 22.690322875976562 0.31877008080482483 7.331713676452637
v 11.852143287658691 0.31877008080482483 6.375406265258789
v 12.489680290222168 0.31877008080482483 9.244328498840332
v 12.489680290222168 0.31877008080482483 7.331713676452637
v 22.690322875976562 0.31877008080482483 13.069571495056152
v 26.196786880493164 0.31877008080482483 14.663421630859375
v 24.28417205810547 0.31877008080482483 14.663421630859375
v 23.327857971191406 0.31877008080482483 28.0517635345459
v 12.489680290222168 0.31877008080482483 13.069571495056152
v 12.489680290222168 0.31877008080482483 11.156956672668457
v 11.852143287658691 0.31877008080482483 14.02587890625
v 11.852143287658691 0.31877008080482483 -1.020063042640686
v 10.895830154418945 0.31877008080482483 5.737863540649414
v 10.895830154418945 0.31877008080482483 -1.020063042640686
v 8.983214378356934 0.31877008080482483 5.737863540649414
v 3.564122438430786 0.31877008080482483 9.244328498840332
v 4.201658725738525 0.31877008080482483 14.02587890625
v 5.15797233581543 0.31877008080482483 5.737863540649414
v 3.564122438430786 0.31877008080482483 7.331713676452637
v -7.274056434631348 0.31877008080482483 6.375406265258789
v 3.564122438430786 0.31877008080482483 11.156956672668457
v -6.636514186859131 0.31877008080482483 9.244328498840332
v 10.449553489685059 0.31877008080482483 14.28089427947998
v 8.983214378356934 0.31877008080482483 14.663421630859375
v 11.852143287658691 0.31877008080482483 14.28089427947998
v 10.449553489685059 0.31877008080482483 14.663421630859375
v 7.070587635040283 0.31877008080482483 14.663421630859375
v 7.070587635040283 0.31877008080482483 27.414220809936523
v 5.15797233581543 0.31877008080482483 14.663421630859375
v 3.564122438430786 0.31877008080482483 13.069571495056152
v -6.636514186859131 0.31877008080482483 13.069571495056152
v 4.201658725738525 0.31877008080482483 28.0517635345459
v 24.28417205810547 0.31877008080482483 27.414220809936523
v 22.690322875976562 0.31877008080482483 29.008071899414062
v 11.852143287658691 0.31877008080482483 28.0517635345459
v 12.489680290222168 0.31877008080482483 29.008071899414062
v 26.196786880493164 0.31877008080482483 36.339778900146484
v 24.28417205810547 0.31877008080482483 36.339778900146484
v 12.489680290222168 0.31877008080482483 30.920686721801758
v 12.489680290222168 0.31877008080482483 32.83331298828125
v 12.489680290222168 0.31877008080482483 34.74592971801758
v 11.852143287658691 0.31877008080482483 35.70223617553711
v 11.852143287658691 0.31877008080482483 20.656293869018555
v 10.895830154418945 0.31877008080482483 27.414220809936523
v 10.895830154418945 0.31877008080482483 20.656293869018555
v 8.983214378356934 0.31877008080482483 27.414220809936523
v 3.564122438430786 0.31877008080482483 30.920686721801758
v 5.15797233581543 0.31877008080482483 27.414220809936523
v 3.564122438430786 0.31877008080482483 29.008071899414062
v -7.274056434631348 0.31877008080482483 28.0517635345459
v 3.564122438430786 0.31877008080482483 32.83331298828125
v 3.564122438430786 0.31877008080482483 34.74592971801758
v 4.201658725738525 0.31877008080482483 35.70223617553711
v 10.449553489685059 0.31877008080482483 35.95726013183594
v 11.852143287658691 0.31877008080482483 35.95726013183594
v 8.983214378356934 0.31877008080482483 36.339778900146484
v 10.449553489685059 0.31877008080482483 36.339778900146484
v 7.070587635040283 0.31877008080482483 36.339778900146484
v -6.636514186859131 0.31877008080482483 30.920686721801758
v 5.15797233581543 0.31877008080482483 36.339778900146484
v -6.636514186859131 0.31877008080482483 34.74592971801758
v 50.10454559326172 0.31877008080482483 42.33265686035156
v 49.148231506347656 0.31877008080482483 49.090579986572266
v 49.148231506347656 0.31877008080482483 42.33265686035156
v 45.3229866027832 0.31877008080482483 49.090579986572266
v 42.45405960083008 0.31877008080482483 49.72812271118164
v 47.23561477661133 0.31877008080482483 49.090579986572266
v 43.41037368774414 0.31877008080482483 49.090579986572266
v 41.816524505615234 0.31877008080482483 52.5970458984375
v 50.742088317871094 0.31877008080482483 52.5970458984375
v 41.816524505615234 0.31877008080482483 50.68442916870117
v 30.978343963623047 0.31877008080482483 42.33265686035156
v 30.022029876708984 0.31877008080482483 49.090579986572266
v 30.022029876708984 0.31877008080482483 42.33265686035156
v 30.978343963623047 0.31877008080482483 49.72812271118164
v 28.10941505432129 0.31877008080482483 49.090579986572266
v 26.196786880493164 0.31877008080482483 49.090579986572266
v 23.327857971191406 0.31877008080482483 49.72812271118164
v 31.615880966186523 0.31877008080482483 50.68442916870117
v 31.615880966186523 0.31877008080482483 52.5970458984375
v 22.690322875976562 0.31877008080482483 52.5970458984375
v 93.5210189819336 0.31877008080482483 64.45530700683594
v 93.5210189819336 3.506470203399658 64.45530700683594
v -95.3183364868164 0.31877008080482483 64.45530700683594
v 24.28417205810547 0.31877008080482483 49.090579986572266
v 22.690322875976562 0.31877008080482483 50.68442916870117
v 11.852143287658691 0.31877008080482483 49.72812271118164
v 12.489680290222168 0.31877008080482483 50.68442916870117
v 11.852143287658691 0.31877008080482483 42.33265686035156
v 10.895830154418945 0.31877008080482483 49.090579986572266
v 10.895830154418945 0.31877008080482483 42.33265686035156
v 7.070587635040283 0.31877008080482483 49.090579986572266
v 8.983214378356934 0.31877008080482483 49.090579986572266
v 4.201658725738525 0.31877008080482483 49.72812271118164
v 5.15797233581543 0.31877008080482483 49.090579986572266
v 3.564122438430786 0.31877008080482483 52.5970458984375
v 12.489680290222168 0.31877008080482483 52.5970458984375
v 3.564122438430786 0.31877008080482483 50.68442916870117
v -95.3183364868164 0.31877008080482483 64.45530700683594
v -7.274056434631348 0.31877008080482483 49.72812271118164
v -101.31121063232422 3.506470203399658 70.44817352294922
v 93.45376586914062 3.506470203399658 68.26449584960938
v 93.15958404541016 3.506470203399658 68.490234375
v 92.14641571044922 3.506470203399658 69.81063079833984
v 91.88233947753906 3.506470203399658 70.44817352294922
v -7.274056434631348 -3.506470203399658 -51.003196716308594
v -8.676651954650879 -3.506470203399658 -50.7481803894043
v -7.274056434631348 -3.506470203399658 -50.7481803894043
v -14.924541473388672 -3.506470203399658 -51.003196716308594
v -14.924541473388672 -3.506470203399658 -36.977317810058594
v -7.274056434631348 -3.506470203399658 -44.372779846191406
v -8.676651954650879 -3.506470203399658 -44.372779846191406
v 11.852143287658691 -3.506470203399658 -51.003196716308594
v 11.852143287658691 -3.506470203399658 -50.7481803894043
v -26.400257110595703 -3.506470203399658 -44.372779846191406
v -27.802852630615234 -3.506470203399658 -44.372779846191406
v -26.400257110595703 -3.506470203399658 -36.977317810058594
v -27.802852630615234 -3.506470203399658 -50.7481803894043
v -34.050743103027344 -3.506470203399658 -51.003196716308594
v -34.050743103027344 -3.506470203399658 -36.977317810058594
v -26.400257110595703 -3.506470203399658 -51.003196716308594
v -45.526458740234375 -3.506470203399658 -51.003196716308594
v -46.929054260253906 -3.506470203399658 -50.7481803894043
v -45.526458740234375 -3.506470203399658 -50.7481803894043
v -26.400257110595703 -3.506470203399658 -50.7481803894043
v -45.526458740234375 -3.506470203399658 -44.372779846191406
v -46.929054260253906 -3.506470203399658 -44.372779846191406
v -45.526458740234375 -3.506470203399658 -36.977317810058594
v -53.17694091796875 -3.506470203399658 -51.003196716308594
v -53.17694091796875 -3.506470203399658 -36.977317810058594
v -7.274056434631348 -3.506470203399658 -29.326839447021484
v -8.676651954650879 -3.506470203399658 -29.071823120117188
v -14.924541473388672 -3.506470203399658 -29.326839447021484
v -7.274056434631348 -3.506470203399658 -29.071823120117188
v -14.924541473388672 -3.506470203399658 -15.300957679748535
v -7.274056434631348 -3.506470203399658 -22.69642448425293
v -8.676651954650879 -3.506470203399658 -22.69642448425293
v -26.400257110595703 -3.506470203399658 -29.326839447021484
v -27.802852630615234 -3.506470203399658 -29.071823120117188
v -26.400257110595703 -3.506470203399658 -29.071823120117188
v -26.400257110595703 -3.506470203399658 -22.69642448425293
v -27.802852630615234 -3.506470203399658 -22.69642448425293
v -26.400257110595703 -3.506470203399658 -15.300957679748535
v -7.274056434631348 -3.506470203399658 -7.650478839874268
v -8.676651954650879 -3.506470203399658 -7.395462989807129
v -7.274056434631348 -3.506470203399658 -7.650478839874268
v -14.924541473388672 -3.506470203399658 -7.650478839874268
v -7.274056434631348 -3.506470203399658 -7.395462989807129
v -14.924541473388672 -3.506470203399658 6.375406265258789
v -8.676651954650879 -3.506470203399658 -1.020063042640686
v -26.400257110595703 -3.506470203399658 -7.650478839874268
v -27.802852630615234 -3.506470203399658 -7.395462989807129
v -26.400257110595703 -3.506470203399658 -7.395462989807129
v -34.050743103027344 -3.506470203399658 -29.326839447021484
v -34.050743103027344 -3.506470203399658 -15.300957679748535
v -45.526458740234375 -3.506470203399658 -29.326839447021484
v -46.929054260253906 -3.506470203399658 -29.071823120117188
v -53.17694091796875 -3.506470203399658 -29.326839447021484
v -45.526458740234375 -3.506470203399658 -29.071823120117188
v -45.526458740234375 -3.506470203399658 -22.69642448425293
v -46.929054260253906 -3.506470203399658 -22.69642448425293
v -45.526458740234375 -3.506470203399658 -15.300957679748535
v -53.17694091796875 -3.506470203399658 -15.300957679748535
v -34.050743103027344 -3.506470203399658 -7.650478839874268
v -34.050743103027344 -3.506470203399658 6.375406265258789
v -27.802852630615234 -3.506470203399658 -1.020063042640686
v -45.526458740234375 -3.506470203399658 -7.650478839874268
v -46.929054260253906 -3.506470203399658 -7.395462989807129
v -53.17694091796875 -3.506470203399658 -7.650478839874268
v -45.526458740234375 -3.506470203399658 -7.395462989807129
v -53.17694091796875 -3.506470203399658 6.375406265258789
v -46.929054260253906 -3.506470203399658 -1.020063042640686
v -94.93580627441406 -3.506470203399658 -72.99832916259766
v -64.65265655517578 -3.506470203399658 -51.003196716308594
v -66.05525207519531 -3.506470203399658 -50.7481803894043
v -64.65265655517578 -3.506470203399658 -50.7481803894043
v -64.65265655517578 -3.506470203399658 -44.372779846191406
v -66.05525207519531 -3.506470203399658 -44.372779846191406
v -64.65265655517578 -3.506470203399658 -36.977317810058594
v -72.30313873291016 -3.506470203399658 -51.003196716308594
v -72.30313873291016 -3.506470203399658 -36.977317810058594
v -101.31121063232422 -3.506470203399658 -66.62293243408203
v -85.18144989013672 -3.506470203399658 -50.7481803894043
v -83.77885437011719 -3.506470203399658 -51.003196716308594
v -83.77885437011719 -3.506470203399658 -50.7481803894043
v -83.77885437011719 -3.506470203399658 -44.372779846191406
v -85.18144989013672 -3.506470203399658 -44.372779846191406
v -83.77885437011719 -3.506470203399658 -36.977317810058594
v -92.30595397949219 -3.506470203399658 -3.345550537109375
v -64.65265655517578 -3.506470203399658 -29.326839447021484
v -66.05525207519531 -3.506470203399658 -29.071823120117188
v -64.65265655517578 -3.506470203399658 -29.071823120117188
v -64.65265655517578 -3.506470203399658 -22.69642448425293
v -66.05525207519531 -3.506470203399658 -22.69642448425293
v -64.65265655517578 -3.506470203399658 -15.300957679748535
v -72.30313873291016 -3.506470203399658 -29.326839447021484
v -72.30313873291016 -3.506470203399658 -15.300957679748535
v -83.77885437011719 -3.506470203399658 -29.326839447021484
v -72.30313873291016 -3.506470203399658 -7.650478839874268
v -64.65265655517578 -3.506470203399658 -7.650478839874268
v -66.05525207519531 -3.506470203399658 -7.395462989807129
v -64.65265655517578 -3.506470203399658 -7.395462989807129
v -72.30313873291016 -3.506470203399658 6.375406265258789
v -83.77885437011719 -3.506470203399658 -15.300957679748535
v -83.77885437011719 -3.506470203399658 -7.650478839874268
v -85.18144989013672 -3.506470203399658 -29.071823120117188
v -91.11056518554688 -3.506470203399658 -3.66585373878479
v -83.77885437011719 -3.506470203399658 -29.326839447021484
v -83.77885437011719 -3.506470203399658 -29.071823120117188
v -90.49178314208984 -3.506470203399658 -3.5843870639801025
v -83.77885437011719 -3.506470203399658 -22.69642448425293
v -85.18144989013672 -3.506470203399658 -22.69642448425293
v -92.80110168457031 -3.506470203399658 -2.965613842010498
v -93.18104553222656 -3.506470203399658 -2.470466375350952
v -93.41987609863281 -3.506470203399658 -1.8938581943511963
v -93.5013427734375 -3.506470203399658 -1.2750787734985352
v -89.04008483886719 -3.506470203399658 -2.470466375350952
v -88.71978759765625 -3.506470203399658 -1.2750787734985352
v -85.18144989013672 -3.506470203399658 -7.395462989807129
v -91.7293472290039 -3.506470203399658 -3.5843870639801025
v -89.91517639160156 -3.506470203399658 -3.345550537109375
v -89.42002868652344 -3.506470203399658 -2.965613842010498
v -83.77885437011719 -3.506470203399658 -7.395462989807129
v -88.80125427246094 -3.506470203399658 -0.6562994122505188
v -88.80125427246094 -3.506470203399658 -1.8938581943511963
v -7.274056434631348 -3.506470203399658 6.375406265258789
v -14.924541473388672 -3.506470203399658 14.02587890625
v -7.274056434631348 -3.506470203399658 -1.020063042640686
v -8.676651954650879 -3.506470203399658 14.28089427947998
v -7.274056434631348 -3.506470203399658 14.28089427947998
v -8.676651954650879 -3.506470203399658 20.656293869018555
v -26.400257110595703 -3.506470203399658 6.375406265258789
v -26.400257110595703 -3.506470203399658 -1.020063042640686
v -26.400257110595703 -3.506470203399658 14.02587890625
v -27.802852630615234 -3.506470203399658 14.28089427947998
v -26.400257110595703 -3.506470203399658 14.02587890625
v -26.400257110595703 -3.506470203399658 14.28089427947998
v -7.274056434631348 -3.506470203399658 20.656293869018555
v -7.274056434631348 -3.506470203399658 28.0517635345459
v -14.924541473388672 -3.506470203399658 28.0517635345459
v -8.676651954650879 -3.506470203399658 35.95726013183594
v -7.274056434631348 -3.506470203399658 35.95726013183594
v -8.676651954650879 -3.506470203399658 42.33265686035156
v -26.400257110595703 -3.506470203399658 20.656293869018555
v -27.802852630615234 -3.506470203399658 20.656293869018555
v -26.400257110595703 -3.506470203399658 28.0517635345459
v -26.400257110595703 -3.506470203399658 35.70223617553711
v -27.802852630615234 -3.506470203399658 35.95726013183594
v -34.050743103027344 -3.506470203399658 35.70223617553711
v -26.400257110595703 -3.506470203399658 35.95726013183594
v -34.050743103027344 -3.506470203399658 14.02587890625
v -45.526458740234375 -3.506470203399658 6.375406265258789
v -34.050743103027344 -3.506470203399658 28.0517635345459
v -45.526458740234375 -3.506470203399658 -1.020063042640686
v -53.17694091796875 -3.506470203399658 14.02587890625
v -45.526458740234375 -3.506470203399658 14.02587890625
v -46.929054260253906 -3.506470203399658 14.28089427947998
v -45.526458740234375 -3.506470203399658 14.28089427947998
v -53.17694091796875 -3.506470203399658 28.0517635345459
v -27.802852630615234 -3.506470203399658 42.33265686035156
v -45.526458740234375 -3.506470203399658 35.70223617553711
v -45.526458740234375 -3.506470203399658 20.656293869018555
v -46.929054260253906 -3.506470203399658 20.656293869018555
v -45.526458740234375 -3.506470203399658 28.0517635345459
v -46.929054260253906 -3.506470203399658 35.95726013183594
v -45.526458740234375 -3.506470203399658 35.95726013183594
v -53.17694091796875 -3.506470203399658 35.70223617553711
v -14.924541473388672 -3.506470203399658 49.72812271118164
v -7.274056434631348 -3.506470203399658 42.33265686035156
v -7.274056434631348 -3.506470203399658 49.72812271118164
v -26.400257110595703 -3.506470203399658 42.33265686035156
v -26.400257110595703 -3.506470203399658 49.72812271118164
v -34.050743103027344 -3.506470203399658 49.72812271118164
v -45.526458740234375 -3.506470203399658 42.33265686035156
v -46.929054260253906 -3.506470203399658 42.33265686035156
v -45.526458740234375 -3.506470203399658 49.72812271118164
v -53.17694091796875 -3.506470203399658 49.72812271118164
v -64.65265655517578 -3.506470203399658 6.375406265258789
v -64.65265655517578 -3.506470203399658 -1.020063042640686
v -66.05525207519531 -3.506470203399658 -1.020063042640686
v -64.65265655517578 -3.506470203399658 14.02587890625
v -66.05525207519531 -3.506470203399658 14.28089427947998
v -64.65265655517578 -3.506470203399658 14.28089427947998
v -72.30313873291016 -3.506470203399658 14.02587890625
v -83.77885437011719 -3.506470203399658 6.375406265258789
v -72.30313873291016 -3.506470203399658 28.0517635345459
v -83.77885437011719 -3.506470203399658 14.02587890625
v -64.65265655517578 -3.506470203399658 20.656293869018555
v -66.05525207519531 -3.506470203399658 20.656293869018555
v -64.65265655517578 -3.506470203399658 28.0517635345459
v -64.65265655517578 -3.506470203399658 35.70223617553711
v -66.05525207519531 -3.506470203399658 35.95726013183594
v -64.65265655517578 -3.506470203399658 35.70223617553711
v -64.65265655517578 -3.506470203399658 35.95726013183594
v -72.30313873291016 -3.506470203399658 35.70223617553711
v -72.30313873291016 -3.506470203399658 49.72812271118164
v -83.77885437011719 -3.506470203399658 28.0517635345459
v -83.77885437011719 -3.506470203399658 35.70223617553711
v -83.77885437011719 -3.506470203399658 -1.020063042640686
v -85.18144989013672 -3.506470203399658 -1.020063042640686
v -85.18144989013672 -3.506470203399658 14.28089427947998
v -83.77885437011719 -3.506470203399658 14.28089427947998
v -83.77885437011719 -3.506470203399658 20.656293869018555
v -85.18144989013672 -3.506470203399658 20.656293869018555
v -89.04008483886719 -3.506470203399658 -0.07969128340482712
v -89.42002868652344 -3.506470203399658 0.41545626521110535
v -89.91517639160156 -3.506470203399658 0.7953928112983704
v -90.49178314208984 -3.506470203399658 1.0342295169830322
v -85.18144989013672 -3.506470203399658 35.95726013183594
v -83.77885437011719 -3.506470203399658 35.95726013183594
v -91.11056518554688 -3.506470203399658 1.1156961917877197
v -91.7293472290039 -3.506470203399658 1.0342295169830322
v -92.30595397949219 -3.506470203399658 0.7953928112983704
v -92.80110168457031 -3.506470203399658 0.41545626521110535
v -93.18104553222656 -3.506470203399658 -0.07969128340482712
v -93.41987609863281 -3.506470203399658 -0.6562994122505188
v -64.65265655517578 -3.506470203399658 42.33265686035156
v -66.05525207519531 -3.506470203399658 42.33265686035156
v -64.65265655517578 -3.506470203399658 49.72812271118164
v -83.77885437011719 -3.506470203399658 42.33265686035156
v -85.18144989013672 -3.506470203399658 42.33265686035156
v -83.77885437011719 -3.506470203399658 49.72812271118164
v -101.31121063232422 -3.506470203399658 -66.62293243408203
v -101.31121063232422 3.506470203399658 70.44817352294922
v -101.31121063232422 -3.506470203399658 70.44817352294922
v -7.274056434631348 0.31877008080482483 -51.003196716308594
v -6.636514186859131 0.31877008080482483 -53.872127532958984
v -15.562084197998047 0.31877008080482483 -51.95950698852539
v -7.274056434631348 0.31877008080482483 -50.7481803894043
v -8.676651954650879 0.31877008080482483 -50.7481803894043
v -8.676651954650879 0.31877008080482483 -50.365657806396484
v -10.142991065979004 0.31877008080482483 -50.365657806396484
v -15.562084197998047 0.31877008080482483 -53.872127532958984
v -12.055606842041016 0.31877008080482483 -50.365657806396484
v -14.924541473388672 0.31877008080482483 -51.003196716308594
v -12.055606842041016 0.31877008080482483 -37.6148567199707
v -7.274056434631348 0.31877008080482483 -44.372779846191406
v -8.230376243591309 0.31877008080482483 -37.6148567199707
v -8.230376243591309 0.31877008080482483 -44.372779846191406
v -10.142991065979004 0.31877008080482483 -37.6148567199707
v -13.968221664428711 0.31877008080482483 -50.365657806396484
v -25.762725830078125 0.31877008080482483 -51.95950698852539
v -26.400257110595703 0.31877008080482483 -51.003196716308594
v -26.400257110595703 0.31877008080482483 -50.7481803894043
v -27.802852630615234 0.31877008080482483 -50.7481803894043
v -14.924541473388672 0.31877008080482483 -36.977317810058594
v -13.968221664428711 0.31877008080482483 -37.6148567199707
v -34.68828582763672 0.31877008080482483 -53.872127532958984
v -27.802852630615234 0.31877008080482483 -50.365657806396484
v -29.26919174194336 0.31877008080482483 -50.365657806396484
v -34.68828582763672 0.31877008080482483 -51.95950698852539
v -31.181806564331055 0.31877008080482483 -50.365657806396484
v -34.050743103027344 0.31877008080482483 -51.003196716308594
v -33.09442138671875 0.31877008080482483 -50.365657806396484
v -45.526458740234375 0.31877008080482483 -51.003196716308594
v -31.181806564331055 0.31877008080482483 -37.6148567199707
v -26.400257110595703 0.31877008080482483 -44.372779846191406
v -27.356576919555664 0.31877008080482483 -37.6148567199707
v -27.356576919555664 0.31877008080482483 -44.372779846191406
v -29.26919174194336 0.31877008080482483 -37.6148567199707
v -33.09442138671875 0.31877008080482483 -37.6148567199707
v -34.050743103027344 0.31877008080482483 -36.977317810058594
v -25.762725830078125 0.31877008080482483 -53.872127532958984
v -44.8889274597168 0.31877008080482483 -51.95950698852539
v -45.526458740234375 0.31877008080482483 -50.7481803894043
v -46.929054260253906 0.31877008080482483 -50.7481803894043
v -53.814483642578125 0.31877008080482483 -51.95950698852539
v -46.929054260253906 0.31877008080482483 -50.365657806396484
v -48.39539337158203 0.31877008080482483 -50.365657806396484
v -53.814483642578125 0.31877008080482483 -53.872127532958984
v -53.17694091796875 0.31877008080482483 -51.003196716308594
v -50.308006286621094 0.31877008080482483 -50.365657806396484
v -52.22062301635742 0.31877008080482483 -50.365657806396484
v -45.526458740234375 0.31877008080482483 -44.372779846191406
v -46.4827766418457 0.31877008080482483 -37.6148567199707
v -46.4827766418457 0.31877008080482483 -44.372779846191406
v -50.308006286621094 0.31877008080482483 -37.6148567199707
v -53.17694091796875 0.31877008080482483 -36.977317810058594
v -48.39539337158203 0.31877008080482483 -37.6148567199707
v -52.22062301635742 0.31877008080482483 -37.6148567199707
v -95.3183364868164 0.31877008080482483 -67.00545501708984
v -6.636514186859131 0.31877008080482483 -36.02100372314453
v -6.636514186859131 0.31877008080482483 -32.195770263671875
v -14.924541473388672 0.31877008080482483 -29.326839447021484
v -7.274056434631348 0.31877008080482483 -29.326839447021484
v -8.676651954650879 0.31877008080482483 -29.071823120117188
v -10.142991065979004 0.31877008080482483 -28.689300537109375
v -7.274056434631348 0.31877008080482483 -29.071823120117188
v -8.676651954650879 0.31877008080482483 -28.689300537109375
v -12.055606842041016 0.31877008080482483 -28.689300537109375
v -7.274056434631348 0.31877008080482483 -22.69642448425293
v -8.230376243591309 0.31877008080482483 -15.93850040435791
v -8.230376243591309 0.31877008080482483 -22.69642448425293
v -12.055606842041016 0.31877008080482483 -15.93850040435791
v -10.142991065979004 0.31877008080482483 -15.93850040435791
v -15.562084197998047 0.31877008080482483 -36.02100372314453
v -15.562084197998047 0.31877008080482483 -34.10839080810547
v -26.400257110595703 0.31877008080482483 -36.977317810058594
v -15.562084197998047 0.31877008080482483 -32.195770263671875
v -15.562084197998047 0.31877008080482483 -30.283153533935547
v -25.762725830078125 0.31877008080482483 -34.10839080810547
v -25.762725830078125 0.31877008080482483 -30.283153533935547
v -25.762725830078125 0.31877008080482483 -36.02100372314453
v -25.762725830078125 0.31877008080482483 -32.195770263671875
v -26.400257110595703 0.31877008080482483 -29.326839447021484
v -27.802852630615234 0.31877008080482483 -29.071823120117188
v -13.968221664428711 0.31877008080482483 -28.689300537109375
v -14.924541473388672 0.31877008080482483 -15.300957679748535
v -13.968221664428711 0.31877008080482483 -15.93850040435791
v -26.400257110595703 0.31877008080482483 -29.071823120117188
v -6.636514186859131 0.31877008080482483 -10.519401550292969
v -6.636514186859131 0.31877008080482483 -14.344650268554688
v -14.924541473388672 0.31877008080482483 -7.650478839874268
v -7.274056434631348 0.31877008080482483 -7.650478839874268
v -8.676651954650879 0.31877008080482483 -7.395462989807129
v -7.274056434631348 0.31877008080482483 -7.395462989807129
v -10.142991065979004 0.31877008080482483 -7.012936592102051
v -8.676651954650879 0.31877008080482483 -7.012936592102051
v -12.055606842041016 0.31877008080482483 -7.012936592102051
v -12.055606842041016 0.31877008080482483 5.737863540649414
v -15.562084197998047 0.31877008080482483 -14.344650268554688
v -26.400257110595703 0.31877008080482483 -15.300957679748535
v -15.562084197998047 0.31877008080482483 -12.432035446166992
v -15.562084197998047 0.31877008080482483 -10.519401550292969
v -25.762725830078125 0.31877008080482483 -12.432035446166992
v -26.400257110595703 0.31877008080482483 -22.69642448425293
v -27.356576919555664 0.31877008080482483 -15.93850040435791
v -25.762725830078125 0.31877008080482483 -14.344650268554688
v -25.762725830078125 0.31877008080482483 -10.519401550292969
v -26.400257110595703 0.31877008080482483 -7.650478839874268
v -15.562084197998047 0.31877008080482483 -8.606786727905273
v -13.968221664428711 0.31877008080482483 -7.012936592102051
v -25.762725830078125 0.31877008080482483 -8.606786727905273
v -14.924541473388672 0.31877008080482483 6.375406265258789
v -27.802852630615234 0.31877008080482483 -7.395462989807129
v -26.400257110595703 0.31877008080482483 -7.395462989807129
v -34.68828582763672 0.31877008080482483 -34.10839080810547
v -34.050743103027344 0.31877008080482483 -29.326839447021484
v -29.26919174194336 0.31877008080482483 -28.689300537109375
v -34.68828582763672 0.31877008080482483 -36.02100372314453
v -45.526458740234375 0.31877008080482483 -36.977317810058594
v -34.68828582763672 0.31877008080482483 -32.195770263671875
v -34.68828582763672 0.31877008080482483 -30.283153533935547
v -44.8889274597168 0.31877008080482483 -34.10839080810547
v -44.8889274597168 0.31877008080482483 -30.283153533935547
v -27.802852630615234 0.31877008080482483 -28.689300537109375
v -31.181806564331055 0.31877008080482483 -28.689300537109375
v -33.09442138671875 0.31877008080482483 -28.689300537109375
v -27.356576919555664 0.31877008080482483 -22.69642448425293
v -29.26919174194336 0.31877008080482483 -15.93850040435791
v -31.181806564331055 0.31877008080482483 -15.93850040435791
v -33.09442138671875 0.31877008080482483 -15.93850040435791
v -34.050743103027344 0.31877008080482483 -15.300957679748535
v -44.8889274597168 0.31877008080482483 -36.02100372314453
v -44.8889274597168 0.31877008080482483 -32.195770263671875
v -48.39539337158203 0.31877008080482483 -28.689300537109375
v -45.526458740234375 0.31877008080482483 -29.326839447021484
v -46.929054260253906 0.31877008080482483 -29.071823120117188
v -53.814483642578125 0.31877008080482483 -34.10839080810547
v -53.814483642578125 0.31877008080482483 -36.02100372314453
v -53.17694091796875 0.31877008080482483 -29.326839447021484
v -53.814483642578125 0.31877008080482483 -32.195770263671875
v -53.814483642578125 0.31877008080482483 -30.283153533935547
v -45.526458740234375 0.31877008080482483 -29.071823120117188
v -45.526458740234375 0.31877008080482483 -22.69642448425293
v -46.4827766418457 0.31877008080482483 -15.93850040435791
v -46.4827766418457 0.31877008080482483 -22.69642448425293
v -46.929054260253906 0.31877008080482483 -28.689300537109375
v -50.308006286621094 0.31877008080482483 -28.689300537109375
v -52.22062301635742 0.31877008080482483 -28.689300537109375
v -50.308006286621094 0.31877008080482483 -15.93850040435791
v -48.39539337158203 0.31877008080482483 -15.93850040435791
v -53.17694091796875 0.31877008080482483 -15.300957679748535
v -52.22062301635742 0.31877008080482483 -15.93850040435791
v -34.68828582763672 0.31877008080482483 -14.344650268554688
v -34.050743103027344 0.31877008080482483 -7.650478839874268
v -34.68828582763672 0.31877008080482483 -12.432035446166992
v -45.526458740234375 0.31877008080482483 -15.300957679748535
v -34.68828582763672 0.31877008080482483 -10.519401550292969
v -44.8889274597168 0.31877008080482483 -12.432035446166992
v -29.26919174194336 0.31877008080482483 -7.012936592102051
v -27.802852630615234 0.31877008080482483 -7.012936592102051
v -31.181806564331055 0.31877008080482483 -7.012936592102051
v -33.09442138671875 0.31877008080482483 -7.012936592102051
v -31.181806564331055 0.31877008080482483 5.737863540649414
v -34.68828582763672 0.31877008080482483 -8.606786727905273
v -44.8889274597168 0.31877008080482483 -8.606786727905273
v -34.050743103027344 0.31877008080482483 6.375406265258789
v -44.8889274597168 0.31877008080482483 -14.344650268554688
v -44.8889274597168 0.31877008080482483 -10.519401550292969
v -45.526458740234375 0.31877008080482483 -7.650478839874268
v -53.17694091796875 0.31877008080482483 -7.650478839874268
v -53.814483642578125 0.31877008080482483 -12.432035446166992
v -53.814483642578125 0.31877008080482483 -14.344650268554688
v -53.814483642578125 0.31877008080482483 -10.519401550292969
v -46.929054260253906 0.31877008080482483 -7.395462989807129
v -48.39539337158203 0.31877008080482483 -7.012936592102051
v -45.526458740234375 0.31877008080482483 -7.395462989807129
v -46.929054260253906 0.31877008080482483 -7.012936592102051
v -53.814483642578125 0.31877008080482483 -8.606786727905273
v -50.308006286621094 0.31877008080482483 -7.012936592102051
v -52.22062301635742 0.31877008080482483 -7.012936592102051
v -50.308006286621094 0.31877008080482483 5.737863540649414
v -53.17694091796875 0.31877008080482483 6.375406265258789
v -96.80311584472656 3.506470203399658 -68.49024200439453
v -94.93580627441406 3.506470203399658 -72.99832916259766
v -44.8889274597168 0.31877008080482483 -53.872127532958984
v -64.01512908935547 0.31877008080482483 -51.95950698852539
v -64.65265655517578 0.31877008080482483 -51.003196716308594
v -64.65265655517578 0.31877008080482483 -50.7481803894043
v -66.05525207519531 0.31877008080482483 -50.7481803894043
v -66.05525207519531 0.31877008080482483 -50.365657806396484
v -67.52159118652344 0.31877008080482483 -50.365657806396484
v -64.65265655517578 0.31877008080482483 -44.372779846191406
v -65.60897827148438 0.31877008080482483 -37.6148567199707
v -65.60897827148438 0.31877008080482483 -44.372779846191406
v -64.01512908935547 0.31877008080482483 -53.872127532958984
v -72.94068145751953 0.31877008080482483 -53.872127532958984
v -69.4342041015625 0.31877008080482483 -50.365657806396484
v -72.30313873291016 0.31877008080482483 -51.003196716308594
v -72.94068145751953 0.31877008080482483 -51.95950698852539
v -71.3468246459961 0.31877008080482483 -50.365657806396484
v -83.14132690429688 0.31877008080482483 -51.95950698852539
v -83.77885437011719 0.31877008080482483 -51.003196716308594
v -69.4342041015625 0.31877008080482483 -37.6148567199707
v -72.30313873291016 0.31877008080482483 -36.977317810058594
v -67.52159118652344 0.31877008080482483 -37.6148567199707
v -71.3468246459961 0.31877008080482483 -37.6148567199707
v -83.14132690429688 0.31877008080482483 -53.872127532958984
v -83.77885437011719 0.31877008080482483 -50.7481803894043
v -85.18144989013672 0.31877008080482483 -50.7481803894043
v -85.18144989013672 0.31877008080482483 -50.365657806396484
v -86.64778900146484 0.31877008080482483 -50.365657806396484
v -83.77885437011719 0.31877008080482483 -44.372779846191406
v -84.73517608642578 0.31877008080482483 -37.6148567199707
v -84.73517608642578 0.31877008080482483 -44.372779846191406
v -92.80110168457031 0.31877008080482483 -2.965613842010498
v -64.65265655517578 0.31877008080482483 -36.977317810058594
v -64.01512908935547 0.31877008080482483 -30.283153533935547
v -64.01512908935547 0.31877008080482483 -34.10839080810547
v -64.01512908935547 0.31877008080482483 -36.02100372314453
v -64.01512908935547 0.31877008080482483 -32.195770263671875
v -67.52159118652344 0.31877008080482483 -28.689300537109375
v -66.05525207519531 0.31877008080482483 -29.071823120117188
v -64.65265655517578 0.31877008080482483 -29.326839447021484
v -64.65265655517578 0.31877008080482483 -29.071823120117188
v -66.05525207519531 0.31877008080482483 -28.689300537109375
v -64.65265655517578 0.31877008080482483 -22.69642448425293
v -65.60897827148438 0.31877008080482483 -15.93850040435791
v -65.60897827148438 0.31877008080482483 -22.69642448425293
v -72.30313873291016 0.31877008080482483 -29.326839447021484
v -72.94068145751953 0.31877008080482483 -34.10839080810547
v -72.94068145751953 0.31877008080482483 -36.02100372314453
v -69.4342041015625 0.31877008080482483 -28.689300537109375
v -71.3468246459961 0.31877008080482483 -28.689300537109375
v -72.94068145751953 0.31877008080482483 -32.195770263671875
v -72.94068145751953 0.31877008080482483 -30.283153533935547
v -83.77885437011719 0.31877008080482483 -36.977317810058594
v -83.14132690429688 0.31877008080482483 -36.02100372314453
v -83.14132690429688 0.31877008080482483 -34.10839080810547
v -83.14132690429688 0.31877008080482483 -30.283153533935547
v -83.14132690429688 0.31877008080482483 -32.195770263671875
v -69.4342041015625 0.31877008080482483 -15.93850040435791
v -67.52159118652344 0.31877008080482483 -15.93850040435791
v -72.30313873291016 0.31877008080482483 -15.300957679748535
v -71.3468246459961 0.31877008080482483 -15.93850040435791
v -83.77885437011719 0.31877008080482483 -29.326839447021484
v -64.65265655517578 0.31877008080482483 -15.300957679748535
v -64.01512908935547 0.31877008080482483 -12.432035446166992
v -64.01512908935547 0.31877008080482483 -14.344650268554688
v -64.01512908935547 0.31877008080482483 -10.519401550292969
v -67.52159118652344 0.31877008080482483 -7.012936592102051
v -64.65265655517578 0.31877008080482483 -7.650478839874268
v -64.01512908935547 0.31877008080482483 -8.606786727905273
v -66.05525207519531 0.31877008080482483 -7.395462989807129
v -64.65265655517578 0.31877008080482483 -7.395462989807129
v -66.05525207519531 0.31877008080482483 -7.012936592102051
v -72.30313873291016 0.31877008080482483 -7.650478839874268
v -72.94068145751953 0.31877008080482483 -12.432035446166992
v -72.94068145751953 0.31877008080482483 -14.344650268554688
v -72.94068145751953 0.31877008080482483 -10.519401550292969
v -83.77885437011719 0.31877008080482483 -15.300957679748535
v -83.14132690429688 0.31877008080482483 -12.432035446166992
v -83.14132690429688 0.31877008080482483 -14.344650268554688
v -83.14132690429688 0.31877008080482483 -10.519401550292969
v -69.4342041015625 0.31877008080482483 -7.012936592102051
v -72.94068145751953 0.31877008080482483 -8.606786727905273
v -71.3468246459961 0.31877008080482483 -7.012936592102051
v -69.4342041015625 0.31877008080482483 5.737863540649414
v -72.30313873291016 0.31877008080482483 6.375406265258789
v -83.14132690429688 0.31877008080482483 -8.606786727905273
v -83.77885437011719 0.31877008080482483 -7.650478839874268
v -85.18144989013672 0.31877008080482483 -29.071823120117188
v -86.64778900146484 0.31877008080482483 -28.689300537109375
v -86.64778900146484 0.31877008080482483 -37.6148567199707
v -90.49178314208984 0.31877008080482483 -3.5843870639801025
v -83.77885437011719 0.31877008080482483 -29.071823120117188
v -85.18144989013672 0.31877008080482483 -28.689300537109375
v -83.77885437011719 0.31877008080482483 -22.69642448425293
v -84.73517608642578 0.31877008080482483 -15.93850040435791
v -84.73517608642578 0.31877008080482483 -22.69642448425293
v -89.91517639160156 0.31877008080482483 -3.345550537109375
v -93.18104553222656 0.31877008080482483 -2.470466375350952
v -93.41987609863281 0.31877008080482483 -1.8938581943511963
v -93.5013427734375 0.31877008080482483 -1.2750787734985352
v -85.18144989013672 0.31877008080482483 -7.395462989807129
v -85.23542022705078 0.31877008080482483 -7.012936592102051
v -86.64778900146484 0.31877008080482483 -15.93850040435791
v -86.64778900146484 0.31877008080482483 -7.012936592102051
v -91.11056518554688 0.31877008080482483 -3.66585373878479
v -91.7293472290039 0.31877008080482483 -3.5843870639801025
v -92.30595397949219 0.31877008080482483 -3.345550537109375
v -89.42002868652344 0.31877008080482483 -2.965613842010498
v -83.77885437011719 0.31877008080482483 -7.395462989807129
v -85.18144989013672 0.31877008080482483 -7.012936592102051
v -88.80125427246094 0.31877008080482483 -1.8938581943511963
v -89.04008483886719 0.31877008080482483 -2.470466375350952
v -88.71978759765625 0.31877008080482483 -1.2750787734985352
v -88.80125427246094 0.31877008080482483 -0.6562994122505188
v -101.31121063232422 3.506470203399658 -66.62293243408203
v -95.3183364868164 0.31877008080482483 -67.00545501708984
v -95.3183364868164 3.506470203399658 64.45530700683594
v -95.3183364868164 3.506470203399658 -67.00545501708984
v -95.3183364868164 3.506470203399658 64.45530700683594
v -101.31121063232422 3.506470203399658 -66.62293243408203
v -6.636514186859131 0.31877008080482483 7.331713676452637
v -7.274056434631348 0.31877008080482483 -1.020063042640686
v -8.230376243591309 0.31877008080482483 5.737863540649414
v -8.230376243591309 0.31877008080482483 -1.020063042640686
v -10.142991065979004 0.31877008080482483 5.737863540649414
v -14.924541473388672 0.31877008080482483 14.02587890625
v -6.636514186859131 0.31877008080482483 11.156956672668457
v -7.274056434631348 0.31877008080482483 14.02587890625
v -8.676651954650879 0.31877008080482483 14.28089427947998
v -7.274056434631348 0.31877008080482483 14.28089427947998
v -10.142991065979004 0.31877008080482483 14.663421630859375
v -8.676651954650879 0.31877008080482483 14.663421630859375
v -12.055606842041016 0.31877008080482483 14.663421630859375
v -12.055606842041016 0.31877008080482483 27.414220809936523
v -13.968221664428711 0.31877008080482483 5.737863540649414
v -15.562084197998047 0.31877008080482483 7.331713676452637
v -15.562084197998047 0.31877008080482483 9.244328498840332
v -26.400257110595703 0.31877008080482483 6.375406265258789
v -15.562084197998047 0.31877008080482483 11.156956672668457
v -25.762725830078125 0.31877008080482483 9.244328498840332
v -26.400257110595703 0.31877008080482483 -1.020063042640686
v -27.356576919555664 0.31877008080482483 5.737863540649414
v -25.762725830078125 0.31877008080482483 7.331713676452637
v -13.968221664428711 0.31877008080482483 14.663421630859375
v -15.562084197998047 0.31877008080482483 13.069571495056152
v -25.762725830078125 0.31877008080482483 13.069571495056152
v -14.924541473388672 0.31877008080482483 28.0517635345459
v -25.762725830078125 0.31877008080482483 11.156956672668457
v -26.400257110595703 0.31877008080482483 14.02587890625
v -27.802852630615234 0.31877008080482483 14.28089427947998
v -26.400257110595703 0.31877008080482483 14.28089427947998
v -6.636514186859131 0.31877008080482483 29.008071899414062
v -7.274056434631348 0.31877008080482483 20.656293869018555
v -8.230376243591309 0.31877008080482483 27.414220809936523
v -8.230376243591309 0.31877008080482483 20.656293869018555
v -10.142991065979004 0.31877008080482483 27.414220809936523
v -15.562084197998047 0.31877008080482483 30.920686721801758
v -6.636514186859131 0.31877008080482483 32.83331298828125
v -7.274056434631348 0.31877008080482483 35.70223617553711
v -15.562084197998047 0.31877008080482483 32.83331298828125
v -10.142991065979004 0.31877008080482483 36.339778900146484
v -14.924541473388672 0.31877008080482483 35.70223617553711
v -15.562084197998047 0.31877008080482483 34.74592971801758
v -8.676651954650879 0.31877008080482483 35.95726013183594
v -7.274056434631348 0.31877008080482483 35.95726013183594
v -8.676651954650879 0.31877008080482483 36.339778900146484
v -12.055606842041016 0.31877008080482483 36.339778900146484
v -13.968221664428711 0.31877008080482483 27.414220809936523
v -15.562084197998047 0.31877008080482483 29.008071899414062
v -26.400257110595703 0.31877008080482483 28.0517635345459
v -25.762725830078125 0.31877008080482483 29.008071899414062
v -26.400257110595703 0.31877008080482483 20.656293869018555
v -27.356576919555664 0.31877008080482483 27.414220809936523
v -25.762725830078125 0.31877008080482483 30.920686721801758
v -13.968221664428711 0.31877008080482483 36.339778900146484
v -25.762725830078125 0.31877008080482483 34.74592971801758
v -25.762725830078125 0.31877008080482483 32.83331298828125
v -27.802852630615234 0.31877008080482483 35.95726013183594
v -26.400257110595703 0.31877008080482483 35.70223617553711
v -26.400257110595703 0.31877008080482483 35.95726013183594
v -27.356576919555664 0.31877008080482483 -1.020063042640686
v -29.26919174194336 0.31877008080482483 5.737863540649414
v -33.09442138671875 0.31877008080482483 5.737863540649414
v -34.050743103027344 0.31877008080482483 14.02587890625
v -34.68828582763672 0.31877008080482483 7.331713676452637
v -34.68828582763672 0.31877008080482483 9.244328498840332
v -45.526458740234375 0.31877008080482483 6.375406265258789
v -34.68828582763672 0.31877008080482483 11.156956672668457
v -44.8889274597168 0.31877008080482483 9.244328498840332
v -29.26919174194336 0.31877008080482483 14.663421630859375
v -27.802852630615234 0.31877008080482483 14.663421630859375
v -31.181806564331055 0.31877008080482483 14.663421630859375
v -33.09442138671875 0.31877008080482483 14.663421630859375
v -31.181806564331055 0.31877008080482483 27.414220809936523
v -34.68828582763672 0.31877008080482483 13.069571495056152
v -44.8889274597168 0.31877008080482483 13.069571495056152
v -34.050743103027344 0.31877008080482483 28.0517635345459
v -45.526458740234375 0.31877008080482483 -1.020063042640686
v -46.4827766418457 0.31877008080482483 5.737863540649414
v -46.4827766418457 0.31877008080482483 -1.020063042640686
v -44.8889274597168 0.31877008080482483 7.331713676452637
v -48.39539337158203 0.31877008080482483 5.737863540649414
v -52.22062301635742 0.31877008080482483 5.737863540649414
v -53.17694091796875 0.31877008080482483 14.02587890625
v -53.814483642578125 0.31877008080482483 7.331713676452637
v -53.814483642578125 0.31877008080482483 9.244328498840332
v -44.8889274597168 0.31877008080482483 11.156956672668457
v -45.526458740234375 0.31877008080482483 14.02587890625
v -46.929054260253906 0.31877008080482483 14.28089427947998
v -48.39539337158203 0.31877008080482483 14.663421630859375
v -45.526458740234375 0.31877008080482483 14.28089427947998
v -46.929054260253906 0.31877008080482483 14.663421630859375
v -53.814483642578125 0.31877008080482483 11.156956672668457
v -50.308006286621094 0.31877008080482483 14.663421630859375
v -52.22062301635742 0.31877008080482483 14.663421630859375
v -53.814483642578125 0.31877008080482483 13.069571495056152
v -50.308006286621094 0.31877008080482483 27.414220809936523
v -53.17694091796875 0.31877008080482483 28.0517635345459
v -27.356576919555664 0.31877008080482483 20.656293869018555
v -29.26919174194336 0.31877008080482483 27.414220809936523
v -33.09442138671875 0.31877008080482483 27.414220809936523
v -34.68828582763672 0.31877008080482483 30.920686721801758
v -34.68828582763672 0.31877008080482483 29.008071899414062
v -45.526458740234375 0.31877008080482483 28.0517635345459
v -34.050743103027344 0.31877008080482483 35.70223617553711
v -29.26919174194336 0.31877008080482483 36.339778900146484
v -27.802852630615234 0.31877008080482483 36.339778900146484
v -31.181806564331055 0.31877008080482483 36.339778900146484
v -33.09442138671875 0.31877008080482483 36.339778900146484
v -34.68828582763672 0.31877008080482483 32.83331298828125
v -34.68828582763672 0.31877008080482483 34.74592971801758
v -44.8889274597168 0.31877008080482483 30.920686721801758
v -44.8889274597168 0.31877008080482483 34.74592971801758
v -45.526458740234375 0.31877008080482483 20.656293869018555
v -46.4827766418457 0.31877008080482483 27.414220809936523
v -46.4827766418457 0.31877008080482483 20.656293869018555
v -44.8889274597168 0.31877008080482483 29.008071899414062
v -48.39539337158203 0.31877008080482483 27.414220809936523
v -52.22062301635742 0.31877008080482483 27.414220809936523
v -53.814483642578125 0.31877008080482483 29.008071899414062
v -53.814483642578125 0.31877008080482483 30.920686721801758
v -44.8889274597168 0.31877008080482483 32.83331298828125
v -45.526458740234375 0.31877008080482483 35.70223617553711
v -46.929054260253906 0.31877008080482483 35.95726013183594
v -48.39539337158203 0.31877008080482483 36.339778900146484
v -45.526458740234375 0.31877008080482483 35.95726013183594
v -53.17694091796875 0.31877008080482483 35.70223617553711
v -53.814483642578125 0.31877008080482483 32.83331298828125
v -53.814483642578125 0.31877008080482483 34.74592971801758
v -46.929054260253906 0.31877008080482483 36.339778900146484
v -50.308006286621094 0.31877008080482483 36.339778900146484
v -52.22062301635742 0.31877008080482483 36.339778900146484
v -7.274056434631348 0.31877008080482483 42.33265686035156
v -8.230376243591309 0.31877008080482483 49.090579986572266
v -8.230376243591309 0.31877008080482483 42.33265686035156
v -12.055606842041016 0.31877008080482483 49.090579986572266
v -10.142991065979004 0.31877008080482483 49.090579986572266
v -14.924541473388672 0.31877008080482483 49.72812271118164
v -6.636514186859131 0.31877008080482483 50.68442916870117
v -15.562084197998047 0.31877008080482483 52.5970458984375
v -6.636514186859131 0.31877008080482483 52.5970458984375
v -15.562084197998047 0.31877008080482483 50.68442916870117
v -13.968221664428711 0.31877008080482483 49.090579986572266
v -26.400257110595703 0.31877008080482483 42.33265686035156
v -26.400257110595703 0.31877008080482483 49.72812271118164
v -27.356576919555664 0.31877008080482483 49.090579986572266
v -25.762725830078125 0.31877008080482483 50.68442916870117
v -27.356576919555664 0.31877008080482483 42.33265686035156
v -31.181806564331055 0.31877008080482483 49.090579986572266
v -29.26919174194336 0.31877008080482483 49.090579986572266
v -33.09442138671875 0.31877008080482483 49.090579986572266
v -34.050743103027344 0.31877008080482483 49.72812271118164
v -34.68828582763672 0.31877008080482483 52.5970458984375
v -25.762725830078125 0.31877008080482483 52.5970458984375
v -34.68828582763672 0.31877008080482483 50.68442916870117
v -45.526458740234375 0.31877008080482483 49.72812271118164
v -45.526458740234375 0.31877008080482483 42.33265686035156
v -46.4827766418457 0.31877008080482483 49.090579986572266
v -46.4827766418457 0.31877008080482483 42.33265686035156
v -50.308006286621094 0.31877008080482483 49.090579986572266
v -53.17694091796875 0.31877008080482483 49.72812271118164
v -48.39539337158203 0.31877008080482483 49.090579986572266
v -52.22062301635742 0.31877008080482483 49.090579986572266
v -44.8889274597168 0.31877008080482483 50.68442916870117
v -53.814483642578125 0.31877008080482483 52.5970458984375
v -53.814483642578125 0.31877008080482483 50.68442916870117
v -101.31121063232422 3.506470203399658 70.44817352294922
v -95.3183364868164 3.506470203399658 64.45530700683594
v -64.65265655517578 0.31877008080482483 6.375406265258789
v -64.01512908935547 0.31877008080482483 9.244328498840332
v -64.65265655517578 0.31877008080482483 -1.020063042640686
v -65.60897827148438 0.31877008080482483 5.737863540649414
v -65.60897827148438 0.31877008080482483 -1.020063042640686
v -64.01512908935547 0.31877008080482483 7.331713676452637
v -72.30313873291016 0.31877008080482483 14.02587890625
v -64.01512908935547 0.31877008080482483 13.069571495056152
v -64.01512908935547 0.31877008080482483 11.156956672668457
v -64.65265655517578 0.31877008080482483 14.02587890625
v -67.52159118652344 0.31877008080482483 14.663421630859375
v -66.05525207519531 0.31877008080482483 14.28089427947998
v -64.65265655517578 0.31877008080482483 14.28089427947998
v -66.05525207519531 0.31877008080482483 14.663421630859375
v -67.52159118652344 0.31877008080482483 5.737863540649414
v -71.3468246459961 0.31877008080482483 5.737863540649414
v -72.94068145751953 0.31877008080482483 9.244328498840332
v -72.94068145751953 0.31877008080482483 7.331713676452637
v -83.77885437011719 0.31877008080482483 6.375406265258789
v -72.94068145751953 0.31877008080482483 11.156956672668457
v -83.14132690429688 0.31877008080482483 9.244328498840332
v -83.14132690429688 0.31877008080482483 7.331713676452637
v -69.4342041015625 0.31877008080482483 14.663421630859375
v -71.3468246459961 0.31877008080482483 14.663421630859375
v -72.94068145751953 0.31877008080482483 13.069571495056152
v -69.4342041015625 0.31877008080482483 27.414220809936523
v -72.30313873291016 0.31877008080482483 28.0517635345459
v -83.14132690429688 0.31877008080482483 13.069571495056152
v -83.14132690429688 0.31877008080482483 11.156956672668457
v -83.77885437011719 0.31877008080482483 14.02587890625
v -64.65265655517578 0.31877008080482483 28.0517635345459
v -64.65265655517578 0.31877008080482483 20.656293869018555
v -65.60897827148438 0.31877008080482483 27.414220809936523
v -65.60897827148438 0.31877008080482483 20.656293869018555
v -64.01512908935547 0.31877008080482483 29.008071899414062
v -64.01512908935547 0.31877008080482483 30.920686721801758
v -64.01512908935547 0.31877008080482483 34.74592971801758
v -64.01512908935547 0.31877008080482483 32.83331298828125
v -72.30313873291016 0.31877008080482483 35.70223617553711
v -64.65265655517578 0.31877008080482483 35.70223617553711
v -66.05525207519531 0.31877008080482483 35.95726013183594
v -67.52159118652344 0.31877008080482483 36.339778900146484
v -64.65265655517578 0.31877008080482483 35.95726013183594
v -66.05525207519531 0.31877008080482483 36.339778900146484
v -67.52159118652344 0.31877008080482483 27.414220809936523
v -71.3468246459961 0.31877008080482483 27.414220809936523
v -72.94068145751953 0.31877008080482483 30.920686721801758
v -72.94068145751953 0.31877008080482483 29.008071899414062
v -83.77885437011719 0.31877008080482483 28.0517635345459
v -83.14132690429688 0.31877008080482483 29.008071899414062
v -72.94068145751953 0.31877008080482483 32.83331298828125
v -72.94068145751953 0.31877008080482483 34.74592971801758
v -69.4342041015625 0.31877008080482483 36.339778900146484
v -71.3468246459961 0.31877008080482483 36.339778900146484
v -83.14132690429688 0.31877008080482483 30.920686721801758
v -83.14132690429688 0.31877008080482483 32.83331298828125
v -83.14132690429688 0.31877008080482483 34.74592971801758
v -83.77885437011719 0.31877008080482483 35.70223617553711
v -83.77885437011719 0.31877008080482483 -1.020063042640686
v -84.73517608642578 0.31877008080482483 5.737863540649414
v -84.73517608642578 0.31877008080482483 -1.020063042640686
v -85.18144989013672 0.31877008080482483 14.28089427947998
v -86.64778900146484 0.31877008080482483 14.663421630859375
v -86.64778900146484 0.31877008080482483 5.737863540649414
v -83.77885437011719 0.31877008080482483 14.28089427947998
v -85.18144989013672 0.31877008080482483 14.663421630859375
v -83.77885437011719 0.31877008080482483 20.656293869018555
v -84.73517608642578 0.31877008080482483 27.414220809936523
v -84.73517608642578 0.31877008080482483 20.656293869018555
v -89.04008483886719 0.31877008080482483 -0.07969128340482712
v -89.42002868652344 0.31877008080482483 0.41545626521110535
v -89.91517639160156 0.31877008080482483 0.7953928112983704
v -90.49178314208984 0.31877008080482483 1.0342295169830322
v -91.11056518554688 0.31877008080482483 1.1156961917877197
v -93.41987609863281 0.31877008080482483 -0.6562994122505188
v -91.7293472290039 0.31877008080482483 1.0342295169830322
v -92.30595397949219 0.31877008080482483 0.7953928112983704
v -93.18104553222656 0.31877008080482483 -0.07969128340482712
v -92.80110168457031 0.31877008080482483 0.41545626521110535
v -85.18144989013672 0.31877008080482483 35.95726013183594
v -86.64778900146484 0.31877008080482483 36.339778900146484
v -83.77885437011719 0.31877008080482483 35.95726013183594
v -85.18144989013672 0.31877008080482483 36.339778900146484
v -86.64778900146484 0.31877008080482483 27.414220809936523
v -95.3183364868164 0.31877008080482483 64.45530700683594
v -64.65265655517578 0.31877008080482483 42.33265686035156
v -65.60897827148438 0.31877008080482483 49.090579986572266
v -65.60897827148438 0.31877008080482483 42.33265686035156
v -64.65265655517578 0.31877008080482483 49.72812271118164
v -44.8889274597168 0.31877008080482483 52.5970458984375
v -64.01512908935547 0.31877008080482483 50.68442916870117
v -69.4342041015625 0.31877008080482483 49.090579986572266
v -72.30313873291016 0.31877008080482483 49.72812271118164
v -67.52159118652344 0.31877008080482483 49.090579986572266
v -71.3468246459961 0.31877008080482483 49.090579986572266
v -72.94068145751953 0.31877008080482483 52.5970458984375
v -72.94068145751953 0.31877008080482483 50.68442916870117
v -64.01512908935547 0.31877008080482483 52.5970458984375
v -83.77885437011719 0.31877008080482483 49.72812271118164
v -83.14132690429688 0.31877008080482483 50.68442916870117
v -83.77885437011719 0.31877008080482483 42.33265686035156
v -84.73517608642578 0.31877008080482483 49.090579986572266
v -84.73517608642578 0.31877008080482483 42.33265686035156
v -83.14132690429688 0.31877008080482483 52.5970458984375
v -86.64778900146484 0.31877008080482483 49.090579986572266
v 80.70646667480469 -3.506470203399658 -51.003196716308594
v 69.23074340820312 -3.506470203399658 -51.003196716308594
v 69.23074340820312 0.31877008080482483 -51.003196716308594
v 69.23074340820312 -3.506470203399658 -51.003196716308594
v 69.23074340820312 -3.506470203399658 -50.7481803894043
v 69.23074340820312 0.31877008080482483 -50.7481803894043
v 80.70646667480469 -3.506470203399658 -51.003196716308594
v 80.70646667480469 0.31877008080482483 -51.003196716308594
v 80.70646667480469 -3.506470203399658 -36.977317810058594
v 80.70646667480469 -3.506470203399658 -36.977317810058594
v 80.70646667480469 0.31877008080482483 -36.977317810058594
v 69.23074340820312 -3.506470203399658 -36.977317810058594
v 69.23074340820312 -3.506470203399658 -44.372779846191406
v 69.23074340820312 -3.506470203399658 -36.977317810058594
v 69.23074340820312 0.31877008080482483 -36.977317810058594
v 80.70646667480469 0.31877008080482483 -51.003196716308594
v 69.23074340820312 0.31877008080482483 -51.003196716308594
v 80.70646667480469 0.31877008080482483 -36.977317810058594
v 69.23074340820312 0.31877008080482483 -44.372779846191406
v 69.23074340820312 0.31877008080482483 -36.977317810058594
v 69.23074340820312 -3.506470203399658 -50.7481803894043
v 67.82816314697266 -3.506470203399658 -50.7481803894043
v 69.23074340820312 0.31877008080482483 -50.7481803894043
v 67.82816314697266 -3.506470203399658 -50.7481803894043
v 67.82816314697266 -3.506470203399658 -44.372779846191406
v 67.82816314697266 -0.31877008080482483 -44.372779846191406
v 69.23074340820312 -3.506470203399658 -44.372779846191406
v 68.59320068359375 -0.31877008080482483 -44.372779846191406
v 67.82816314697266 -3.506470203399658 -44.372779846191406
v 67.82816314697266 -0.31877008080482483 -50.365657806396484
v 67.82816314697266 -0.31877008080482483 -44.372779846191406
v 67.82816314697266 0.31877008080482483 -50.7481803894043
v 67.82816314697266 0.31877008080482483 -50.7481803894043
v 69.23074340820312 0.31877008080482483 -44.372779846191406
v 67.82816314697266 0.31877008080482483 -50.365657806396484
v 68.27442932128906 0.31877008080482483 -44.372779846191406
v 61.580265045166016 -3.506470203399658 -51.003196716308594
v 50.10454559326172 -3.506470203399658 -51.003196716308594
v 50.10454559326172 0.31877008080482483 -51.003196716308594
v 61.580265045166016 -3.506470203399658 -51.003196716308594
v 61.580265045166016 0.31877008080482483 -51.003196716308594
v 61.580265045166016 -3.506470203399658 -36.977317810058594
v 61.580265045166016 -3.506470203399658 -36.977317810058594
v 61.580265045166016 0.31877008080482483 -36.977317810058594
v 50.10454559326172 -3.506470203399658 -36.977317810058594
v 61.580265045166016 0.31877008080482483 -51.003196716308594
v 61.580265045166016 0.31877008080482483 -36.977317810058594
v 50.10454559326172 0.31877008080482483 -36.977317810058594
v 50.10454559326172 -3.506470203399658 -51.003196716308594
v 50.10454559326172 -3.506470203399658 -50.7481803894043
v 50.10454559326172 0.31877008080482483 -50.7481803894043
v 50.10454559326172 -3.506470203399658 -44.372779846191406
v 50.10454559326172 -3.506470203399658 -36.977317810058594
v 50.10454559326172 0.31877008080482483 -36.977317810058594
v 50.10454559326172 0.31877008080482483 -51.003196716308594
v 50.10454559326172 0.31877008080482483 -44.372779846191406
v 50.10454559326172 -3.506470203399658 -50.7481803894043
v 48.70195770263672 -3.506470203399658 -50.7481803894043
v 48.70195770263672 0.31877008080482483 -50.7481803894043
v 48.70195770263672 -3.506470203399658 -50.7481803894043
v 48.70195770263672 -3.506470203399658 -44.372779846191406
v 48.70195770263672 -0.31877008080482483 -44.372779846191406
v 50.10454559326172 -3.506470203399658 -44.372779846191406
v 49.467002868652344 -0.31877008080482483 -44.372779846191406
v 48.70195770263672 -3.506470203399658 -44.372779846191406
v 48.70195770263672 -0.31877008080482483 -50.365657806396484
v 48.70195770263672 -0.31877008080482483 -44.372779846191406
v 48.70195770263672 0.31877008080482483 -50.7481803894043
v 50.10454559326172 0.31877008080482483 -50.7481803894043
v 50.10454559326172 0.31877008080482483 -44.372779846191406
v 48.70195770263672 0.31877008080482483 -50.365657806396484
v 49.148231506347656 0.31877008080482483 -44.372779846191406
v 42.45405960083008 -3.506470203399658 -51.003196716308594
v 42.45405960083008 0.31877008080482483 -51.003196716308594
v 42.45405960083008 -3.506470203399658 -36.977317810058594
v 42.45405960083008 -3.506470203399658 -51.003196716308594
v 30.978343963623047 -3.506470203399658 -51.003196716308594
v 30.978343963623047 0.31877008080482483 -51.003196716308594
v 30.978343963623047 -3.506470203399658 -51.003196716308594
v 30.978343963623047 -3.506470203399658 -50.7481803894043
v 30.978343963623047 0.31877008080482483 -50.7481803894043
v 42.45405960083008 -3.506470203399658 -36.977317810058594
v 42.45405960083008 0.31877008080482483 -36.977317810058594
v 30.978343963623047 -3.506470203399658 -36.977317810058594
v 30.978343963623047 -3.506470203399658 -44.372779846191406
v 30.978343963623047 -3.506470203399658 -36.977317810058594
v 30.978343963623047 0.31877008080482483 -36.977317810058594
v 42.45405960083008 0.31877008080482483 -36.977317810058594
v 42.45405960083008 0.31877008080482483 -51.003196716308594
v 30.978343963623047 0.31877008080482483 -51.003196716308594
v 30.978343963623047 0.31877008080482483 -44.372779846191406
v 30.978343963623047 0.31877008080482483 -36.977317810058594
v 30.978343963623047 -3.506470203399658 -50.7481803894043
v 29.575754165649414 -3.506470203399658 -50.7481803894043
v 30.978343963623047 0.31877008080482483 -50.7481803894043
v 29.575754165649414 -3.506470203399658 -50.7481803894043
v 29.575754165649414 -3.506470203399658 -44.372779846191406
v 29.575754165649414 -0.31877008080482483 -44.372779846191406
v 30.978343963623047 -3.506470203399658 -44.372779846191406
v 30.340801239013672 -0.31877008080482483 -44.372779846191406
v 29.575754165649414 -3.506470203399658 -44.372779846191406
v 29.575754165649414 -0.31877008080482483 -50.365657806396484
v 29.575754165649414 -0.31877008080482483 -44.372779846191406
v 29.575754165649414 0.31877008080482483 -50.7481803894043
v 29.575754165649414 0.31877008080482483 -50.7481803894043
v 30.978343963623047 0.31877008080482483 -44.372779846191406
v 29.575754165649414 0.31877008080482483 -50.365657806396484
v 30.022029876708984 0.31877008080482483 -44.372779846191406
v 23.327857971191406 -3.506470203399658 -51.003196716308594
v 11.852143287658691 -3.506470203399658 -51.003196716308594
v 11.852143287658691 0.31877008080482483 -51.003196716308594
v 23.327857971191406 -3.506470203399658 -51.003196716308594
v 23.327857971191406 0.31877008080482483 -51.003196716308594
v 23.327857971191406 -3.506470203399658 -36.977317810058594
v 11.852143287658691 -3.506470203399658 -51.003196716308594
v 11.852143287658691 -3.506470203399658 -50.7481803894043
v 11.852143287658691 0.31877008080482483 -50.7481803894043
v 23.327857971191406 -3.506470203399658 -36.977317810058594
v 23.327857971191406 0.31877008080482483 -36.977317810058594
v 11.852143287658691 -3.506470203399658 -36.977317810058594
v 11.852143287658691 -3.506470203399658 -44.372779846191406
v 11.852143287658691 -3.506470203399658 -36.977317810058594
v 11.852143287658691 0.31877008080482483 -36.977317810058594
v 23.327857971191406 0.31877008080482483 -51.003196716308594
v 23.327857971191406 0.31877008080482483 -36.977317810058594
v 11.852143287658691 0.31877008080482483 -51.003196716308594
v 11.852143287658691 0.31877008080482483 -44.372779846191406
v 11.852143287658691 0.31877008080482483 -36.977317810058594
v 11.852143287658691 -3.506470203399658 -50.7481803894043
v 10.449553489685059 -3.506470203399658 -50.7481803894043
v 10.449553489685059 0.31877008080482483 -50.7481803894043
v 10.449553489685059 -3.506470203399658 -50.7481803894043
v 10.449553489685059 -3.506470203399658 -44.372779846191406
v 10.449553489685059 -0.31877008080482483 -44.372779846191406
v 11.852143287658691 -3.506470203399658 -44.372779846191406
v 11.214601516723633 -0.31877008080482483 -44.372779846191406
v 10.449553489685059 -3.506470203399658 -44.372779846191406
v 10.449553489685059 -0.31877008080482483 -50.365657806396484
v 10.449553489685059 -0.31877008080482483 -44.372779846191406
v 10.449553489685059 0.31877008080482483 -50.7481803894043
v 11.852143287658691 0.31877008080482483 -50.7481803894043
v 11.852143287658691 0.31877008080482483 -44.372779846191406
v 10.449553489685059 0.31877008080482483 -50.365657806396484
v 10.895830154418945 0.31877008080482483 -44.372779846191406
v 4.201658725738525 -3.506470203399658 -51.003196716308594
v 4.201658725738525 0.31877008080482483 -51.003196716308594
v 4.201658725738525 -3.506470203399658 -36.977317810058594
v 4.201658725738525 -3.506470203399658 -36.977317810058594
v 4.201658725738525 0.31877008080482483 -36.977317810058594
v -7.274056434631348 -3.506470203399658 -36.977317810058594
v 4.201658725738525 -3.506470203399658 -51.003196716308594
v -7.274056434631348 0.31877008080482483 -51.003196716308594
v 4.201658725738525 0.31877008080482483 -51.003196716308594
v 4.201658725738525 0.31877008080482483 -36.977317810058594
v -7.274056434631348 -3.506470203399658 -51.003196716308594
v -7.274056434631348 -3.506470203399658 -51.003196716308594
v -7.274056434631348 -3.506470203399658 -50.7481803894043
v -7.274056434631348 0.31877008080482483 -50.7481803894043
v -7.274056434631348 -3.506470203399658 -44.372779846191406
v -7.274056434631348 -3.506470203399658 -36.977317810058594
v -7.274056434631348 0.31877008080482483 -36.977317810058594
v -7.274056434631348 0.31877008080482483 -51.003196716308594
v -7.274056434631348 0.31877008080482483 -44.372779846191406
v -7.274056434631348 0.31877008080482483 -36.977317810058594
v -7.274056434631348 -3.506470203399658 -50.7481803894043
v -8.676651954650879 -3.506470203399658 -50.7481803894043
v -7.274056434631348 0.31877008080482483 -50.7481803894043
v -8.676651954650879 -3.506470203399658 -50.7481803894043
v -8.676651954650879 -3.506470203399658 -44.372779846191406
v -8.676651954650879 -0.31877008080482483 -44.372779846191406
v -7.274056434631348 -3.506470203399658 -44.372779846191406
v -7.911599159240723 -0.31877008080482483 -44.372779846191406
v -8.676651954650879 -3.506470203399658 -44.372779846191406
v -8.676651954650879 -0.31877008080482483 -50.365657806396484
v -8.676651954650879 -0.31877008080482483 -44.372779846191406
v -8.676651954650879 0.31877008080482483 -50.7481803894043
v -8.676651954650879 0.31877008080482483 -50.7481803894043
v -7.274056434631348 0.31877008080482483 -44.372779846191406
v -8.676651954650879 0.31877008080482483 -50.365657806396484
v -8.230376243591309 0.31877008080482483 -44.372779846191406
v -14.924541473388672 -3.506470203399658 -51.003196716308594
v -26.400257110595703 -3.506470203399658 -51.003196716308594
v -26.400257110595703 0.31877008080482483 -51.003196716308594
v -26.400257110595703 -3.506470203399658 -51.003196716308594
v -26.400257110595703 -3.506470203399658 -50.7481803894043
v -26.400257110595703 0.31877008080482483 -50.7481803894043
v -14.924541473388672 -3.506470203399658 -51.003196716308594
v -14.924541473388672 0.31877008080482483 -51.003196716308594
v -14.924541473388672 -3.506470203399658 -36.977317810058594
v -14.924541473388672 -3.506470203399658 -36.977317810058594
v -14.924541473388672 0.31877008080482483 -36.977317810058594
v -26.400257110595703 -3.506470203399658 -36.977317810058594
v -26.400257110595703 -3.506470203399658 -44.372779846191406
v -26.400257110595703 -3.506470203399658 -36.977317810058594
v -26.400257110595703 0.31877008080482483 -36.977317810058594
v -14.924541473388672 0.31877008080482483 -51.003196716308594
v -26.400257110595703 0.31877008080482483 -51.003196716308594
v -14.924541473388672 0.31877008080482483 -36.977317810058594
v -26.400257110595703 0.31877008080482483 -44.372779846191406
v -26.400257110595703 0.31877008080482483 -36.977317810058594
v -26.400257110595703 -3.506470203399658 -50.7481803894043
v -27.802852630615234 -3.506470203399658 -50.7481803894043
v -27.802852630615234 0.31877008080482483 -50.7481803894043
v -27.802852630615234 -3.506470203399658 -50.7481803894043
v -27.802852630615234 -3.506470203399658 -44.372779846191406
v -27.802852630615234 -0.31877008080482483 -44.372779846191406
v -26.400257110595703 -3.506470203399658 -44.372779846191406
v -27.037799835205078 -0.31877008080482483 -44.372779846191406
v -27.802852630615234 -3.506470203399658 -44.372779846191406
v -26.400257110595703 0.31877008080482483 -50.7481803894043
v -26.400257110595703 0.31877008080482483 -44.372779846191406
v -27.802852630615234 -0.31877008080482483 -50.365657806396484
v -27.802852630615234 -0.31877008080482483 -44.372779846191406
v -27.802852630615234 0.31877008080482483 -50.7481803894043
v -27.802852630615234 0.31877008080482483 -50.365657806396484
v -27.356576919555664 0.31877008080482483 -44.372779846191406
v -34.050743103027344 -3.506470203399658 -51.003196716308594
v -34.050743103027344 0.31877008080482483 -51.003196716308594
v -34.050743103027344 -3.506470203399658 -36.977317810058594
v -34.050743103027344 -3.506470203399658 -51.003196716308594
v -45.526458740234375 -3.506470203399658 -51.003196716308594
v -45.526458740234375 0.31877008080482483 -51.003196716308594
v -45.526458740234375 -3.506470203399658 -51.003196716308594
v -45.526458740234375 -3.506470203399658 -50.7481803894043
v -45.526458740234375 0.31877008080482483 -50.7481803894043
v -34.050743103027344 -3.506470203399658 -36.977317810058594
v -34.050743103027344 0.31877008080482483 -36.977317810058594
v -45.526458740234375 -3.506470203399658 -36.977317810058594
v -45.526458740234375 -3.506470203399658 -44.372779846191406
v -45.526458740234375 -3.506470203399658 -36.977317810058594
v -45.526458740234375 0.31877008080482483 -36.977317810058594
v -34.050743103027344 0.31877008080482483 -51.003196716308594
v -34.050743103027344 0.31877008080482483 -36.977317810058594
v -45.526458740234375 0.31877008080482483 -51.003196716308594
v -45.526458740234375 0.31877008080482483 -44.372779846191406
v -45.526458740234375 0.31877008080482483 -36.977317810058594
v -45.526458740234375 -3.506470203399658 -50.7481803894043
v -46.929054260253906 -3.506470203399658 -50.7481803894043
v -45.526458740234375 0.31877008080482483 -50.7481803894043
v -46.929054260253906 -3.506470203399658 -50.7481803894043
v -46.929054260253906 -3.506470203399658 -44.372779846191406
v -46.929054260253906 -0.31877008080482483 -44.372779846191406
v -45.526458740234375 -3.506470203399658 -44.372779846191406
v -46.163997650146484 -0.31877008080482483 -44.372779846191406
v -46.929054260253906 -3.506470203399658 -44.372779846191406
v -46.929054260253906 -0.31877008080482483 -50.365657806396484
v -46.929054260253906 -0.31877008080482483 -44.372779846191406
v -46.929054260253906 0.31877008080482483 -50.7481803894043
v -46.929054260253906 0.31877008080482483 -50.7481803894043
v -45.526458740234375 0.31877008080482483 -44.372779846191406
v -46.929054260253906 0.31877008080482483 -50.365657806396484
v -46.4827766418457 0.31877008080482483 -44.372779846191406
v -53.17694091796875 -3.506470203399658 -51.003196716308594
v -53.17694091796875 0.31877008080482483 -51.003196716308594
v -53.17694091796875 -3.506470203399658 -36.977317810058594
v -53.17694091796875 0.31877008080482483 -36.977317810058594
v -53.17694091796875 -3.506470203399658 -51.003196716308594
v -64.65265655517578 -3.506470203399658 -51.003196716308594
v -64.65265655517578 0.31877008080482483 -51.003196716308594
v -64.65265655517578 -3.506470203399658 -51.003196716308594
v -64.65265655517578 -3.506470203399658 -50.7481803894043
v -64.65265655517578 0.31877008080482483 -50.7481803894043
v -53.17694091796875 -3.506470203399658 -36.977317810058594
v -53.17694091796875 0.31877008080482483 -36.977317810058594
v -64.65265655517578 -3.506470203399658 -36.977317810058594
v -64.65265655517578 -3.506470203399658 -44.372779846191406
v -64.65265655517578 -3.506470203399658 -36.977317810058594
v -64.65265655517578 0.31877008080482483 -36.977317810058594
v -53.17694091796875 0.31877008080482483 -51.003196716308594
v -64.65265655517578 0.31877008080482483 -51.003196716308594
v -64.65265655517578 0.31877008080482483 -44.372779846191406
v -64.65265655517578 0.31877008080482483 -36.977317810058594
v -64.65265655517578 -3.506470203399658 -50.7481803894043
v -66.05525207519531 -3.506470203399658 -50.7481803894043
v -66.05525207519531 0.31877008080482483 -50.7481803894043
v -66.05525207519531 -3.506470203399658 -50.7481803894043
v -66.05525207519531 -3.506470203399658 -44.372779846191406
v -66.05525207519531 -0.31877008080482483 -44.372779846191406
v -64.65265655517578 -3.506470203399658 -44.372779846191406
v -65.29019927978516 -0.31877008080482483 -44.372779846191406
v -66.05525207519531 -3.506470203399658 -44.372779846191406
v -66.05525207519531 -0.31877008080482483 -50.365657806396484
v -66.05525207519531 -0.31877008080482483 -44.372779846191406
v -66.05525207519531 0.31877008080482483 -50.7481803894043
v -64.65265655517578 0.31877008080482483 -50.7481803894043
v -64.65265655517578 0.31877008080482483 -44.372779846191406
v -66.05525207519531 0.31877008080482483 -50.365657806396484
v -65.60897827148438 0.31877008080482483 -44.372779846191406
v -72.30313873291016 -3.506470203399658 -51.003196716308594
v -83.77885437011719 -3.506470203399658 -51.003196716308594
v -83.77885437011719 0.31877008080482483 -51.003196716308594
v -72.30313873291016 -3.506470203399658 -51.003196716308594
v -72.30313873291016 0.31877008080482483 -51.003196716308594
v -72.30313873291016 -3.506470203399658 -36.977317810058594
v -83.77885437011719 -3.506470203399658 -51.003196716308594
v -83.77885437011719 -3.506470203399658 -50.7481803894043
v -83.77885437011719 0.31877008080482483 -50.7481803894043
v -72.30313873291016 -3.506470203399658 -36.977317810058594
v -72.30313873291016 0.31877008080482483 -36.977317810058594
v -83.77885437011719 -3.506470203399658 -36.977317810058594
v -83.77885437011719 -3.506470203399658 -44.372779846191406
v -83.77885437011719 -3.506470203399658 -36.977317810058594
v -83.77885437011719 0.31877008080482483 -36.977317810058594
v -72.30313873291016 0.31877008080482483 -51.003196716308594
v -72.30313873291016 0.31877008080482483 -36.977317810058594
v -83.77885437011719 0.31877008080482483 -51.003196716308594
v -83.77885437011719 0.31877008080482483 -44.372779846191406
v -83.77885437011719 0.31877008080482483 -36.977317810058594
v -83.77885437011719 -3.506470203399658 -50.7481803894043
v -85.18144989013672 -3.506470203399658 -50.7481803894043
v -85.18144989013672 0.31877008080482483 -50.7481803894043
v -85.18144989013672 -3.506470203399658 -50.7481803894043
v -85.18144989013672 -3.506470203399658 -44.372779846191406
v -85.18144989013672 -0.31877008080482483 -44.372779846191406
v -83.77885437011719 -3.506470203399658 -44.372779846191406
v -84.41639709472656 -0.31877008080482483 -44.372779846191406
v -85.18144989013672 -3.506470203399658 -44.372779846191406
v -85.18144989013672 -0.31877008080482483 -50.365657806396484
v -85.18144989013672 -0.31877008080482483 -44.372779846191406
v -85.18144989013672 0.31877008080482483 -50.7481803894043
v -83.77885437011719 0.31877008080482483 -50.7481803894043
v -83.77885437011719 0.31877008080482483 -44.372779846191406
v -85.18144989013672 0.31877008080482483 -50.365657806396484
v -84.73517608642578 0.31877008080482483 -44.372779846191406
v 80.70646667480469 -3.506470203399658 -29.326839447021484
v 80.70646667480469 0.31877008080482483 -29.326839447021484
v 80.70646667480469 -3.506470203399658 -15.300957679748535
v 80.70646667480469 -3.506470203399658 -29.326839447021484
v 69.23074340820312 -3.506470203399658 -29.326839447021484
v 69.23074340820312 0.31877008080482483 -29.326839447021484
v 69.23074340820312 -3.506470203399658 -29.326839447021484
v 69.23074340820312 -3.506470203399658 -29.071823120117188
v 69.23074340820312 0.31877008080482483 -29.071823120117188
v 80.70646667480469 -3.506470203399658 -15.300957679748535
v 80.70646667480469 0.31877008080482483 -15.300957679748535
v 69.23074340820312 -3.506470203399658 -15.300957679748535
v 69.23074340820312 -3.506470203399658 -22.69642448425293
v 69.23074340820312 -3.506470203399658 -15.300957679748535
v 69.23074340820312 0.31877008080482483 -15.300957679748535
v 80.70646667480469 0.31877008080482483 -29.326839447021484
v 80.70646667480469 0.31877008080482483 -15.300957679748535
v 69.23074340820312 0.31877008080482483 -29.326839447021484
v 69.23074340820312 0.31877008080482483 -22.69642448425293
v 69.23074340820312 0.31877008080482483 -15.300957679748535
v 67.82816314697266 -3.506470203399658 -29.071823120117188
v 67.82816314697266 -3.506470203399658 -22.69642448425293
v 67.82816314697266 -0.31877008080482483 -22.69642448425293
v 69.23074340820312 -3.506470203399658 -22.69642448425293
v 68.59320068359375 -0.31877008080482483 -22.69642448425293
v 67.82816314697266 -3.506470203399658 -22.69642448425293
v 69.23074340820312 -3.506470203399658 -29.071823120117188
v 67.82816314697266 -3.506470203399658 -29.071823120117188
v 67.82816314697266 0.31877008080482483 -29.071823120117188
v 67.82816314697266 -0.31877008080482483 -28.689300537109375
v 67.82816314697266 -0.31877008080482483 -22.69642448425293
v 67.82816314697266 0.31877008080482483 -29.071823120117188
v 69.23074340820312 0.31877008080482483 -22.69642448425293
v 69.23074340820312 0.31877008080482483 -29.071823120117188
v 67.82816314697266 0.31877008080482483 -28.689300537109375
v 68.27442932128906 0.31877008080482483 -22.69642448425293
v 61.580265045166016 -3.506470203399658 -29.326839447021484
v 61.580265045166016 0.31877008080482483 -29.326839447021484
v 61.580265045166016 -3.506470203399658 -15.300957679748535
v 61.580265045166016 -3.506470203399658 -29.326839447021484
v 50.10454559326172 -3.506470203399658 -29.326839447021484
v 50.10454559326172 0.31877008080482483 -29.326839447021484
v 61.580265045166016 -3.506470203399658 -15.300957679748535
v 61.580265045166016 0.31877008080482483 -15.300957679748535
v 50.10454559326172 -3.506470203399658 -15.300957679748535
v 61.580265045166016 0.31877008080482483 -15.300957679748535
v 61.580265045166016 0.31877008080482483 -29.326839447021484
v 50.10454559326172 0.31877008080482483 -15.300957679748535
v 50.10454559326172 -3.506470203399658 -29.326839447021484
v 50.10454559326172 -3.506470203399658 -29.071823120117188
v 50.10454559326172 0.31877008080482483 -29.071823120117188
v 50.10454559326172 -3.506470203399658 -22.69642448425293
v 50.10454559326172 -3.506470203399658 -15.300957679748535
v 50.10454559326172 0.31877008080482483 -15.300957679748535
v 50.10454559326172 0.31877008080482483 -29.326839447021484
v 50.10454559326172 0.31877008080482483 -22.69642448425293
v 48.70195770263672 -3.506470203399658 -29.071823120117188
v 48.70195770263672 -3.506470203399658 -22.69642448425293
v 48.70195770263672 -0.31877008080482483 -22.69642448425293
v 50.10454559326172 -3.506470203399658 -22.69642448425293
v 49.467002868652344 -0.31877008080482483 -22.69642448425293
v 48.70195770263672 -3.506470203399658 -22.69642448425293
v 50.10454559326172 -3.506470203399658 -29.071823120117188
v 48.70195770263672 -3.506470203399658 -29.071823120117188
v 50.10454559326172 0.31877008080482483 -29.071823120117188
v 48.70195770263672 -0.31877008080482483 -28.689300537109375
v 48.70195770263672 -0.31877008080482483 -22.69642448425293
v 48.70195770263672 0.31877008080482483 -29.071823120117188
v 50.10454559326172 0.31877008080482483 -22.69642448425293
v 48.70195770263672 0.31877008080482483 -29.071823120117188
v 48.70195770263672 0.31877008080482483 -28.689300537109375
v 49.148231506347656 0.31877008080482483 -22.69642448425293
v 42.45405960083008 -3.506470203399658 -29.326839447021484
v 42.45405960083008 0.31877008080482483 -29.326839447021484
v 42.45405960083008 -3.506470203399658 -15.300957679748535
v 42.45405960083008 -3.506470203399658 -29.326839447021484
v 30.978343963623047 -3.506470203399658 -29.326839447021484
v 30.978343963623047 0.31877008080482483 -29.326839447021484
v 30.978343963623047 -3.506470203399658 -29.326839447021484
v 30.978343963623047 -3.506470203399658 -29.071823120117188
v 30.978343963623047 0.31877008080482483 -29.071823120117188
v 42.45405960083008 -3.506470203399658 -15.300957679748535
v 42.45405960083008 0.31877008080482483 -15.300957679748535
v 30.978343963623047 -3.506470203399658 -15.300957679748535
v 30.978343963623047 -3.506470203399658 -22.69642448425293
v 30.978343963623047 -3.506470203399658 -15.300957679748535
v 30.978343963623047 0.31877008080482483 -15.300957679748535
v 42.45405960083008 0.31877008080482483 -15.300957679748535
v 42.45405960083008 0.31877008080482483 -29.326839447021484
v 30.978343963623047 0.31877008080482483 -29.326839447021484
v 30.978343963623047 0.31877008080482483 -22.69642448425293
v 30.978343963623047 0.31877008080482483 -15.300957679748535
v 29.575754165649414 -3.506470203399658 -29.071823120117188
v 29.575754165649414 -3.506470203399658 -22.69642448425293
v 29.575754165649414 -0.31877008080482483 -22.69642448425293
v 30.978343963623047 -3.506470203399658 -22.69642448425293
v 30.340801239013672 -0.31877008080482483 -22.69642448425293
v 29.575754165649414 -3.506470203399658 -22.69642448425293
v 30.978343963623047 -3.506470203399658 -29.071823120117188
v 29.575754165649414 -3.506470203399658 -29.071823120117188
v 29.575754165649414 0.31877008080482483 -29.071823120117188
v 29.575754165649414 -0.31877008080482483 -28.689300537109375
v 29.575754165649414 -0.31877008080482483 -22.69642448425293
v 29.575754165649414 0.31877008080482483 -29.071823120117188
v 30.978343963623047 0.31877008080482483 -22.69642448425293
v 30.978343963623047 0.31877008080482483 -29.071823120117188
v 29.575754165649414 0.31877008080482483 -28.689300537109375
v 30.022029876708984 0.31877008080482483 -22.69642448425293
v 23.327857971191406 -3.506470203399658 -29.326839447021484
v 23.327857971191406 0.31877008080482483 -29.326839447021484
v 23.327857971191406 -3.506470203399658 -15.300957679748535
v 23.327857971191406 -3.506470203399658 -29.326839447021484
v 11.852143287658691 -3.506470203399658 -29.326839447021484
v 11.852143287658691 0.31877008080482483 -29.326839447021484
v 11.852143287658691 -3.506470203399658 -29.326839447021484
v 11.852143287658691 -3.506470203399658 -29.071823120117188
v 11.852143287658691 0.31877008080482483 -29.071823120117188
v 23.327857971191406 -3.506470203399658 -15.300957679748535
v 23.327857971191406 0.31877008080482483 -15.300957679748535
v 11.852143287658691 -3.506470203399658 -15.300957679748535
v 11.852143287658691 -3.506470203399658 -22.69642448425293
v 11.852143287658691 -3.506470203399658 -15.300957679748535
v 11.852143287658691 0.31877008080482483 -15.300957679748535
v 23.327857971191406 0.31877008080482483 -15.300957679748535
v 23.327857971191406 0.31877008080482483 -29.326839447021484
v 11.852143287658691 0.31877008080482483 -29.326839447021484
v 11.852143287658691 0.31877008080482483 -22.69642448425293
v 11.852143287658691 0.31877008080482483 -15.300957679748535
v 10.449553489685059 -3.506470203399658 -29.071823120117188
v 10.449553489685059 -3.506470203399658 -22.69642448425293
v 10.449553489685059 -0.31877008080482483 -22.69642448425293
v 11.852143287658691 -3.506470203399658 -22.69642448425293
v 11.214601516723633 -0.31877008080482483 -22.69642448425293
v 10.449553489685059 -3.506470203399658 -22.69642448425293
v 11.852143287658691 -3.506470203399658 -29.071823120117188
v 10.449553489685059 -3.506470203399658 -29.071823120117188
v 10.449553489685059 0.31877008080482483 -29.071823120117188
v 10.449553489685059 -0.31877008080482483 -28.689300537109375
v 10.449553489685059 -0.31877008080482483 -22.69642448425293
v 10.449553489685059 0.31877008080482483 -29.071823120117188
v 11.852143287658691 0.31877008080482483 -22.69642448425293
v 11.852143287658691 0.31877008080482483 -29.071823120117188
v 10.449553489685059 0.31877008080482483 -28.689300537109375
v 10.895830154418945 0.31877008080482483 -22.69642448425293
v 4.201658725738525 -3.506470203399658 -29.326839447021484
v 4.201658725738525 0.31877008080482483 -29.326839447021484
v 4.201658725738525 -3.506470203399658 -15.300957679748535
v 4.201658725738525 -3.506470203399658 -15.300957679748535
v 4.201658725738525 0.31877008080482483 -15.300957679748535
v -7.274056434631348 -3.506470203399658 -15.300957679748535
v 4.201658725738525 -3.506470203399658 -29.326839447021484
v -7.274056434631348 0.31877008080482483 -29.326839447021484
v 4.201658725738525 0.31877008080482483 -29.326839447021484
v 4.201658725738525 0.31877008080482483 -15.300957679748535
v -7.274056434631348 -3.506470203399658 -29.326839447021484
v -7.274056434631348 -3.506470203399658 -29.326839447021484
v -7.274056434631348 -3.506470203399658 -29.071823120117188
v -7.274056434631348 0.31877008080482483 -29.071823120117188
v -7.274056434631348 -3.506470203399658 -22.69642448425293
v -7.274056434631348 -3.506470203399658 -15.300957679748535
v -7.274056434631348 0.31877008080482483 -15.300957679748535
v -7.274056434631348 0.31877008080482483 -29.326839447021484
v -7.274056434631348 0.31877008080482483 -22.69642448425293
v -7.274056434631348 0.31877008080482483 -15.300957679748535
v -8.676651954650879 -3.506470203399658 -29.071823120117188
v -8.676651954650879 -3.506470203399658 -22.69642448425293
v -8.676651954650879 -0.31877008080482483 -22.69642448425293
v -7.274056434631348 -3.506470203399658 -22.69642448425293
v -7.911599159240723 -0.31877008080482483 -22.69642448425293
v -8.676651954650879 -3.506470203399658 -22.69642448425293
v -7.274056434631348 -3.506470203399658 -29.071823120117188
v -8.676651954650879 -3.506470203399658 -29.071823120117188
v -8.676651954650879 0.31877008080482483 -29.071823120117188
v -8.676651954650879 -0.31877008080482483 -28.689300537109375
v -8.676651954650879 -0.31877008080482483 -22.69642448425293
v -8.676651954650879 0.31877008080482483 -29.071823120117188
v -7.274056434631348 0.31877008080482483 -22.69642448425293
v -7.274056434631348 0.31877008080482483 -29.071823120117188
v -8.676651954650879 0.31877008080482483 -28.689300537109375
v -8.230376243591309 0.31877008080482483 -22.69642448425293
v -14.924541473388672 -3.506470203399658 -29.326839447021484
v -14.924541473388672 0.31877008080482483 -29.326839447021484
v -14.924541473388672 -3.506470203399658 -15.300957679748535
v -14.924541473388672 -3.506470203399658 -29.326839447021484
v -26.400257110595703 -3.506470203399658 -29.326839447021484
v -26.400257110595703 0.31877008080482483 -29.326839447021484
v -26.400257110595703 -3.506470203399658 -29.326839447021484
v -26.400257110595703 -3.506470203399658 -29.071823120117188
v -26.400257110595703 0.31877008080482483 -29.071823120117188
v -14.924541473388672 -3.506470203399658 -15.300957679748535
v -14.924541473388672 0.31877008080482483 -15.300957679748535
v -26.400257110595703 -3.506470203399658 -15.300957679748535
v -26.400257110595703 -3.506470203399658 -22.69642448425293
v -26.400257110595703 -3.506470203399658 -15.300957679748535
v -26.400257110595703 0.31877008080482483 -15.300957679748535
v -14.924541473388672 0.31877008080482483 -29.326839447021484
v -14.924541473388672 0.31877008080482483 -15.300957679748535
v -26.400257110595703 0.31877008080482483 -29.326839447021484
v -26.400257110595703 0.31877008080482483 -22.69642448425293
v -26.400257110595703 0.31877008080482483 -15.300957679748535
v -27.802852630615234 -3.506470203399658 -29.071823120117188
v -27.802852630615234 -3.506470203399658 -22.69642448425293
v -27.802852630615234 -0.31877008080482483 -22.69642448425293
v -26.400257110595703 -3.506470203399658 -22.69642448425293
v -27.037799835205078 -0.31877008080482483 -22.69642448425293
v -27.802852630615234 -3.506470203399658 -22.69642448425293
v -26.400257110595703 -3.506470203399658 -29.071823120117188
v -27.802852630615234 -3.506470203399658 -29.071823120117188
v -27.802852630615234 0.31877008080482483 -29.071823120117188
v -26.400257110595703 0.31877008080482483 -22.69642448425293
v -26.400257110595703 0.31877008080482483 -29.071823120117188
v -27.802852630615234 -0.31877008080482483 -28.689300537109375
v -27.802852630615234 -0.31877008080482483 -22.69642448425293
v -27.802852630615234 0.31877008080482483 -29.071823120117188
v -27.802852630615234 0.31877008080482483 -28.689300537109375
v -27.356576919555664 0.31877008080482483 -22.69642448425293
v -34.050743103027344 -3.506470203399658 -29.326839447021484
v -45.526458740234375 -3.506470203399658 -29.326839447021484
v -34.050743103027344 0.31877008080482483 -29.326839447021484
v -34.050743103027344 -3.506470203399658 -29.326839447021484
v -34.050743103027344 0.31877008080482483 -29.326839447021484
v -34.050743103027344 -3.506470203399658 -15.300957679748535
v -45.526458740234375 -3.506470203399658 -29.326839447021484
v -45.526458740234375 -3.506470203399658 -29.071823120117188
v -45.526458740234375 0.31877008080482483 -29.071823120117188
v -34.050743103027344 -3.506470203399658 -15.300957679748535
v -34.050743103027344 0.31877008080482483 -15.300957679748535
v -45.526458740234375 -3.506470203399658 -15.300957679748535
v -45.526458740234375 -3.506470203399658 -22.69642448425293
v -45.526458740234375 -3.506470203399658 -15.300957679748535
v -45.526458740234375 0.31877008080482483 -15.300957679748535
v -34.050743103027344 0.31877008080482483 -15.300957679748535
v -45.526458740234375 0.31877008080482483 -29.326839447021484
v -45.526458740234375 0.31877008080482483 -29.326839447021484
v -45.526458740234375 0.31877008080482483 -22.69642448425293
v -45.526458740234375 0.31877008080482483 -15.300957679748535
v -46.929054260253906 -3.506470203399658 -29.071823120117188
v -46.929054260253906 -3.506470203399658 -22.69642448425293
v -46.929054260253906 -0.31877008080482483 -22.69642448425293
v -45.526458740234375 -3.506470203399658 -22.69642448425293
v -46.163997650146484 -0.31877008080482483 -22.69642448425293
v -46.929054260253906 -3.506470203399658 -22.69642448425293
v -45.526458740234375 -3.506470203399658 -29.071823120117188
v -46.929054260253906 -3.506470203399658 -29.071823120117188
v -46.929054260253906 0.31877008080482483 -29.071823120117188
v -46.929054260253906 -0.31877008080482483 -28.689300537109375
v -46.929054260253906 -0.31877008080482483 -22.69642448425293
v -46.929054260253906 0.31877008080482483 -29.071823120117188
v -45.526458740234375 0.31877008080482483 -22.69642448425293
v -45.526458740234375 0.31877008080482483 -29.071823120117188
v -46.929054260253906 0.31877008080482483 -28.689300537109375
v -46.4827766418457 0.31877008080482483 -22.69642448425293
v -53.17694091796875 -3.506470203399658 -29.326839447021484
v -53.17694091796875 0.31877008080482483 -29.326839447021484
v -53.17694091796875 -3.506470203399658 -15.300957679748535
v -53.17694091796875 0.31877008080482483 -15.300957679748535
v -53.17694091796875 -3.506470203399658 -29.326839447021484
v -64.65265655517578 -3.506470203399658 -29.326839447021484
v -64.65265655517578 0.31877008080482483 -29.326839447021484
v -64.65265655517578 -3.506470203399658 -29.326839447021484
v -64.65265655517578 -3.506470203399658 -29.071823120117188
v -64.65265655517578 0.31877008080482483 -29.071823120117188
v -53.17694091796875 -3.506470203399658 -15.300957679748535
v -53.17694091796875 0.31877008080482483 -15.300957679748535
v -64.65265655517578 -3.506470203399658 -15.300957679748535
v -64.65265655517578 -3.506470203399658 -22.69642448425293
v -64.65265655517578 -3.506470203399658 -15.300957679748535
v -64.65265655517578 0.31877008080482483 -15.300957679748535
v -53.17694091796875 0.31877008080482483 -29.326839447021484
v -64.65265655517578 0.31877008080482483 -29.326839447021484
v -64.65265655517578 0.31877008080482483 -22.69642448425293
v -64.65265655517578 0.31877008080482483 -15.300957679748535
v -66.05525207519531 -3.506470203399658 -29.071823120117188
v -66.05525207519531 -3.506470203399658 -22.69642448425293
v -66.05525207519531 -0.31877008080482483 -22.69642448425293
v -64.65265655517578 -3.506470203399658 -22.69642448425293
v -65.29019927978516 -0.31877008080482483 -22.69642448425293
v -66.05525207519531 -3.506470203399658 -22.69642448425293
v -64.65265655517578 -3.506470203399658 -29.071823120117188
v -66.05525207519531 -3.506470203399658 -29.071823120117188
v -66.05525207519531 0.31877008080482483 -29.071823120117188
v -66.05525207519531 -0.31877008080482483 -28.689300537109375
v -66.05525207519531 -0.31877008080482483 -22.69642448425293
v -66.05525207519531 0.31877008080482483 -29.071823120117188
v -64.65265655517578 0.31877008080482483 -22.69642448425293
v -64.65265655517578 0.31877008080482483 -29.071823120117188
v -66.05525207519531 0.31877008080482483 -28.689300537109375
v -65.60897827148438 0.31877008080482483 -22.69642448425293
v -72.30313873291016 -3.506470203399658 -29.326839447021484
v -72.30313873291016 0.31877008080482483 -29.326839447021484
v -72.30313873291016 -3.506470203399658 -15.300957679748535
v -72.30313873291016 -3.506470203399658 -29.326839447021484
v -83.77885437011719 -3.506470203399658 -29.326839447021484
v -83.77885437011719 0.31877008080482483 -29.326839447021484
v -72.30313873291016 -3.506470203399658 -15.300957679748535
v -72.30313873291016 0.31877008080482483 -15.300957679748535
v -83.77885437011719 -3.506470203399658 -15.300957679748535
v -83.77885437011719 -3.506470203399658 -29.326839447021484
v -83.77885437011719 -3.506470203399658 -29.071823120117188
v -83.77885437011719 0.31877008080482483 -29.071823120117188
v -83.77885437011719 -3.506470203399658 -22.69642448425293
v -83.77885437011719 -3.506470203399658 -15.300957679748535
v -83.77885437011719 0.31877008080482483 -15.300957679748535
v -72.30313873291016 0.31877008080482483 -15.300957679748535
v -72.30313873291016 0.31877008080482483 -29.326839447021484
v -83.77885437011719 0.31877008080482483 -15.300957679748535
v -83.77885437011719 0.31877008080482483 -29.326839447021484
v -83.77885437011719 0.31877008080482483 -22.69642448425293
v -85.18144989013672 -3.506470203399658 -29.071823120117188
v -85.18144989013672 -3.506470203399658 -22.69642448425293
v -85.18144989013672 -0.31877008080482483 -22.69642448425293
v -83.77885437011719 -3.506470203399658 -22.69642448425293
v -84.41639709472656 -0.31877008080482483 -22.69642448425293
v -85.18144989013672 -3.506470203399658 -22.69642448425293
v -83.77885437011719 -3.506470203399658 -29.071823120117188
v -85.18144989013672 -3.506470203399658 -29.071823120117188
v -85.18144989013672 0.31877008080482483 -29.071823120117188
v -85.18144989013672 -0.31877008080482483 -28.689300537109375
v -85.18144989013672 -0.31877008080482483 -22.69642448425293
v -85.18144989013672 0.31877008080482483 -29.071823120117188
v -83.77885437011719 0.31877008080482483 -22.69642448425293
v -83.77885437011719 0.31877008080482483 -29.071823120117188
v -85.18144989013672 0.31877008080482483 -28.689300537109375
v -84.73517608642578 0.31877008080482483 -22.69642448425293
v 80.70646667480469 -3.506470203399658 -7.650478839874268
v 80.70646667480469 0.31877008080482483 -7.650478839874268
v 80.70646667480469 -3.506470203399658 6.375406265258789
v 80.70646667480469 -3.506470203399658 -7.650478839874268
v 69.23074340820312 -3.506470203399658 -7.650478839874268
v 69.23074340820312 0.31877008080482483 -7.650478839874268
v 69.23074340820312 -3.506470203399658 -7.650478839874268
v 69.23074340820312 -3.506470203399658 -7.395462989807129
v 69.23074340820312 0.31877008080482483 -7.395462989807129
v 80.70646667480469 0.31877008080482483 -7.650478839874268
v 69.23074340820312 0.31877008080482483 -7.650478839874268
v 80.70646667480469 -3.506470203399658 6.375406265258789
v 80.70646667480469 0.31877008080482483 6.375406265258789
v 69.23074340820312 -3.506470203399658 6.375406265258789
v 69.23074340820312 -3.506470203399658 -1.020063042640686
v 69.23074340820312 -3.506470203399658 6.375406265258789
v 69.23074340820312 0.31877008080482483 6.375406265258789
v 80.70646667480469 0.31877008080482483 6.375406265258789
v 69.23074340820312 0.31877008080482483 -1.020063042640686
v 69.23074340820312 0.31877008080482483 6.375406265258789
v 67.82816314697266 -3.506470203399658 -7.395462989807129
v 67.82816314697266 -3.506470203399658 -1.020063042640686
v 67.82816314697266 -0.31877008080482483 -1.020063042640686
v 69.23074340820312 -3.506470203399658 -1.020063042640686
v 68.59320068359375 -0.31877008080482483 -1.020063042640686
v 67.82816314697266 -3.506470203399658 -1.020063042640686
v 69.23074340820312 -3.506470203399658 -7.395462989807129
v 67.82816314697266 -3.506470203399658 -7.395462989807129
v 67.82816314697266 0.31877008080482483 -7.395462989807129
v 67.82816314697266 -0.31877008080482483 -7.012936592102051
v 67.82816314697266 -0.31877008080482483 -1.020063042640686
v 67.82816314697266 0.31877008080482483 -7.395462989807129
v 69.23074340820312 0.31877008080482483 -1.020063042640686
v 69.23074340820312 0.31877008080482483 -7.395462989807129
v 67.82816314697266 0.31877008080482483 -7.012936592102051
v 68.27442932128906 0.31877008080482483 -1.020063042640686
v 61.580265045166016 -3.506470203399658 -7.650478839874268
v 61.580265045166016 0.31877008080482483 -7.650478839874268
v 61.580265045166016 -3.506470203399658 6.375406265258789
v 61.580265045166016 -3.506470203399658 -7.650478839874268
v 50.10454559326172 -3.506470203399658 -7.650478839874268
v 61.580265045166016 0.31877008080482483 -7.650478839874268
v 50.10454559326172 0.31877008080482483 -7.650478839874268
v 50.10454559326172 -3.506470203399658 -7.650478839874268
v 50.10454559326172 -3.506470203399658 -7.395462989807129
v 50.10454559326172 0.31877008080482483 -7.395462989807129
v 50.10454559326172 0.31877008080482483 -7.650478839874268
v 61.580265045166016 -3.506470203399658 6.375406265258789
v 61.580265045166016 0.31877008080482483 6.375406265258789
v 50.10454559326172 -3.506470203399658 6.375406265258789
v 61.580265045166016 0.31877008080482483 6.375406265258789
v 50.10454559326172 0.31877008080482483 6.375406265258789
v 50.10454559326172 -3.506470203399658 -1.020063042640686
v 50.10454559326172 -3.506470203399658 6.375406265258789
v 50.10454559326172 0.31877008080482483 6.375406265258789
v 50.10454559326172 0.31877008080482483 -1.020063042640686
v 48.70195770263672 -3.506470203399658 -7.395462989807129
v 48.70195770263672 -3.506470203399658 -1.020063042640686
v 48.70195770263672 -0.31877008080482483 -1.020063042640686
v 50.10454559326172 -3.506470203399658 -1.020063042640686
v 49.467002868652344 -0.31877008080482483 -1.020063042640686
v 48.70195770263672 -3.506470203399658 -1.020063042640686
v 50.10454559326172 -3.506470203399658 -7.395462989807129
v 48.70195770263672 -3.506470203399658 -7.395462989807129
v 50.10454559326172 0.31877008080482483 -7.395462989807129
v 48.70195770263672 -0.31877008080482483 -7.012936592102051
v 48.70195770263672 -0.31877008080482483 -1.020063042640686
v 48.70195770263672 0.31877008080482483 -7.395462989807129
v 50.10454559326172 0.31877008080482483 -1.020063042640686
v 48.70195770263672 0.31877008080482483 -7.395462989807129
v 48.70195770263672 0.31877008080482483 -7.012936592102051
v 49.148231506347656 0.31877008080482483 -1.020063042640686
v 42.45405960083008 -3.506470203399658 -7.650478839874268
v 42.45405960083008 0.31877008080482483 -7.650478839874268
v 42.45405960083008 -3.506470203399658 6.375406265258789
v 42.45405960083008 -3.506470203399658 -7.650478839874268
v 30.978343963623047 -3.506470203399658 -7.650478839874268
v 42.45405960083008 0.31877008080482483 -7.650478839874268
v 30.978343963623047 -3.506470203399658 -7.650478839874268
v 30.978343963623047 -3.506470203399658 -7.395462989807129
v 30.978343963623047 0.31877008080482483 -7.395462989807129
v 30.978343963623047 0.31877008080482483 -7.650478839874268
v 30.978343963623047 0.31877008080482483 -7.650478839874268
v 42.45405960083008 -3.506470203399658 6.375406265258789
v 42.45405960083008 0.31877008080482483 6.375406265258789
v 30.978343963623047 -3.506470203399658 6.375406265258789
v 30.978343963623047 -3.506470203399658 -1.020063042640686
v 30.978343963623047 -3.506470203399658 6.375406265258789
v 30.978343963623047 0.31877008080482483 6.375406265258789
v 42.45405960083008 0.31877008080482483 6.375406265258789
v 30.978343963623047 0.31877008080482483 6.375406265258789
v 30.978343963623047 0.31877008080482483 -1.020063042640686
v 30.978343963623047 -3.506470203399658 -1.020063042640686
v 30.340801239013672 -0.31877008080482483 -1.020063042640686
v 29.575754165649414 -3.506470203399658 -1.020063042640686
v 29.575754165649414 -3.506470203399658 -7.395462989807129
v 29.575754165649414 -3.506470203399658 -1.020063042640686
v 29.575754165649414 -0.31877008080482483 -1.020063042640686
v 30.978343963623047 -3.506470203399658 -7.395462989807129
v 29.575754165649414 -3.506470203399658 -7.395462989807129
v 30.978343963623047 0.31877008080482483 -7.395462989807129
v 29.575754165649414 -0.31877008080482483 -7.012936592102051
v 29.575754165649414 -0.31877008080482483 -1.020063042640686
v 29.575754165649414 0.31877008080482483 -7.395462989807129
v 30.978343963623047 0.31877008080482483 -1.020063042640686
v 29.575754165649414 0.31877008080482483 -7.395462989807129
v 29.575754165649414 0.31877008080482483 -7.012936592102051
v 30.022029876708984 0.31877008080482483 -1.020063042640686
v 23.327857971191406 -3.506470203399658 -7.650478839874268
v 23.327857971191406 0.31877008080482483 -7.650478839874268
v 23.327857971191406 -3.506470203399658 6.375406265258789
v 23.327857971191406 -3.506470203399658 -7.650478839874268
v 11.852143287658691 -3.506470203399658 -7.650478839874268
v 11.852143287658691 0.31877008080482483 -7.650478839874268
v 11.852143287658691 -3.506470203399658 -7.650478839874268
v 11.852143287658691 -3.506470203399658 -7.395462989807129
v 11.852143287658691 0.31877008080482483 -7.395462989807129
v 23.327857971191406 0.31877008080482483 -7.650478839874268
v 11.852143287658691 0.31877008080482483 -7.650478839874268
v 23.327857971191406 -3.506470203399658 6.375406265258789
v 23.327857971191406 0.31877008080482483 6.375406265258789
v 11.852143287658691 -3.506470203399658 6.375406265258789
v 11.852143287658691 -3.506470203399658 -1.020063042640686
v 11.852143287658691 -3.506470203399658 6.375406265258789
v 11.852143287658691 0.31877008080482483 6.375406265258789
v 23.327857971191406 0.31877008080482483 6.375406265258789
v 11.852143287658691 0.31877008080482483 6.375406265258789
v 11.852143287658691 0.31877008080482483 -1.020063042640686
v 10.449553489685059 -3.506470203399658 -7.395462989807129
v 10.449553489685059 -3.506470203399658 -1.020063042640686
v 10.449553489685059 -0.31877008080482483 -1.020063042640686
v 11.852143287658691 -3.506470203399658 -1.020063042640686
v 11.214601516723633 -0.31877008080482483 -1.020063042640686
v 10.449553489685059 -3.506470203399658 -1.020063042640686
v 11.852143287658691 -3.506470203399658 -7.395462989807129
v 10.449553489685059 -3.506470203399658 -7.395462989807129
v 10.449553489685059 0.31877008080482483 -7.395462989807129
v 10.449553489685059 -0.31877008080482483 -7.012936592102051
v 10.449553489685059 -0.31877008080482483 -1.020063042640686
v 10.449553489685059 0.31877008080482483 -7.395462989807129
v 11.852143287658691 0.31877008080482483 -1.020063042640686
v 11.852143287658691 0.31877008080482483 -7.395462989807129
v 10.449553489685059 0.31877008080482483 -7.012936592102051
v 10.895830154418945 0.31877008080482483 -1.020063042640686
v 4.201658725738525 -3.506470203399658 -7.650478839874268
v 4.201658725738525 0.31877008080482483 -7.650478839874268
v 4.201658725738525 -3.506470203399658 6.375406265258789
v 4.201658725738525 -3.506470203399658 -7.650478839874268
v -7.274056434631348 0.31877008080482483 -7.650478839874268
v 4.201658725738525 0.31877008080482483 -7.650478839874268
v 4.201658725738525 -3.506470203399658 6.375406265258789
v 4.201658725738525 0.31877008080482483 6.375406265258789
v -7.274056434631348 -3.506470203399658 6.375406265258789
v 4.201658725738525 0.31877008080482483 6.375406265258789
v -7.274056434631348 -3.506470203399658 -7.650478839874268
v -7.274056434631348 -3.506470203399658 -7.650478839874268
v -7.274056434631348 -3.506470203399658 -7.395462989807129
v -7.274056434631348 0.31877008080482483 -7.395462989807129
v -7.274056434631348 0.31877008080482483 -7.650478839874268
v -7.274056434631348 -3.506470203399658 -1.020063042640686
v -7.274056434631348 -3.506470203399658 6.375406265258789
v -7.274056434631348 0.31877008080482483 6.375406265258789
v -7.274056434631348 0.31877008080482483 6.375406265258789
v -7.274056434631348 0.31877008080482483 -1.020063042640686
v -8.676651954650879 -3.506470203399658 -7.395462989807129
v -8.676651954650879 -3.506470203399658 -1.020063042640686
v -8.676651954650879 -0.31877008080482483 -1.020063042640686
v -7.274056434631348 -3.506470203399658 -1.020063042640686
v -7.911599159240723 -0.31877008080482483 -1.020063042640686
v -8.676651954650879 -3.506470203399658 -1.020063042640686
v -7.274056434631348 -3.506470203399658 -7.395462989807129
v -8.676651954650879 -3.506470203399658 -7.395462989807129
v -8.676651954650879 0.31877008080482483 -7.395462989807129
v -8.676651954650879 -0.31877008080482483 -7.012936592102051
v -8.676651954650879 -0.31877008080482483 -1.020063042640686
v -8.676651954650879 0.31877008080482483 -7.395462989807129
v -7.274056434631348 0.31877008080482483 -1.020063042640686
v -7.274056434631348 0.31877008080482483 -7.395462989807129
v -8.676651954650879 0.31877008080482483 -7.012936592102051
v -8.230376243591309 0.31877008080482483 -1.020063042640686
v -14.924541473388672 -3.506470203399658 -7.650478839874268
v -14.924541473388672 0.31877008080482483 -7.650478839874268
v -14.924541473388672 -3.506470203399658 6.375406265258789
v -14.924541473388672 -3.506470203399658 -7.650478839874268
v -26.400257110595703 -3.506470203399658 -7.650478839874268
v -26.400257110595703 0.31877008080482483 -7.650478839874268
v -26.400257110595703 -3.506470203399658 -7.650478839874268
v -26.400257110595703 -3.506470203399658 -7.395462989807129
v -26.400257110595703 0.31877008080482483 -7.395462989807129
v -14.924541473388672 0.31877008080482483 -7.650478839874268
v -26.400257110595703 0.31877008080482483 -7.650478839874268
v -14.924541473388672 -3.506470203399658 6.375406265258789
v -14.924541473388672 0.31877008080482483 6.375406265258789
v -26.400257110595703 -3.506470203399658 6.375406265258789
v -26.400257110595703 -3.506470203399658 -1.020063042640686
v -26.400257110595703 -3.506470203399658 6.375406265258789
v -26.400257110595703 0.31877008080482483 6.375406265258789
v -14.924541473388672 0.31877008080482483 6.375406265258789
v -26.400257110595703 0.31877008080482483 -1.020063042640686
v -26.400257110595703 0.31877008080482483 6.375406265258789
v -27.802852630615234 -3.506470203399658 -7.395462989807129
v -27.802852630615234 -3.506470203399658 -1.020063042640686
v -27.802852630615234 -0.31877008080482483 -1.020063042640686
v -26.400257110595703 -3.506470203399658 -1.020063042640686
v -27.037799835205078 -0.31877008080482483 -1.020063042640686
v -27.802852630615234 -3.506470203399658 -1.020063042640686
v -26.400257110595703 -3.506470203399658 -7.395462989807129
v -27.802852630615234 -3.506470203399658 -7.395462989807129
v -27.802852630615234 0.31877008080482483 -7.395462989807129
v -26.400257110595703 0.31877008080482483 -1.020063042640686
v -26.400257110595703 0.31877008080482483 -7.395462989807129
v -27.802852630615234 -0.31877008080482483 -7.012936592102051
v -27.802852630615234 -0.31877008080482483 -1.020063042640686
v -27.802852630615234 0.31877008080482483 -7.395462989807129
v -27.802852630615234 0.31877008080482483 -7.012936592102051
v -27.356576919555664 0.31877008080482483 -1.020063042640686
v -34.050743103027344 -3.506470203399658 -7.650478839874268
v -45.526458740234375 -3.506470203399658 -7.650478839874268
v -34.050743103027344 0.31877008080482483 -7.650478839874268
v -34.050743103027344 -3.506470203399658 -7.650478839874268
v -34.050743103027344 0.31877008080482483 -7.650478839874268
v -34.050743103027344 -3.506470203399658 6.375406265258789
v -45.526458740234375 -3.506470203399658 -7.650478839874268
v -45.526458740234375 -3.506470203399658 -7.395462989807129
v -45.526458740234375 0.31877008080482483 -7.395462989807129
v -45.526458740234375 0.31877008080482483 -7.650478839874268
v -45.526458740234375 0.31877008080482483 -7.650478839874268
v -34.050743103027344 -3.506470203399658 6.375406265258789
v -34.050743103027344 0.31877008080482483 6.375406265258789
v -45.526458740234375 -3.506470203399658 6.375406265258789
v -45.526458740234375 -3.506470203399658 -1.020063042640686
v -45.526458740234375 -3.506470203399658 6.375406265258789
v -45.526458740234375 0.31877008080482483 6.375406265258789
v -34.050743103027344 0.31877008080482483 6.375406265258789
v -45.526458740234375 0.31877008080482483 -1.020063042640686
v -45.526458740234375 0.31877008080482483 6.375406265258789
v -46.929054260253906 -3.506470203399658 -7.395462989807129
v -46.929054260253906 -3.506470203399658 -1.020063042640686
v -46.929054260253906 -0.31877008080482483 -1.020063042640686
v -45.526458740234375 -3.506470203399658 -1.020063042640686
v -46.163997650146484 -0.31877008080482483 -1.020063042640686
v -46.929054260253906 -3.506470203399658 -1.020063042640686
v -45.526458740234375 -3.506470203399658 -7.395462989807129
v -46.929054260253906 -3.506470203399658 -7.395462989807129
v -46.929054260253906 0.31877008080482483 -7.395462989807129
v -46.929054260253906 -0.31877008080482483 -7.012936592102051
v -46.929054260253906 -0.31877008080482483 -1.020063042640686
v -46.929054260253906 0.31877008080482483 -7.395462989807129
v -45.526458740234375 0.31877008080482483 -1.020063042640686
v -45.526458740234375 0.31877008080482483 -7.395462989807129
v -46.929054260253906 0.31877008080482483 -7.012936592102051
v -46.4827766418457 0.31877008080482483 -1.020063042640686
v -53.17694091796875 -3.506470203399658 -7.650478839874268
v -53.17694091796875 0.31877008080482483 -7.650478839874268
v -53.17694091796875 -3.506470203399658 6.375406265258789
v -53.17694091796875 -3.506470203399658 -7.650478839874268
v -64.65265655517578 -3.506470203399658 -7.650478839874268
v -53.17694091796875 0.31877008080482483 -7.650478839874268
v -64.65265655517578 -3.506470203399658 -7.650478839874268
v -64.65265655517578 -3.506470203399658 -7.395462989807129
v -64.65265655517578 0.31877008080482483 -7.395462989807129
v -64.65265655517578 0.31877008080482483 -7.650478839874268
v -64.65265655517578 0.31877008080482483 -7.650478839874268
v -53.17694091796875 0.31877008080482483 6.375406265258789
v -53.17694091796875 -3.506470203399658 6.375406265258789
v -53.17694091796875 0.31877008080482483 6.375406265258789
v -64.65265655517578 -3.506470203399658 6.375406265258789
v -64.65265655517578 -3.506470203399658 -1.020063042640686
v -64.65265655517578 -3.506470203399658 6.375406265258789
v -64.65265655517578 0.31877008080482483 6.375406265258789
v -64.65265655517578 0.31877008080482483 -1.020063042640686
v -64.65265655517578 0.31877008080482483 6.375406265258789
v -66.05525207519531 -3.506470203399658 -7.395462989807129
v -66.05525207519531 -3.506470203399658 -1.020063042640686
v -66.05525207519531 -0.31877008080482483 -1.020063042640686
v -64.65265655517578 -3.506470203399658 -1.020063042640686
v -65.29019927978516 -0.31877008080482483 -1.020063042640686
v -66.05525207519531 -3.506470203399658 -1.020063042640686
v -64.65265655517578 -3.506470203399658 -7.395462989807129
v -66.05525207519531 -3.506470203399658 -7.395462989807129
v -66.05525207519531 0.31877008080482483 -7.395462989807129
v -66.05525207519531 -0.31877008080482483 -7.012936592102051
v -66.05525207519531 -0.31877008080482483 -1.020063042640686
v -66.05525207519531 0.31877008080482483 -7.395462989807129
v -64.65265655517578 0.31877008080482483 -1.020063042640686
v -64.65265655517578 0.31877008080482483 -7.395462989807129
v -66.05525207519531 0.31877008080482483 -7.012936592102051
v -65.60897827148438 0.31877008080482483 -1.020063042640686
v -72.30313873291016 -3.506470203399658 -7.650478839874268
v -72.30313873291016 0.31877008080482483 -7.650478839874268
v -72.30313873291016 -3.506470203399658 6.375406265258789
v -72.30313873291016 -3.506470203399658 -7.650478839874268
v -83.77885437011719 -3.506470203399658 -7.650478839874268
v -83.77885437011719 0.31877008080482483 -7.650478839874268
v -83.77885437011719 -3.506470203399658 -7.650478839874268
v -83.77885437011719 -3.506470203399658 -7.395462989807129
v -83.77885437011719 0.31877008080482483 -7.395462989807129
v -72.30313873291016 0.31877008080482483 -7.650478839874268
v -83.77885437011719 0.31877008080482483 -7.650478839874268
v -72.30313873291016 -3.506470203399658 6.375406265258789
v -72.30313873291016 0.31877008080482483 6.375406265258789
v -83.77885437011719 -3.506470203399658 6.375406265258789
v -83.77885437011719 -3.506470203399658 -1.020063042640686
v -83.77885437011719 -3.506470203399658 6.375406265258789
v -83.77885437011719 0.31877008080482483 6.375406265258789
v -72.30313873291016 0.31877008080482483 6.375406265258789
v -83.77885437011719 0.31877008080482483 6.375406265258789
v -83.77885437011719 0.31877008080482483 -1.020063042640686
v -85.18144989013672 -3.506470203399658 -7.395462989807129
v -85.18144989013672 -3.506470203399658 -1.020063042640686
v -85.18144989013672 -0.31877008080482483 -1.020063042640686
v -83.77885437011719 -3.506470203399658 -1.020063042640686
v -84.41639709472656 -0.31877008080482483 -1.020063042640686
v -85.18144989013672 -3.506470203399658 -1.020063042640686
v -83.77885437011719 -3.506470203399658 -7.395462989807129
v -85.18144989013672 -3.506470203399658 -7.395462989807129
v -85.18144989013672 0.31877008080482483 -7.395462989807129
v -85.18144989013672 -0.31877008080482483 -7.012936592102051
v -85.18144989013672 -0.31877008080482483 -1.020063042640686
v -85.18144989013672 0.31877008080482483 -7.395462989807129
v -83.77885437011719 0.31877008080482483 -1.020063042640686
v -83.77885437011719 0.31877008080482483 -7.395462989807129
v -85.18144989013672 0.31877008080482483 -7.012936592102051
v -84.73517608642578 0.31877008080482483 -1.020063042640686
v 80.70646667480469 -3.506470203399658 14.02587890625
v 80.70646667480469 0.31877008080482483 14.02587890625
v 80.70646667480469 -3.506470203399658 28.0517635345459
v 80.70646667480469 -3.506470203399658 14.02587890625
v 69.23074340820312 -3.506470203399658 14.02587890625
v 69.23074340820312 0.31877008080482483 14.02587890625
v 69.23074340820312 -3.506470203399658 14.02587890625
v 69.23074340820312 -3.506470203399658 14.28089427947998
v 69.23074340820312 0.31877008080482483 14.28089427947998
v 80.70646667480469 -3.506470203399658 28.0517635345459
v 80.70646667480469 0.31877008080482483 28.0517635345459
v 69.23074340820312 -3.506470203399658 28.0517635345459
v 69.23074340820312 -3.506470203399658 20.656293869018555
v 69.23074340820312 -3.506470203399658 28.0517635345459
v 69.23074340820312 0.31877008080482483 28.0517635345459
v 80.70646667480469 0.31877008080482483 14.02587890625
v 69.23074340820312 0.31877008080482483 14.02587890625
v 80.70646667480469 0.31877008080482483 28.0517635345459
v 69.23074340820312 0.31877008080482483 20.656293869018555
v 69.23074340820312 0.31877008080482483 28.0517635345459
v 67.82816314697266 -3.506470203399658 14.28089427947998
v 67.82816314697266 -3.506470203399658 20.656293869018555
v 67.82816314697266 -0.31877008080482483 20.656293869018555
v 69.23074340820312 -3.506470203399658 14.28089427947998
v 67.82816314697266 -3.506470203399658 14.28089427947998
v 67.82816314697266 0.31877008080482483 14.28089427947998
v 69.23074340820312 -3.506470203399658 20.656293869018555
v 68.59320068359375 -0.31877008080482483 20.656293869018555
v 67.82816314697266 -3.506470203399658 20.656293869018555
v 67.82816314697266 -0.31877008080482483 14.663421630859375
v 67.82816314697266 0.31877008080482483 14.28089427947998
v 69.23074340820312 0.31877008080482483 14.28089427947998
v 67.82816314697266 -0.31877008080482483 20.656293869018555
v 69.23074340820312 0.31877008080482483 20.656293869018555
v 67.82816314697266 0.31877008080482483 14.663421630859375
v 68.27442932128906 0.31877008080482483 20.656293869018555
v 61.580265045166016 -3.506470203399658 14.02587890625
v 61.580265045166016 0.31877008080482483 14.02587890625
v 61.580265045166016 -3.506470203399658 28.0517635345459
v 61.580265045166016 -3.506470203399658 14.02587890625
v 50.10454559326172 -3.506470203399658 14.02587890625
v 50.10454559326172 0.31877008080482483 14.02587890625
v 61.580265045166016 -3.506470203399658 28.0517635345459
v 61.580265045166016 0.31877008080482483 28.0517635345459
v 50.10454559326172 -3.506470203399658 28.0517635345459
v 61.580265045166016 0.31877008080482483 14.02587890625
v 61.580265045166016 0.31877008080482483 28.0517635345459
v 50.10454559326172 0.31877008080482483 28.0517635345459
v 50.10454559326172 -3.506470203399658 14.02587890625
v 50.10454559326172 -3.506470203399658 14.28089427947998
v 50.10454559326172 0.31877008080482483 14.28089427947998
v 50.10454559326172 -3.506470203399658 20.656293869018555
v 50.10454559326172 -3.506470203399658 28.0517635345459
v 50.10454559326172 0.31877008080482483 28.0517635345459
v 50.10454559326172 0.31877008080482483 14.02587890625
v 50.10454559326172 0.31877008080482483 20.656293869018555
v 48.70195770263672 -3.506470203399658 14.28089427947998
v 48.70195770263672 -3.506470203399658 20.656293869018555
v 48.70195770263672 -0.31877008080482483 20.656293869018555
v 50.10454559326172 -3.506470203399658 14.28089427947998
v 48.70195770263672 -3.506470203399658 14.28089427947998
v 50.10454559326172 0.31877008080482483 14.28089427947998
v 50.10454559326172 -3.506470203399658 20.656293869018555
v 49.467002868652344 -0.31877008080482483 20.656293869018555
v 48.70195770263672 -3.506470203399658 20.656293869018555
v 48.70195770263672 -0.31877008080482483 14.663421630859375
v 48.70195770263672 0.31877008080482483 14.28089427947998
v 48.70195770263672 0.31877008080482483 14.28089427947998
v 48.70195770263672 -0.31877008080482483 20.656293869018555
v 50.10454559326172 0.31877008080482483 20.656293869018555
v 48.70195770263672 0.31877008080482483 14.663421630859375
v 49.148231506347656 0.31877008080482483 20.656293869018555
v 42.45405960083008 -3.506470203399658 14.02587890625
v 42.45405960083008 0.31877008080482483 14.02587890625
v 42.45405960083008 -3.506470203399658 28.0517635345459
v 42.45405960083008 -3.506470203399658 14.02587890625
v 30.978343963623047 -3.506470203399658 14.02587890625
v 30.978343963623047 0.31877008080482483 14.02587890625
v 30.978343963623047 -3.506470203399658 14.02587890625
v 30.978343963623047 -3.506470203399658 14.28089427947998
v 30.978343963623047 0.31877008080482483 14.28089427947998
v 42.45405960083008 -3.506470203399658 28.0517635345459
v 42.45405960083008 0.31877008080482483 28.0517635345459
v 30.978343963623047 -3.506470203399658 28.0517635345459
v 30.978343963623047 -3.506470203399658 20.656293869018555
v 30.978343963623047 -3.506470203399658 28.0517635345459
v 30.978343963623047 0.31877008080482483 28.0517635345459
v 42.45405960083008 0.31877008080482483 14.02587890625
v 30.978343963623047 0.31877008080482483 14.02587890625
v 42.45405960083008 0.31877008080482483 28.0517635345459
v 30.978343963623047 0.31877008080482483 28.0517635345459
v 30.978343963623047 0.31877008080482483 20.656293869018555
v 29.575754165649414 -3.506470203399658 14.28089427947998
v 29.575754165649414 -3.506470203399658 20.656293869018555
v 29.575754165649414 -0.31877008080482483 20.656293869018555
v 30.978343963623047 -3.506470203399658 14.28089427947998
v 29.575754165649414 -3.506470203399658 14.28089427947998
v 30.978343963623047 0.31877008080482483 14.28089427947998
v 30.978343963623047 -3.506470203399658 20.656293869018555
v 30.340801239013672 -0.31877008080482483 20.656293869018555
v 29.575754165649414 -3.506470203399658 20.656293869018555
v 29.575754165649414 -0.31877008080482483 14.663421630859375
v 29.575754165649414 0.31877008080482483 14.28089427947998
v 29.575754165649414 0.31877008080482483 14.28089427947998
v 29.575754165649414 -0.31877008080482483 20.656293869018555
v 30.978343963623047 0.31877008080482483 20.656293869018555
v 29.575754165649414 0.31877008080482483 14.663421630859375
v 30.022029876708984 0.31877008080482483 20.656293869018555
v 23.327857971191406 -3.506470203399658 14.02587890625
v 23.327857971191406 0.31877008080482483 14.02587890625
v 23.327857971191406 -3.506470203399658 28.0517635345459
v 23.327857971191406 -3.506470203399658 14.02587890625
v 11.852143287658691 -3.506470203399658 14.02587890625
v 11.852143287658691 0.31877008080482483 14.02587890625
v 11.852143287658691 -3.506470203399658 14.02587890625
v 11.852143287658691 -3.506470203399658 14.28089427947998
v 11.852143287658691 0.31877008080482483 14.28089427947998
v 23.327857971191406 -3.506470203399658 28.0517635345459
v 23.327857971191406 0.31877008080482483 28.0517635345459
v 11.852143287658691 -3.506470203399658 28.0517635345459
v 11.852143287658691 -3.506470203399658 20.656293869018555
v 11.852143287658691 -3.506470203399658 28.0517635345459
v 11.852143287658691 0.31877008080482483 28.0517635345459
v 23.327857971191406 0.31877008080482483 14.02587890625
v 11.852143287658691 0.31877008080482483 14.02587890625
v 23.327857971191406 0.31877008080482483 28.0517635345459
v 11.852143287658691 0.31877008080482483 28.0517635345459
v 11.852143287658691 0.31877008080482483 20.656293869018555
v 10.449553489685059 -3.506470203399658 14.28089427947998
v 10.449553489685059 -3.506470203399658 20.656293869018555
v 10.449553489685059 -0.31877008080482483 20.656293869018555
v 11.852143287658691 -3.506470203399658 14.28089427947998
v 10.449553489685059 -3.506470203399658 14.28089427947998
v 11.852143287658691 0.31877008080482483 14.28089427947998
v 11.852143287658691 -3.506470203399658 20.656293869018555
v 11.214601516723633 -0.31877008080482483 20.656293869018555
v 10.449553489685059 -3.506470203399658 20.656293869018555
v 10.449553489685059 -0.31877008080482483 14.663421630859375
v 10.449553489685059 0.31877008080482483 14.28089427947998
v 10.449553489685059 0.31877008080482483 14.28089427947998
v 10.449553489685059 -0.31877008080482483 20.656293869018555
v 11.852143287658691 0.31877008080482483 20.656293869018555
v 10.449553489685059 0.31877008080482483 14.663421630859375
v 10.895830154418945 0.31877008080482483 20.656293869018555
v 4.201658725738525 -3.506470203399658 14.02587890625
v -7.274056434631348 -3.506470203399658 14.02587890625
v 4.201658725738525 0.31877008080482483 14.02587890625
v 4.201658725738525 -3.506470203399658 14.02587890625
v 4.201658725738525 0.31877008080482483 14.02587890625
v 4.201658725738525 -3.506470203399658 28.0517635345459
v 4.201658725738525 -3.506470203399658 28.0517635345459
v 4.201658725738525 0.31877008080482483 28.0517635345459
v -7.274056434631348 -3.506470203399658 28.0517635345459
v 4.201658725738525 0.31877008080482483 28.0517635345459
v -7.274056434631348 -3.506470203399658 14.02587890625
v -7.274056434631348 -3.506470203399658 14.28089427947998
v -7.274056434631348 0.31877008080482483 14.28089427947998
v -7.274056434631348 -3.506470203399658 20.656293869018555
v -7.274056434631348 -3.506470203399658 28.0517635345459
v -7.274056434631348 0.31877008080482483 28.0517635345459
v -7.274056434631348 0.31877008080482483 14.02587890625
v -7.274056434631348 0.31877008080482483 14.02587890625
v -7.274056434631348 0.31877008080482483 28.0517635345459
v -7.274056434631348 0.31877008080482483 20.656293869018555
v -8.676651954650879 -3.506470203399658 14.28089427947998
v -8.676651954650879 -3.506470203399658 20.656293869018555
v -8.676651954650879 -0.31877008080482483 20.656293869018555
v -7.274056434631348 -3.506470203399658 14.28089427947998
v -8.676651954650879 -3.506470203399658 14.28089427947998
v -7.274056434631348 0.31877008080482483 14.28089427947998
v -7.274056434631348 -3.506470203399658 20.656293869018555
v -7.911599159240723 -0.31877008080482483 20.656293869018555
v -8.676651954650879 -3.506470203399658 20.656293869018555
v -8.676651954650879 -0.31877008080482483 14.663421630859375
v -8.676651954650879 0.31877008080482483 14.28089427947998
v -8.676651954650879 0.31877008080482483 14.28089427947998
v -8.676651954650879 -0.31877008080482483 20.656293869018555
v -7.274056434631348 0.31877008080482483 20.656293869018555
v -8.676651954650879 0.31877008080482483 14.663421630859375
v -8.230376243591309 0.31877008080482483 20.656293869018555
v -14.924541473388672 -3.506470203399658 14.02587890625
v -14.924541473388672 0.31877008080482483 14.02587890625
v -14.924541473388672 -3.506470203399658 28.0517635345459
v -14.924541473388672 -3.506470203399658 14.02587890625
v -26.400257110595703 -3.506470203399658 14.02587890625
v -26.400257110595703 0.31877008080482483 14.02587890625
v -26.400257110595703 -3.506470203399658 14.02587890625
v -26.400257110595703 -3.506470203399658 14.28089427947998
v -26.400257110595703 0.31877008080482483 14.28089427947998
v -14.924541473388672 -3.506470203399658 28.0517635345459
v -14.924541473388672 0.31877008080482483 28.0517635345459
v -26.400257110595703 -3.506470203399658 28.0517635345459
v -26.400257110595703 -3.506470203399658 20.656293869018555
v -26.400257110595703 -3.506470203399658 28.0517635345459
v -26.400257110595703 0.31877008080482483 28.0517635345459
v -14.924541473388672 0.31877008080482483 14.02587890625
v -26.400257110595703 0.31877008080482483 14.02587890625
v -14.924541473388672 0.31877008080482483 28.0517635345459
v -26.400257110595703 0.31877008080482483 20.656293869018555
v -26.400257110595703 0.31877008080482483 28.0517635345459
v -27.802852630615234 -3.506470203399658 14.28089427947998
v -27.802852630615234 -3.506470203399658 20.656293869018555
v -27.802852630615234 -0.31877008080482483 20.656293869018555
v -26.400257110595703 -3.506470203399658 14.28089427947998
v -27.802852630615234 -3.506470203399658 14.28089427947998
v -27.802852630615234 0.31877008080482483 14.28089427947998
v -26.400257110595703 -3.506470203399658 20.656293869018555
v -27.037799835205078 -0.31877008080482483 20.656293869018555
v -27.802852630615234 -3.506470203399658 20.656293869018555
v -26.400257110595703 0.31877008080482483 14.28089427947998
v -26.400257110595703 0.31877008080482483 20.656293869018555
v -27.802852630615234 -0.31877008080482483 14.663421630859375
v -27.802852630615234 0.31877008080482483 14.28089427947998
v -27.802852630615234 -0.31877008080482483 20.656293869018555
v -27.802852630615234 0.31877008080482483 14.663421630859375
v -27.356576919555664 0.31877008080482483 20.656293869018555
v -34.050743103027344 -3.506470203399658 14.02587890625
v -34.050743103027344 0.31877008080482483 14.02587890625
v -34.050743103027344 -3.506470203399658 28.0517635345459
v -34.050743103027344 -3.506470203399658 14.02587890625
v -45.526458740234375 -3.506470203399658 14.02587890625
v -45.526458740234375 0.31877008080482483 14.02587890625
v -45.526458740234375 -3.506470203399658 14.02587890625
v -45.526458740234375 -3.506470203399658 14.28089427947998
v -45.526458740234375 0.31877008080482483 14.28089427947998
v -34.050743103027344 -3.506470203399658 28.0517635345459
v -34.050743103027344 0.31877008080482483 28.0517635345459
v -45.526458740234375 -3.506470203399658 28.0517635345459
v -45.526458740234375 -3.506470203399658 20.656293869018555
v -45.526458740234375 -3.506470203399658 28.0517635345459
v -45.526458740234375 0.31877008080482483 28.0517635345459
v -34.050743103027344 0.31877008080482483 14.02587890625
v -45.526458740234375 0.31877008080482483 14.02587890625
v -34.050743103027344 0.31877008080482483 28.0517635345459
v -45.526458740234375 0.31877008080482483 20.656293869018555
v -45.526458740234375 0.31877008080482483 28.0517635345459
v -46.929054260253906 -3.506470203399658 14.28089427947998
v -46.929054260253906 -3.506470203399658 20.656293869018555
v -46.929054260253906 -0.31877008080482483 20.656293869018555
v -45.526458740234375 -3.506470203399658 14.28089427947998
v -46.929054260253906 -3.506470203399658 14.28089427947998
v -46.929054260253906 0.31877008080482483 14.28089427947998
v -45.526458740234375 -3.506470203399658 20.656293869018555
v -46.163997650146484 -0.31877008080482483 20.656293869018555
v -46.929054260253906 -3.506470203399658 20.656293869018555
v -46.929054260253906 -0.31877008080482483 14.663421630859375
v -46.929054260253906 0.31877008080482483 14.28089427947998
v -45.526458740234375 0.31877008080482483 14.28089427947998
v -46.929054260253906 -0.31877008080482483 20.656293869018555
v -45.526458740234375 0.31877008080482483 20.656293869018555
v -46.929054260253906 0.31877008080482483 14.663421630859375
v -46.4827766418457 0.31877008080482483 20.656293869018555
v -53.17694091796875 -3.506470203399658 14.02587890625
v -53.17694091796875 0.31877008080482483 14.02587890625
v -53.17694091796875 -3.506470203399658 28.0517635345459
v -53.17694091796875 0.31877008080482483 28.0517635345459
v -53.17694091796875 -3.506470203399658 14.02587890625
v -64.65265655517578 -3.506470203399658 14.02587890625
v -53.17694091796875 0.31877008080482483 14.02587890625
v -64.65265655517578 -3.506470203399658 14.02587890625
v -64.65265655517578 -3.506470203399658 14.28089427947998
v -64.65265655517578 0.31877008080482483 14.28089427947998
v -53.17694091796875 -3.506470203399658 28.0517635345459
v -53.17694091796875 0.31877008080482483 28.0517635345459
v -64.65265655517578 -3.506470203399658 28.0517635345459
v -64.65265655517578 -3.506470203399658 20.656293869018555
v -64.65265655517578 -3.506470203399658 28.0517635345459
v -64.65265655517578 0.31877008080482483 28.0517635345459
v -64.65265655517578 0.31877008080482483 14.02587890625
v -64.65265655517578 0.31877008080482483 14.02587890625
v -64.65265655517578 0.31877008080482483 20.656293869018555
v -64.65265655517578 0.31877008080482483 28.0517635345459
v -66.05525207519531 -3.506470203399658 14.28089427947998
v -66.05525207519531 -3.506470203399658 20.656293869018555
v -66.05525207519531 -0.31877008080482483 20.656293869018555
v -64.65265655517578 -3.506470203399658 14.28089427947998
v -66.05525207519531 -3.506470203399658 14.28089427947998
v -66.05525207519531 0.31877008080482483 14.28089427947998
v -64.65265655517578 -3.506470203399658 20.656293869018555
v -65.29019927978516 -0.31877008080482483 20.656293869018555
v -66.05525207519531 -3.506470203399658 20.656293869018555
v -66.05525207519531 -0.31877008080482483 14.663421630859375
v -66.05525207519531 0.31877008080482483 14.28089427947998
v -64.65265655517578 0.31877008080482483 14.28089427947998
v -66.05525207519531 -0.31877008080482483 20.656293869018555
v -64.65265655517578 0.31877008080482483 20.656293869018555
v -66.05525207519531 0.31877008080482483 14.663421630859375
v -65.60897827148438 0.31877008080482483 20.656293869018555
v -72.30313873291016 -3.506470203399658 14.02587890625
v -72.30313873291016 0.31877008080482483 14.02587890625
v -72.30313873291016 -3.506470203399658 28.0517635345459
v -72.30313873291016 -3.506470203399658 14.02587890625
v -83.77885437011719 -3.506470203399658 14.02587890625
v -83.77885437011719 0.31877008080482483 14.02587890625
v -72.30313873291016 -3.506470203399658 28.0517635345459
v -72.30313873291016 0.31877008080482483 28.0517635345459
v -83.77885437011719 -3.506470203399658 28.0517635345459
v -83.77885437011719 -3.506470203399658 14.02587890625
v -83.77885437011719 -3.506470203399658 14.28089427947998
v -83.77885437011719 0.31877008080482483 14.28089427947998
v -83.77885437011719 -3.506470203399658 20.656293869018555
v -83.77885437011719 -3.506470203399658 28.0517635345459
v -83.77885437011719 0.31877008080482483 28.0517635345459
v -72.30313873291016 0.31877008080482483 14.02587890625
v -72.30313873291016 0.31877008080482483 28.0517635345459
v -83.77885437011719 0.31877008080482483 28.0517635345459
v -83.77885437011719 0.31877008080482483 14.02587890625
v -83.77885437011719 0.31877008080482483 20.656293869018555
v -85.18144989013672 -3.506470203399658 14.28089427947998
v -85.18144989013672 -3.506470203399658 20.656293869018555
v -85.18144989013672 -0.31877008080482483 20.656293869018555
v -83.77885437011719 -3.506470203399658 14.28089427947998
v -85.18144989013672 -3.506470203399658 14.28089427947998
v -85.18144989013672 0.31877008080482483 14.28089427947998
v -83.77885437011719 -3.506470203399658 20.656293869018555
v -84.41639709472656 -0.31877008080482483 20.656293869018555
v -85.18144989013672 -3.506470203399658 20.656293869018555
v -85.18144989013672 -0.31877008080482483 14.663421630859375
v -85.18144989013672 0.31877008080482483 14.28089427947998
v -83.77885437011719 0.31877008080482483 14.28089427947998
v -85.18144989013672 -0.31877008080482483 20.656293869018555
v -83.77885437011719 0.31877008080482483 20.656293869018555
v -85.18144989013672 0.31877008080482483 14.663421630859375
v -84.73517608642578 0.31877008080482483 20.656293869018555
v 80.70646667480469 -3.506470203399658 35.70223617553711
v 69.23074340820312 -3.506470203399658 35.70223617553711
v 69.23074340820312 0.31877008080482483 35.70223617553711
v 69.23074340820312 -3.506470203399658 35.70223617553711
v 69.23074340820312 -3.506470203399658 35.95726013183594
v 69.23074340820312 0.31877008080482483 35.95726013183594
v 80.70646667480469 -3.506470203399658 35.70223617553711
v 80.70646667480469 0.31877008080482483 35.70223617553711
v 80.70646667480469 -3.506470203399658 49.72812271118164
v 69.23074340820312 -3.506470203399658 42.33265686035156
v 69.23074340820312 -3.506470203399658 49.72812271118164
v 69.23074340820312 0.31877008080482483 49.72812271118164
v 80.70646667480469 -3.506470203399658 49.72812271118164
v 80.70646667480469 0.31877008080482483 49.72812271118164
v 69.23074340820312 -3.506470203399658 49.72812271118164
v 80.70646667480469 0.31877008080482483 35.70223617553711
v 69.23074340820312 0.31877008080482483 35.70223617553711
v 80.70646667480469 0.31877008080482483 49.72812271118164
v 69.23074340820312 0.31877008080482483 42.33265686035156
v 69.23074340820312 0.31877008080482483 49.72812271118164
v 69.23074340820312 -3.506470203399658 35.95726013183594
v 67.82816314697266 -3.506470203399658 35.95726013183594
v 67.82816314697266 0.31877008080482483 35.95726013183594
v 67.82816314697266 -3.506470203399658 35.95726013183594
v 67.82816314697266 -3.506470203399658 42.33265686035156
v 67.82816314697266 -0.31877008080482483 42.33265686035156
v 69.23074340820312 -3.506470203399658 42.33265686035156
v 68.59320068359375 -0.31877008080482483 42.33265686035156
v 67.82816314697266 -3.506470203399658 42.33265686035156
v 67.82816314697266 -0.31877008080482483 36.339778900146484
v 67.82816314697266 0.31877008080482483 35.95726013183594
v 69.23074340820312 0.31877008080482483 35.95726013183594
v 67.82816314697266 -0.31877008080482483 42.33265686035156
v 69.23074340820312 0.31877008080482483 42.33265686035156
v 67.82816314697266 0.31877008080482483 36.339778900146484
v 68.27442932128906 0.31877008080482483 42.33265686035156
v 61.580265045166016 -3.506470203399658 35.70223617553711
v 50.10454559326172 -3.506470203399658 35.70223617553711
v 50.10454559326172 0.31877008080482483 35.70223617553711
v 61.580265045166016 -3.506470203399658 35.70223617553711
v 61.580265045166016 0.31877008080482483 35.70223617553711
v 61.580265045166016 -3.506470203399658 49.72812271118164
v 61.580265045166016 -3.506470203399658 49.72812271118164
v 61.580265045166016 0.31877008080482483 49.72812271118164
v 50.10454559326172 -3.506470203399658 49.72812271118164
v 61.580265045166016 0.31877008080482483 35.70223617553711
v 61.580265045166016 0.31877008080482483 49.72812271118164
v 50.10454559326172 0.31877008080482483 49.72812271118164
v 50.10454559326172 -3.506470203399658 35.70223617553711
v 50.10454559326172 -3.506470203399658 35.95726013183594
v 50.10454559326172 0.31877008080482483 35.95726013183594
v 50.10454559326172 -3.506470203399658 42.33265686035156
v 50.10454559326172 -3.506470203399658 49.72812271118164
v 50.10454559326172 0.31877008080482483 49.72812271118164
v 50.10454559326172 0.31877008080482483 35.70223617553711
v 50.10454559326172 0.31877008080482483 42.33265686035156
v 50.10454559326172 -3.506470203399658 35.95726013183594
v 48.70195770263672 -3.506470203399658 35.95726013183594
v 50.10454559326172 0.31877008080482483 35.95726013183594
v 48.70195770263672 -3.506470203399658 35.95726013183594
v 48.70195770263672 -3.506470203399658 42.33265686035156
v 48.70195770263672 -0.31877008080482483 42.33265686035156
v 50.10454559326172 -3.506470203399658 42.33265686035156
v 49.467002868652344 -0.31877008080482483 42.33265686035156
v 48.70195770263672 -3.506470203399658 42.33265686035156
v 48.70195770263672 -0.31877008080482483 36.339778900146484
v 48.70195770263672 0.31877008080482483 35.95726013183594
v 48.70195770263672 0.31877008080482483 35.95726013183594
v 48.70195770263672 -0.31877008080482483 42.33265686035156
v 50.10454559326172 0.31877008080482483 42.33265686035156
v 48.70195770263672 0.31877008080482483 36.339778900146484
v 49.148231506347656 0.31877008080482483 42.33265686035156
v 42.45405960083008 -3.506470203399658 35.70223617553711
v 30.978343963623047 -3.506470203399658 35.70223617553711
v 30.978343963623047 0.31877008080482483 35.70223617553711
v 30.978343963623047 -3.506470203399658 35.70223617553711
v 30.978343963623047 -3.506470203399658 35.95726013183594
v 30.978343963623047 0.31877008080482483 35.95726013183594
v 42.45405960083008 -3.506470203399658 35.70223617553711
v 42.45405960083008 0.31877008080482483 35.70223617553711
v 42.45405960083008 -3.506470203399658 49.72812271118164
v 30.978343963623047 -3.506470203399658 42.33265686035156
v 30.978343963623047 -3.506470203399658 49.72812271118164
v 30.978343963623047 0.31877008080482483 49.72812271118164
v 42.45405960083008 -3.506470203399658 49.72812271118164
v 42.45405960083008 0.31877008080482483 49.72812271118164
v 30.978343963623047 -3.506470203399658 49.72812271118164
v 42.45405960083008 0.31877008080482483 35.70223617553711
v 30.978343963623047 0.31877008080482483 35.70223617553711
v 42.45405960083008 0.31877008080482483 49.72812271118164
v 30.978343963623047 0.31877008080482483 42.33265686035156
v 30.978343963623047 0.31877008080482483 49.72812271118164
v 30.978343963623047 -3.506470203399658 35.95726013183594
v 29.575754165649414 -3.506470203399658 35.95726013183594
v 30.978343963623047 0.31877008080482483 35.95726013183594
v 30.978343963623047 -3.506470203399658 42.33265686035156
v 30.340801239013672 -0.31877008080482483 42.33265686035156
v 29.575754165649414 -3.506470203399658 42.33265686035156
v 29.575754165649414 -3.506470203399658 35.95726013183594
v 29.575754165649414 -3.506470203399658 42.33265686035156
v 29.575754165649414 -0.31877008080482483 42.33265686035156
v 29.575754165649414 -0.31877008080482483 36.339778900146484
v 29.575754165649414 0.31877008080482483 35.95726013183594
v 29.575754165649414 0.31877008080482483 35.95726013183594
v 29.575754165649414 -0.31877008080482483 42.33265686035156
v 30.978343963623047 0.31877008080482483 42.33265686035156
v 29.575754165649414 0.31877008080482483 36.339778900146484
v 30.022029876708984 0.31877008080482483 42.33265686035156
v 23.327857971191406 -3.506470203399658 35.70223617553711
v 11.852143287658691 -3.506470203399658 35.70223617553711
v 11.852143287658691 0.31877008080482483 35.70223617553711
v 11.852143287658691 -3.506470203399658 35.70223617553711
v 11.852143287658691 -3.506470203399658 35.95726013183594
v 11.852143287658691 0.31877008080482483 35.95726013183594
v 23.327857971191406 -3.506470203399658 35.70223617553711
v 23.327857971191406 0.31877008080482483 35.70223617553711
v 23.327857971191406 -3.506470203399658 49.72812271118164
v 23.327857971191406 -3.506470203399658 49.72812271118164
v 23.327857971191406 0.31877008080482483 49.72812271118164
v 11.852143287658691 -3.506470203399658 49.72812271118164
v 11.852143287658691 -3.506470203399658 42.33265686035156
v 11.852143287658691 -3.506470203399658 49.72812271118164
v 11.852143287658691 0.31877008080482483 49.72812271118164
v 23.327857971191406 0.31877008080482483 35.70223617553711
v 11.852143287658691 0.31877008080482483 35.70223617553711
v 23.327857971191406 0.31877008080482483 49.72812271118164
v 11.852143287658691 0.31877008080482483 49.72812271118164
v 11.852143287658691 0.31877008080482483 42.33265686035156
v 11.852143287658691 -3.506470203399658 35.95726013183594
v 10.449553489685059 -3.506470203399658 35.95726013183594
v 11.852143287658691 0.31877008080482483 35.95726013183594
v 10.449553489685059 -3.506470203399658 35.95726013183594
v 10.449553489685059 -3.506470203399658 42.33265686035156
v 10.449553489685059 -0.31877008080482483 42.33265686035156
v 11.852143287658691 -3.506470203399658 42.33265686035156
v 11.214601516723633 -0.31877008080482483 42.33265686035156
v 10.449553489685059 -3.506470203399658 42.33265686035156
v 10.449553489685059 -0.31877008080482483 36.339778900146484
v 10.449553489685059 0.31877008080482483 35.95726013183594
v 10.449553489685059 0.31877008080482483 35.95726013183594
v 10.449553489685059 -0.31877008080482483 42.33265686035156
v 11.852143287658691 0.31877008080482483 42.33265686035156
v 10.449553489685059 0.31877008080482483 36.339778900146484
v 10.895830154418945 0.31877008080482483 42.33265686035156
v 4.201658725738525 -3.506470203399658 35.70223617553711
v 4.201658725738525 0.31877008080482483 35.70223617553711
v 4.201658725738525 -3.506470203399658 49.72812271118164
v 4.201658725738525 -3.506470203399658 49.72812271118164
v 4.201658725738525 0.31877008080482483 49.72812271118164
v -7.274056434631348 -3.506470203399658 49.72812271118164
v 4.201658725738525 -3.506470203399658 35.70223617553711
v -7.274056434631348 0.31877008080482483 35.70223617553711
v 4.201658725738525 0.31877008080482483 35.70223617553711
v 4.201658725738525 0.31877008080482483 49.72812271118164
v -7.274056434631348 -3.506470203399658 35.70223617553711
v -7.274056434631348 -3.506470203399658 35.70223617553711
v -7.274056434631348 -3.506470203399658 35.95726013183594
v -7.274056434631348 0.31877008080482483 35.95726013183594
v -7.274056434631348 -3.506470203399658 42.33265686035156
v -7.274056434631348 -3.506470203399658 49.72812271118164
v -7.274056434631348 0.31877008080482483 49.72812271118164
v -7.274056434631348 0.31877008080482483 35.70223617553711
v -7.274056434631348 0.31877008080482483 42.33265686035156
v -7.274056434631348 0.31877008080482483 49.72812271118164
v -7.274056434631348 -3.506470203399658 35.95726013183594
v -8.676651954650879 -3.506470203399658 35.95726013183594
v -7.274056434631348 0.31877008080482483 35.95726013183594
v -8.676651954650879 -3.506470203399658 35.95726013183594
v -8.676651954650879 -3.506470203399658 42.33265686035156
v -8.676651954650879 -0.31877008080482483 42.33265686035156
v -7.274056434631348 -3.506470203399658 42.33265686035156
v -7.911599159240723 -0.31877008080482483 42.33265686035156
v -8.676651954650879 -3.506470203399658 42.33265686035156
v -8.676651954650879 -0.31877008080482483 36.339778900146484
v -8.676651954650879 0.31877008080482483 35.95726013183594
v -8.676651954650879 0.31877008080482483 35.95726013183594
v -8.676651954650879 -0.31877008080482483 42.33265686035156
v -7.274056434631348 0.31877008080482483 42.33265686035156
v -8.676651954650879 0.31877008080482483 36.339778900146484
v -8.230376243591309 0.31877008080482483 42.33265686035156
v -14.924541473388672 -3.506470203399658 35.70223617553711
v -26.400257110595703 -3.506470203399658 35.70223617553711
v -26.400257110595703 0.31877008080482483 35.70223617553711
v -26.400257110595703 -3.506470203399658 35.70223617553711
v -26.400257110595703 -3.506470203399658 35.95726013183594
v -26.400257110595703 0.31877008080482483 35.95726013183594
v -14.924541473388672 -3.506470203399658 35.70223617553711
v -14.924541473388672 0.31877008080482483 35.70223617553711
v -14.924541473388672 -3.506470203399658 49.72812271118164
v -26.400257110595703 -3.506470203399658 42.33265686035156
v -26.400257110595703 -3.506470203399658 49.72812271118164
v -26.400257110595703 0.31877008080482483 49.72812271118164
v -14.924541473388672 -3.506470203399658 49.72812271118164
v -14.924541473388672 0.31877008080482483 49.72812271118164
v -26.400257110595703 -3.506470203399658 49.72812271118164
v -14.924541473388672 0.31877008080482483 35.70223617553711
v -26.400257110595703 0.31877008080482483 35.70223617553711
v -14.924541473388672 0.31877008080482483 49.72812271118164
v -26.400257110595703 0.31877008080482483 42.33265686035156
v -26.400257110595703 0.31877008080482483 49.72812271118164
v -26.400257110595703 -3.506470203399658 35.95726013183594
v -27.802852630615234 -3.506470203399658 35.95726013183594
v -26.400257110595703 0.31877008080482483 35.95726013183594
v -27.802852630615234 -3.506470203399658 35.95726013183594
v -27.802852630615234 -3.506470203399658 42.33265686035156
v -27.802852630615234 -0.31877008080482483 42.33265686035156
v -26.400257110595703 -3.506470203399658 42.33265686035156
v -27.037799835205078 -0.31877008080482483 42.33265686035156
v -27.802852630615234 -3.506470203399658 42.33265686035156
v -27.802852630615234 -0.31877008080482483 36.339778900146484
v -27.802852630615234 0.31877008080482483 35.95726013183594
v -27.802852630615234 0.31877008080482483 35.95726013183594
v -26.400257110595703 0.31877008080482483 42.33265686035156
v -27.802852630615234 -0.31877008080482483 42.33265686035156
v -27.802852630615234 0.31877008080482483 36.339778900146484
v -27.356576919555664 0.31877008080482483 42.33265686035156
v -34.050743103027344 -3.506470203399658 35.70223617553711
v -45.526458740234375 -3.506470203399658 35.70223617553711
v -34.050743103027344 0.31877008080482483 35.70223617553711
v -45.526458740234375 -3.506470203399658 35.70223617553711
v -45.526458740234375 -3.506470203399658 35.95726013183594
v -45.526458740234375 0.31877008080482483 35.95726013183594
v -34.050743103027344 -3.506470203399658 35.70223617553711
v -34.050743103027344 0.31877008080482483 35.70223617553711
v -34.050743103027344 -3.506470203399658 49.72812271118164
v -34.050743103027344 -3.506470203399658 49.72812271118164
v -34.050743103027344 0.31877008080482483 49.72812271118164
v -45.526458740234375 -3.506470203399658 49.72812271118164
v -45.526458740234375 -3.506470203399658 42.33265686035156
v -45.526458740234375 -3.506470203399658 49.72812271118164
v -45.526458740234375 0.31877008080482483 49.72812271118164
v -45.526458740234375 0.31877008080482483 35.70223617553711
v -45.526458740234375 0.31877008080482483 35.70223617553711
v -34.050743103027344 0.31877008080482483 49.72812271118164
v -45.526458740234375 0.31877008080482483 42.33265686035156
v -45.526458740234375 0.31877008080482483 49.72812271118164
v -45.526458740234375 -3.506470203399658 35.95726013183594
v -46.929054260253906 -3.506470203399658 35.95726013183594
v -45.526458740234375 0.31877008080482483 35.95726013183594
v -46.929054260253906 -3.506470203399658 35.95726013183594
v -46.929054260253906 -3.506470203399658 42.33265686035156
v -46.929054260253906 -0.31877008080482483 42.33265686035156
v -45.526458740234375 -3.506470203399658 42.33265686035156
v -46.163997650146484 -0.31877008080482483 42.33265686035156
v -46.929054260253906 -3.506470203399658 42.33265686035156
v -46.929054260253906 -0.31877008080482483 36.339778900146484
v -46.929054260253906 0.31877008080482483 35.95726013183594
v -46.929054260253906 0.31877008080482483 35.95726013183594
v -46.929054260253906 -0.31877008080482483 42.33265686035156
v -45.526458740234375 0.31877008080482483 42.33265686035156
v -46.929054260253906 0.31877008080482483 36.339778900146484
v -46.4827766418457 0.31877008080482483 42.33265686035156
v -53.17694091796875 -3.506470203399658 35.70223617553711
v -53.17694091796875 0.31877008080482483 35.70223617553711
v -53.17694091796875 -3.506470203399658 49.72812271118164
v -53.17694091796875 0.31877008080482483 49.72812271118164
v -53.17694091796875 -3.506470203399658 35.70223617553711
v -64.65265655517578 -3.506470203399658 35.70223617553711
v -64.65265655517578 0.31877008080482483 35.70223617553711
v -64.65265655517578 -3.506470203399658 35.70223617553711
v -64.65265655517578 -3.506470203399658 35.95726013183594
v -64.65265655517578 0.31877008080482483 35.95726013183594
v -64.65265655517578 -3.506470203399658 42.33265686035156
v -64.65265655517578 -3.506470203399658 49.72812271118164
v -64.65265655517578 0.31877008080482483 49.72812271118164
v -53.17694091796875 -3.506470203399658 49.72812271118164
v -53.17694091796875 0.31877008080482483 49.72812271118164
v -64.65265655517578 -3.506470203399658 49.72812271118164
v -53.17694091796875 0.31877008080482483 35.70223617553711
v -64.65265655517578 0.31877008080482483 35.70223617553711
v -64.65265655517578 0.31877008080482483 42.33265686035156
v -64.65265655517578 0.31877008080482483 49.72812271118164
v -64.65265655517578 -3.506470203399658 35.95726013183594
v -66.05525207519531 -3.506470203399658 35.95726013183594
v -66.05525207519531 0.31877008080482483 35.95726013183594
v -66.05525207519531 -3.506470203399658 35.95726013183594
v -66.05525207519531 -3.506470203399658 42.33265686035156
v -66.05525207519531 -0.31877008080482483 42.33265686035156
v -64.65265655517578 -3.506470203399658 42.33265686035156
v -65.29019927978516 -0.31877008080482483 42.33265686035156
v -66.05525207519531 -3.506470203399658 42.33265686035156
v -66.05525207519531 -0.31877008080482483 36.339778900146484
v -66.05525207519531 0.31877008080482483 35.95726013183594
v -64.65265655517578 0.31877008080482483 35.95726013183594
v -66.05525207519531 -0.31877008080482483 42.33265686035156
v -64.65265655517578 0.31877008080482483 42.33265686035156
v -66.05525207519531 0.31877008080482483 36.339778900146484
v -65.60897827148438 0.31877008080482483 42.33265686035156
v -72.30313873291016 -3.506470203399658 35.70223617553711
v -83.77885437011719 -3.506470203399658 35.70223617553711
v -72.30313873291016 0.31877008080482483 35.70223617553711
v -83.77885437011719 -3.506470203399658 35.70223617553711
v -83.77885437011719 -3.506470203399658 35.95726013183594
v -83.77885437011719 0.31877008080482483 35.95726013183594
v -72.30313873291016 -3.506470203399658 35.70223617553711
v -72.30313873291016 0.31877008080482483 35.70223617553711
v -72.30313873291016 -3.506470203399658 49.72812271118164
v -72.30313873291016 -3.506470203399658 49.72812271118164
v -72.30313873291016 0.31877008080482483 49.72812271118164
v -83.77885437011719 -3.506470203399658 49.72812271118164
v -83.77885437011719 -3.506470203399658 42.33265686035156
v -83.77885437011719 -3.506470203399658 49.72812271118164
v -83.77885437011719 0.31877008080482483 49.72812271118164
v -83.77885437011719 0.31877008080482483 35.70223617553711
v -83.77885437011719 0.31877008080482483 35.70223617553711
v -72.30313873291016 0.31877008080482483 49.72812271118164
v -83.77885437011719 0.31877008080482483 49.72812271118164
v -83.77885437011719 0.31877008080482483 42.33265686035156
v -83.77885437011719 -3.506470203399658 35.95726013183594
v -85.18144989013672 -3.506470203399658 35.95726013183594
v -85.18144989013672 0.31877008080482483 35.95726013183594
v -85.18144989013672 -3.506470203399658 35.95726013183594
v -85.18144989013672 -3.506470203399658 42.33265686035156
v -85.18144989013672 -0.31877008080482483 42.33265686035156
v -83.77885437011719 -3.506470203399658 42.33265686035156
v -84.41639709472656 -0.31877008080482483 42.33265686035156
v -85.18144989013672 -3.506470203399658 42.33265686035156
v -85.18144989013672 -0.31877008080482483 36.339778900146484
v -85.18144989013672 0.31877008080482483 35.95726013183594
v -83.77885437011719 0.31877008080482483 35.95726013183594
v -85.18144989013672 -0.31877008080482483 42.33265686035156
v -83.77885437011719 0.31877008080482483 42.33265686035156
v -85.18144989013672 0.31877008080482483 36.339778900146484
v -84.73517608642578 0.31877008080482483 42.33265686035156
v 91.0037841796875 -3.506470203399658 -2.965613842010498
v 91.0037841796875 0.31877008080482483 -2.965613842010498
v 91.38372039794922 -3.506470203399658 -2.470466375350952
v 91.38372039794922 0.31877008080482483 -2.470466375350952
v 91.62256622314453 -3.506470203399658 -1.8938581943511963
v 91.70402526855469 -3.506470203399658 -1.2750787734985352
v 91.62256622314453 0.31877008080482483 -1.8938581943511963
v 91.70402526855469 0.31877008080482483 -1.2750787734985352
v 91.62256622314453 -3.506470203399658 -0.6562994122505188
v 91.62256622314453 0.31877008080482483 -0.6562994122505188
v 91.38372039794922 -3.506470203399658 -0.07969128340482712
v 90.50863647460938 -3.506470203399658 -3.345550537109375
v 90.50863647460938 0.31877008080482483 -3.345550537109375
v 89.9320297241211 -3.506470203399658 -3.5843870639801025
v 89.9320297241211 0.31877008080482483 -3.5843870639801025
v 89.3132553100586 -3.506470203399658 -3.66585373878479
v 89.3132553100586 0.31877008080482483 -3.66585373878479
v 88.6944808959961 -3.506470203399658 -3.5843870639801025
v 88.6944808959961 0.31877008080482483 -3.5843870639801025
v 88.11786651611328 -3.506470203399658 -3.345550537109375
v 88.11786651611328 0.31877008080482483 -3.345550537109375
v 87.62272644042969 -3.506470203399658 -2.965613842010498
v 87.62272644042969 0.31877008080482483 -2.965613842010498
v 87.24278259277344 -3.506470203399658 -2.470466375350952
v 87.24278259277344 0.31877008080482483 -2.470466375350952
v 87.00394439697266 -3.506470203399658 -1.8938581943511963
v 87.00394439697266 0.31877008080482483 -1.8938581943511963
v 86.92247772216797 -3.506470203399658 -1.2750787734985352
v 86.92247772216797 0.31877008080482483 -1.2750787734985352
v 86.92247772216797 -3.506470203399658 -1.2750787734985352
v 87.00394439697266 -3.506470203399658 -0.6562994122505188
v 87.00394439697266 0.31877008080482483 -0.6562994122505188
v 87.24278259277344 -3.506470203399658 -0.07969128340482712
v 87.24278259277344 0.31877008080482483 -0.07969128340482712
v 91.38372039794922 0.31877008080482483 -0.07969128340482712
v 86.92247772216797 0.31877008080482483 -1.2750787734985352
v 91.0037841796875 -3.506470203399658 0.41545626521110535
v 91.0037841796875 0.31877008080482483 0.41545626521110535
v 90.50863647460938 -3.506470203399658 0.7953928112983704
v 90.50863647460938 0.31877008080482483 0.7953928112983704
v 89.9320297241211 -3.506470203399658 1.0342295169830322
v 89.9320297241211 0.31877008080482483 1.0342295169830322
v 89.3132553100586 -3.506470203399658 1.1156961917877197
v 89.3132553100586 0.31877008080482483 1.1156961917877197
v 88.6944808959961 -3.506470203399658 1.0342295169830322
v 88.6944808959961 0.31877008080482483 1.0342295169830322
v 88.11786651611328 -3.506470203399658 0.7953928112983704
v 87.62272644042969 -3.506470203399658 0.41545626521110535
v 87.62272644042969 0.31877008080482483 0.41545626521110535
v 88.11786651611328 0.31877008080482483 0.7953928112983704
v -89.91517639160156 -3.506470203399658 -3.345550537109375
v -89.91517639160156 0.31877008080482483 -3.345550537109375
v -89.42002868652344 -3.506470203399658 -2.965613842010498
v -89.42002868652344 0.31877008080482483 -2.965613842010498
v -89.04008483886719 -3.506470203399658 -2.470466375350952
v -90.49178314208984 -3.506470203399658 -3.5843870639801025
v -90.49178314208984 0.31877008080482483 -3.5843870639801025
v -89.04008483886719 0.31877008080482483 -2.470466375350952
v -88.80125427246094 -3.506470203399658 -1.8938581943511963
v -88.80125427246094 0.31877008080482483 -1.8938581943511963
v -88.71978759765625 -3.506470203399658 -1.2750787734985352
v -88.71978759765625 0.31877008080482483 -1.2750787734985352
v -88.80125427246094 -3.506470203399658 -0.6562994122505188
v -88.80125427246094 0.31877008080482483 -0.6562994122505188
v -89.04008483886719 -3.506470203399658 -0.07969128340482712
v -91.11056518554688 -3.506470203399658 -3.66585373878479
v -91.11056518554688 0.31877008080482483 -3.66585373878479
v -91.7293472290039 -3.506470203399658 -3.5843870639801025
v -91.7293472290039 0.31877008080482483 -3.5843870639801025
v -92.30595397949219 -3.506470203399658 -3.345550537109375
v -92.30595397949219 0.31877008080482483 -3.345550537109375
v -92.80110168457031 -3.506470203399658 -2.965613842010498
v -92.80110168457031 0.31877008080482483 -2.965613842010498
v -93.18104553222656 -3.506470203399658 -2.470466375350952
v -93.18104553222656 0.31877008080482483 -2.470466375350952
v -93.41987609863281 -3.506470203399658 -1.8938581943511963
v -93.41987609863281 0.31877008080482483 -1.8938581943511963
v -93.5013427734375 -3.506470203399658 -1.2750787734985352
v -93.5013427734375 0.31877008080482483 -1.2750787734985352
v -93.18104553222656 -3.506470203399658 -0.07969128340482712
v -93.18104553222656 0.31877008080482483 -0.07969128340482712
v -93.41987609863281 -3.506470203399658 -0.6562994122505188
v -93.5013427734375 -3.506470203399658 -1.2750787734985352
v -93.41987609863281 0.31877008080482483 -0.6562994122505188
v -89.04008483886719 0.31877008080482483 -0.07969128340482712
v -93.5013427734375 0.31877008080482483 -1.2750787734985352
v -89.42002868652344 -3.506470203399658 0.41545626521110535
v -89.42002868652344 0.31877008080482483 0.41545626521110535
v -89.91517639160156 -3.506470203399658 0.7953928112983704
v -89.91517639160156 0.31877008080482483 0.7953928112983704
v -90.49178314208984 -3.506470203399658 1.0342295169830322
v -90.49178314208984 0.31877008080482483 1.0342295169830322
v -91.11056518554688 -3.506470203399658 1.1156961917877197
v -91.11056518554688 0.31877008080482483 1.1156961917877197
v -91.7293472290039 -3.506470203399658 1.0342295169830322
v -91.7293472290039 0.31877008080482483 1.0342295169830322
v -92.30595397949219 -3.506470203399658 0.7953928112983704
v -92.30595397949219 0.31877008080482483 0.7953928112983704
v -92.80110168457031 -3.506470203399658 0.41545626521110535
v -92.80110168457031 0.31877008080482483 0.41545626521110535
v -99.18140411376953 -3.506470203399658 -75.12813568115234
v -99.18140411376953 3.506470203399658 -75.12813568115234
v -98.70274353027344 -3.506470203399658 -74.50432586669922
v -100.53164672851562 -3.506470203399658 -75.90769958496094
v -100.53164672851562 3.506470203399658 -75.90769958496094
v -99.8051986694336 -3.506470203399658 -75.60680389404297
v -99.8051986694336 3.506470203399658 -75.60680389404297
v -98.40184020996094 -3.506470203399658 -73.77789306640625
v -98.40184020996094 3.506470203399658 -73.77789306640625
v -98.29920959472656 -3.506470203399658 -72.99832916259766
v -98.70274353027344 3.506470203399658 -74.50432586669922
v -98.29920959472656 -3.506470203399658 -72.99832916259766
v -98.29920959472656 3.506470203399658 -72.99832916259766
v -98.40184020996094 -3.506470203399658 -72.2187728881836
v -98.40184020996094 3.506470203399658 -72.2187728881836
v -98.70274353027344 -3.506470203399658 -71.4923324584961
v -98.70274353027344 3.506470203399658 -71.4923324584961
v -99.18140411376953 -3.506470203399658 -70.86852264404297
v -99.18140411376953 3.506470203399658 -70.86852264404297
v -99.8051986694336 -3.506470203399658 -70.38985443115234
v -99.8051986694336 3.506470203399658 -70.38985443115234
v -100.53164672851562 -3.506470203399658 -70.08895874023438
v -100.53164672851562 3.506470203399658 -70.08895874023438
v -101.31121063232422 -3.506470203399658 -69.986328125
v -101.31121063232422 -3.506470203399658 -76.01033020019531
v -101.31121063232422 3.506470203399658 -76.01033020019531
v -102.09076690673828 -3.506470203399658 -75.90769958496094
v -102.09076690673828 3.506470203399658 -75.90769958496094
v -102.81721496582031 -3.506470203399658 -75.60680389404297
v -102.81721496582031 3.506470203399658 -75.60680389404297
v -103.4410171508789 -3.506470203399658 -75.12813568115234
v -103.4410171508789 3.506470203399658 -75.12813568115234
v -103.91967010498047 -3.506470203399658 -74.50432586669922
v -103.91967010498047 3.506470203399658 -74.50432586669922
v -104.22057342529297 -3.506470203399658 -73.77789306640625
v -104.22057342529297 3.506470203399658 -73.77789306640625
v -104.32320404052734 -3.506470203399658 -72.99832916259766
v -104.32320404052734 3.506470203399658 -72.99832916259766
v -104.22057342529297 -3.506470203399658 -72.2187728881836
v -104.22057342529297 3.506470203399658 -72.2187728881836
v -104.32320404052734 -3.506470203399658 -72.99832916259766
v -101.31121063232422 3.506470203399658 -69.986328125
v -102.09076690673828 -3.506470203399658 -70.08895874023438
v -102.09076690673828 3.506470203399658 -70.08895874023438
v -102.81721496582031 -3.506470203399658 -70.38985443115234
v -103.91967010498047 -3.506470203399658 -71.4923324584961
v -103.91967010498047 3.506470203399658 -71.4923324584961
v -103.4410171508789 -3.506470203399658 -70.86852264404297
v -103.4410171508789 3.506470203399658 -70.86852264404297
v -102.81721496582031 3.506470203399658 -70.38985443115234
v -101.31121063232422 3.506470203399658 -76.01033020019531
v -104.32320404052734 3.506470203399658 -72.99832916259766
v -101.31121063232422 3.506470203399658 -69.986328125
v 102.81719970703125 -3.506470203399658 65.28955078125
v 102.81719970703125 3.506470203399658 65.28955078125
v 103.4410171508789 -3.506470203399658 65.76820373535156
v 103.91967010498047 -3.506470203399658 66.39200592041016
v 103.4410171508789 3.506470203399658 65.76820373535156
v 103.91967010498047 3.506470203399658 66.39200592041016
v 104.22057342529297 -3.506470203399658 67.11845397949219
v 102.09076690673828 -3.506470203399658 64.9886474609375
v 102.09076690673828 3.506470203399658 64.9886474609375
v 101.31120300292969 -3.506470203399658 64.88601684570312
v 101.31120300292969 3.506470203399658 64.88601684570312
v 101.24510192871094 -3.506470203399658 64.89472198486328
v 101.24510192871094 3.506470203399658 64.89472198486328
v 101.16730499267578 -3.506470203399658 64.90496063232422
v 104.22057342529297 3.506470203399658 67.11845397949219
v 104.2417221069336 -3.506470203399658 67.27909851074219
v 104.32320404052734 -3.506470203399658 67.89801788330078
v 104.2417221069336 3.506470203399658 67.27909851074219
v 104.32320404052734 3.506470203399658 67.89801788330078
v 104.22057342529297 -3.506470203399658 68.67757415771484
v 104.22057342529297 3.506470203399658 68.67757415771484
v 103.91967010498047 -3.506470203399658 69.40402221679688
v 100.5316390991211 -3.506470203399658 64.9886474609375
v 100.5316390991211 3.506470203399658 64.9886474609375
v 99.8051986694336 -3.506470203399658 65.28955078125
v 99.8051986694336 3.506470203399658 65.28955078125
v 99.18140411376953 -3.506470203399658 65.76820373535156
v 99.18140411376953 3.506470203399658 65.76820373535156
v 98.7027359008789 -3.506470203399658 66.39200592041016
v 98.7027359008789 3.506470203399658 66.39200592041016
v 98.57380676269531 -3.506470203399658 66.70326232910156
v 98.57380676269531 3.506470203399658 66.70326232910156
v 103.91967010498047 3.506470203399658 69.40402221679688
v 103.4410171508789 -3.506470203399658 70.02782440185547
v 103.4410171508789 3.506470203399658 70.02782440185547
v 103.34158325195312 -3.506470203399658 70.10411071777344
v 101.16730499267578 3.506470203399658 64.90496063232422
v 103.34158325195312 3.506470203399658 70.10411071777344
v 98.57380676269531 -3.506470203399658 66.70326232910156
v 98.4743881225586 -3.506470203399658 66.77954864501953
v 98.57380676269531 3.506470203399658 66.70326232910156
v 97.99571990966797 -3.506470203399658 67.40335083007812
v 97.99571990966797 3.506470203399658 67.40335083007812
v 97.87130737304688 -3.506470203399658 67.70372009277344
v 97.87130737304688 3.506470203399658 67.70372009277344
v 103.34158325195312 -3.506470203399658 70.10411071777344
v 103.21266174316406 3.506470203399658 70.41536712646484
v 103.21266174316406 -3.506470203399658 70.41536712646484
v 102.73400115966797 -3.506470203399658 71.0391616821289
v 102.73400115966797 3.506470203399658 71.0391616821289
v 102.62500762939453 -3.506470203399658 71.12278747558594
v 98.4743881225586 3.506470203399658 66.77954864501953
v 103.34158325195312 3.506470203399658 70.10411071777344
v 102.62500762939453 3.506470203399658 71.12278747558594
v 97.87130737304688 -3.506470203399658 67.70372009277344
v 97.7623291015625 -3.506470203399658 67.78734588623047
v 97.87130737304688 3.506470203399658 67.70372009277344
v 97.57319641113281 -3.506470203399658 68.03382110595703
v 97.28366088867188 3.506470203399658 68.41114807128906
v 97.28366088867188 -3.506470203399658 68.41114807128906
v 97.16374969482422 -3.506470203399658 68.70063018798828
v 97.16374969482422 3.506470203399658 68.70063018798828
v 102.62500762939453 -3.506470203399658 71.12278747558594
v 102.50060272216797 3.506470203399658 71.42315673828125
v 102.50060272216797 -3.506470203399658 71.42315673828125
v 102.31147766113281 -3.506470203399658 71.66963195800781
v 102.02194213867188 -3.506470203399658 72.04695892333984
v 102.02194213867188 3.506470203399658 72.04695892333984
v 101.9034194946289 -3.506470203399658 72.13790130615234
v 97.7623291015625 3.506470203399658 67.78734588623047
v 97.57319641113281 3.506470203399658 68.03382110595703
v 102.62500762939453 3.506470203399658 71.12278747558594
v 102.31147766113281 3.506470203399658 71.66963195800781
v 101.9034194946289 3.506470203399658 72.13790130615234
v 97.16374969482422 -3.506470203399658 68.70063018798828
v 97.04524230957031 -3.506470203399658 68.79157257080078
v 97.16374969482422 3.506470203399658 68.70063018798828
v 96.56657409667969 -3.506470203399658 69.41537475585938
v 96.56657409667969 3.506470203399658 69.41537475585938
v 101.9034194946289 -3.506470203399658 72.13790130615234
v 101.78351593017578 3.506470203399658 72.4273910522461
v 101.78351593017578 -3.506470203399658 72.4273910522461
v 101.30484771728516 -3.506470203399658 73.05119323730469
v 101.30484771728516 3.506470203399658 73.05119323730469
v 101.17679595947266 -3.506470203399658 73.14944458007812
v 96.45118713378906 -3.506470203399658 69.69395446777344
v 96.45118713378906 3.506470203399658 69.69395446777344
v 97.04524230957031 3.506470203399658 68.79157257080078
v 101.9034194946289 3.506470203399658 72.13790130615234
v 101.17679595947266 3.506470203399658 73.14944458007812
v 101.17679595947266 -3.506470203399658 73.14944458007812
v 101.06140899658203 3.506470203399658 73.42801666259766
v 101.06140899658203 -3.506470203399658 73.42801666259766
v 100.5827407836914 -3.506470203399658 74.05181884765625
v 100.5827407836914 3.506470203399658 74.05181884765625
v 100.4080581665039 -3.506470203399658 74.18585968017578
v 96.45118713378906 -3.506470203399658 69.69395446777344
v 96.32313537597656 -3.506470203399658 69.79220581054688
v 96.45118713378906 3.506470203399658 69.69395446777344
v 95.84447479248047 -3.506470203399658 70.41600799560547
v 95.84447479248047 3.506470203399658 70.41600799560547
v 95.71256256103516 -3.506470203399658 70.73448181152344
v 95.71256256103516 3.506470203399658 70.73448181152344
v 101.17679595947266 3.506470203399658 73.14944458007812
v 100.4080581665039 3.506470203399658 74.18585968017578
v 96.32313537597656 3.506470203399658 69.79220581054688
v 100.4080581665039 -3.506470203399658 74.18585968017578
v 100.2761459350586 3.506470203399658 74.50433349609375
v 100.2761459350586 -3.506470203399658 74.50433349609375
v 95.71256256103516 -3.506470203399658 70.73448181152344
v 95.5378646850586 -3.506470203399658 70.86852264404297
v 95.71256256103516 3.506470203399658 70.73448181152344
v 95.05921173095703 -3.506470203399658 71.49232482910156
v 95.05921173095703 3.506470203399658 71.49232482910156
v 94.75830841064453 -3.506470203399658 72.2187728881836
v 94.75830841064453 3.506470203399658 72.2187728881836
v 94.65567779541016 -3.506470203399658 72.99832916259766
v 94.65567779541016 3.506470203399658 72.99832916259766
v 94.65567779541016 -3.506470203399658 72.99832916259766
v 94.75830841064453 -3.506470203399658 73.77789306640625
v 94.75830841064453 3.506470203399658 73.77789306640625
v 95.05921173095703 -3.506470203399658 74.50433349609375
v 95.05921173095703 3.506470203399658 74.50433349609375
v 99.79747772216797 -3.506470203399658 75.12813568115234
v 99.17367553710938 -3.506470203399658 75.60679626464844
v 99.79747772216797 3.506470203399658 75.12813568115234
v 98.44723510742188 -3.506470203399658 75.90769958496094
v 99.17367553710938 3.506470203399658 75.60679626464844
v 97.66767120361328 -3.506470203399658 76.01033020019531
v 98.44723510742188 3.506470203399658 75.90769958496094
v 95.5378646850586 -3.506470203399658 75.12813568115234
v 96.16167449951172 -3.506470203399658 75.60679626464844
v 96.16167449951172 3.506470203399658 75.60679626464844
v 97.66767120361328 3.506470203399658 76.01033020019531
v 96.88811492919922 -3.506470203399658 75.90769958496094
v 96.88811492919922 3.506470203399658 75.90769958496094
v 95.5378646850586 3.506470203399658 75.12813568115234
v 100.4080581665039 3.506470203399658 74.18585968017578
v 95.5378646850586 3.506470203399658 70.86852264404297
v 94.65567779541016 3.506470203399658 72.99832916259766
vn 0 -1 0
vn 0 -1 0
vn 0 -1 0
vn 0 -1 0
vn 0 -1 0
vn 0 -1 0
vn 0 -1 0
vn 0 -1 0
vn 0 -1 0
vn 0 -1 0
vn 0 -1 0
vn 0 -1 0
vn 0 -1 0
vn 0 -1 0
vn 0 -1 0
vn 0 -1 0
vn 0 -1 0
vn 0 -1 0
vn 0 -1 0
vn 0 -1 0
vn 0 -1 0
vn 0 -1 0
vn 0 -1 0
vn 0 -1 0
vn 0 -1 0
vn 0 -1 0
vn 0 -1 0
vn 0 -1 0
vn 0 -1 0
vn 0 -1 0
vn 0 -1 0
vn 0 -1 0
vn 0 -1 0
vn 0 -1 0
vn 0 -1 0
vn 0 -1 0
vn 0 -1 0
vn 0 -1 0
vn 0 -1 0
vn 0 -1 0
vn 0 -1 0
vn 0 -1 0
vn 0 -1 0
vn 0 -1 0
vn 0 -1 0
vn 0 -1 0
vn 0 -1 0
vn 0 -1 0
vn 0 -1 0
vn 0 -1 0
vn 0 -1 0
vn 0 -1 0
vn 0 -1 0
vn 0 -1 0
vn 0 -1 0
vn 0.9238811135292053 0 0.3826795816421509
vn 0.8660270571708679 0 0.4999971091747284
vn 0.8660270571708679 0 0.4999971091747284
vn 0.7374284267425537 0 0.6754252910614014
vn 0.5374847650527954 0 0.8432734608650208
vn 0.6754252910614014 0 0.7374284267425537
vn 0.3009161055088043 0 0.9536505937576294
vn 0.46154749393463135 0 0.887115478515625
vn 0.043842822313308716 0 0.9990384578704834
vn 0.21622224152088165 0 0.9763441681861877
vn -0.21622224152088165 0 0.9763441681861877
vn -0.043842822313308716 0 0.9990384578704834
vn -0.4615481495857239 0 0.8871151804924011
vn -0.3009161055088043 0 0.9536505937576294
vn -0.9238780736923218 0 -0.38268691301345825
vn -0.9238780736923218 0 -0.38268691301345825
vn -0.9659255146980286 0 -0.258820116519928
vn -0.9914450645446777 0 -0.1305246353149414
vn -0.9914450645446777 0 -0.1305246353149414
vn -0.9914450645446777 0 0.1305246353149414
vn -0.9763441681861877 0 0.21622219681739807
vn -0.9536494016647339 0 0.3009200096130371
vn -0.8871129751205444 0 0.46155232191085815
vn -0.8432720303535461 0 0.5374870300292969
vn -0.7374289035797119 0 0.6754247546195984
vn -0.6754264235496521 0 0.7374274134635925
vn -0.5374860167503357 0 0.8432726263999939
vn 0.9238811135292053 0 0.3826795816421509
vn -0.9659255146980286 0 -0.258820116519928
vn -0.9914450645446777 0 0.1305246353149414
vn 0 1 0
vn 0 1 0
vn 0 1 0
vn 0 1 0
vn 0 1 0
vn 0 1 0
vn 0 1 0
vn 0 1 0
vn 0 1 0
vn 0 1 0
vn 0 1 0
vn 0 1 0
vn 0 1 0
vn 0 1 0
vn 0 1 0
vn 0 1 0
vn 0 1 0
vn 0 1 0
vn 0 1 0
vn 0 1 0
vn 0 1 0
vn 0 1 0
vn 0 1 0
vn 0 1 0
vn 0 1 0
vn 0 1 0
vn 0 1 0
vn 0 1 0
vn 0 1 0
vn 0 1 0
vn 0 1 0
vn 0 1 0
vn 0 1 0
vn 0 1 0
vn 0 1 0
vn 0 1 0
vn 0 1 0
vn 0 1 0
vn 0 1 0
vn 0 1 0
vn 0 1 0
vn 0 1 0
vn 0 1 0
vn 0 1 0
vn 0 1 0
vn 0 1 0
vn 0 1 0
vn 0 1 0
vn 0 1 0
vn 0 1 0
vn 0 1 0
vn 0 1 0
vn 0 1 0
vn 0 1 0
vn 0 1 0
vn 0 -1 0
vn 0 -1 0
vn 0 -1 0
vn 0 -1 0
vn 0 -1 0
vn 0 -1 0
vn 0 -1 0
vn 0 -1 0
vn 0 -1 0
vn 0 -1 0
vn 0 -1 0
vn 0 -1 0
vn 0.9238888621330261 0 0.38266095519065857
vn 0.8660324811935425 0 0.49998772144317627
vn 0.8660324811935425 0 0.49998772144317627
vn 0.7933557629585266 0 0.608758270740509
vn 0.9238888621330261 0 0.38266095519065857
vn 0.7933557629585266 0 0.608758270740509
vn 0 1 0
vn 0 1 0
vn 0 1 0
vn 0 1 0
vn 0 1 0
vn 0 1 0
vn 0 1 0
vn 0 1 0
vn 0 1 0
vn 0 1 0
vn 0 1 0
vn 0 1 0
vn 0 -1 0
vn 0 -1 0
vn 0 -1 0
vn 0 -1 0
vn 0 -1 0
vn 0 -1 0
vn 0 -1 0
vn 0 -1 0
vn 0 -1 0
vn 0 -1 0
vn 0 -1 0
vn 0 -1 0
vn 0 -1 0
vn 0 -1 0
vn 0 -1 0
vn 0 -1 0
vn 0 -1 0
vn 0 -1 0
vn 0 -1 0
vn 0 -1 0
vn 0 -1 0
vn 0 -1 0
vn 0 -1 0
vn 0 -1 0
vn 0 -1 0
vn 0 -1 0
vn 0 -1 0
vn 0 -1 0
vn 0 -1 0
vn 0 -1 0
vn 0 -1 0
vn 0 -1 0
vn 0 -1 0
vn 0 -1 0
vn 0 -1 0
vn 0 -1 0
vn 0 -1 0
vn 0 -1 0
vn 0 -1 0
vn 0 -1 0
vn 0.9238803386688232 0 0.38268154859542847
vn 0.8660250306129456 0 0.5000005960464478
vn 0.8660250306129456 0 0.5000005960464478
vn 0.7933512330055237 0 0.6087641716003418
vn 0.9238803386688232 0 0.38268154859542847
vn 0.7933512330055237 0 0.6087641716003418
vn 0 1 0
vn 0 1 0
vn 0 1 0
vn 0 1 0
vn 0 1 0
vn 0 1 0
vn 0 1 0
vn 0 1 0
vn 0 1 0
vn 0 1 0
vn 0 1 0
vn 0 1 0
vn 0 1 0
vn 0 1 0
vn 0 1 0
vn 0 1 0
vn 0 1 0
vn 0 1 0
vn 0 1 0
vn 0 1 0
vn 0 1 0
vn 0 1 0
vn 0 1 0
vn 0 1 0
vn 0 1 0
vn 0 1 0
vn 0 1 0
vn 0 1 0
vn 0 1 0
vn 0 1 0
vn 0 1 0
vn 0 1 0
vn 0 1 0
vn 0 1 0
vn 0 1 0
vn 0 1 0
vn 0 1 0
vn 0 1 0
vn 0 1 0
vn 0 1 0
vn 0 -1 0
vn 0 -1 0
vn 0 -1 0
vn 0 -1 0
vn 0 -1 0
vn 0 -1 0
vn 0 -1 0
vn 0 -1 0
vn 0 -1 0
vn 0 -1 0
vn 0 -1 0
vn 0 -1 0
vn 0 -1 0
vn 0 -1 0
vn 0 -1 0
vn 0 -1 0
vn 0 -1 0
vn 0 -1 0
vn 0 -1 0
vn 0.9238778948783875 0 0.38268741965293884
vn 0.8660240769386292 0 0.5000023245811462
vn 0.8660240769386292 0 0.5000023245811462
vn 0.7933526635169983 0 0.6087623238563538
vn 0.9238778948783875 0 0.38268741965293884
vn 0.7933526635169983 0 0.6087623238563538
vn 0 1 0
vn 0 1 0
vn 0 1 0
vn 0 1 0
vn 0 1 0
vn 0 1 0
vn 0 1 0
vn 0 1 0
vn 0 1 0
vn 0 1 0
vn 0 1 0
vn 0 1 0
vn 0 1 0
vn 0 1 0
vn 0 1 0
vn 0 1 0
vn 0 1 0
vn 0 1 0
vn 0 1 0
vn 0 -1 0
vn 0 -1 0
vn 0 -1 0
vn 0 -1 0
vn 0 -1 0
vn 0 -1 0
vn 0 -1 0
vn 0 -1 0
vn 0 -1 0
vn 0 -1 0
vn 0 -1 0
vn 0 -1 0
vn 0.923880934715271 0 0.3826800584793091
vn 0.8660295009613037 0 0.4999929368495941
vn 0.8660294413566589 0 0.4999929666519165
vn 0.7933610081672668 0 0.6087514162063599
vn 0.923880934715271 0 0.3826800584793091
vn 0.7933610081672668 0 0.6087514162063599
vn 0 1 0
vn 0 1 0
vn 0 1 0
vn 0 1 0
vn 0 1 0
vn 0 1 0
vn 0 1 0
vn 0 1 0
vn 0 1 0
vn 0 1 0
vn 0 1 0
vn 0 1 0
vn 0 -1 0
vn 0 -1 0
vn 0 -1 0
vn 0 -1 0
vn 0 -1 0
vn 0 -1 0
vn 0 -1 0
vn 0 -1 0
vn 0 -1 0
vn 0 -1 0
vn 0 -1 0
vn 0 -1 0
vn 0 -1 0
vn 0 -1 0
vn 0 -1 0
vn 0 -1 0
vn 0 -1 0
vn 0 -1 0
vn 0 -1 0
vn 0 -1 0
vn 0 -1 0
vn 0 -1 0
vn 0 -1 0
vn 0 -1 0
vn 0 -1 0
vn 0 -1 0
vn 0 -1 0
vn 0 -1 0
vn 0 -1 0
vn 0 -1 0
vn 0.6754274368286133 0 -0.7374264597892761
vn 0.8432720303535461 0 -0.5374870300292969
vn 0.7374293804168701 0 -0.6754242181777954
vn 0.46154797077178955 0 -0.8871152400970459
vn 0.5374869108200073 0 -0.8432720899581909
vn 0.3009152412414551 0 -0.9536508917808533
vn 0.21622180938720703 0 -0.9763442873954773
vn 0.043842822313308716 0 -0.9990384578704834
vn -0.043842826038599014 0 -0.9990384578704834
vn 0.9536490440368652 0 -0.30092117190361023
vn 0.8871129751205444 0 -0.46155235171318054
vn 0.9990384578704834 0 -0.04384266585111618
vn 0.9763436317443848 0 -0.2162245810031891
vn 0.9763436317443848 0 0.2162245810031891
vn 0.9990384578704834 0 0.04384266585111618
vn -0.2588101327419281 0 -0.9659281969070435
vn -0.2588101327419281 0 -0.9659281969070435
vn -0.3826640248298645 0 -0.9238875508308411
vn 0.8871123194694519 0 0.4615536332130432
vn 0.9536490440368652 0 0.30092117190361023
vn 0.7933522462844849 0 0.6087628602981567
vn 0.8432704210281372 0 0.5374895334243774
vn -0.3826640248298645 0 -0.9238875508308411
vn 0.7933522462844849 0 0.6087628602981567
vn 0 1 0
vn 0 1 0
vn 0 1 0
vn 0 1 0
vn 0 1 0
vn 0 1 0
vn 0 1 0
vn 0 1 0
vn 0 1 0
vn 0 1 0
vn 0 1 0
vn 0 1 0
vn 0 1 0
vn 0 1 0
vn 0 1 0
vn 0 1 0
vn 0 1 0
vn 0 1 0
vn 0 1 0
vn 0 1 0
vn 0 1 0
vn 0 1 0
vn 0 1 0
vn 0 1 0
vn 0 1 0
vn 0 1 0
vn 0 1 0
vn 0 1 0
vn 0 1 0
vn 0 1 0
vn 0 -1 0
vn 0 -1 0
vn 0 -1 0
vn 0 -1 0
vn 0 -1 0
vn 0 -1 0
vn 0 -1 0
vn 0 -1 0
vn 0 -1 0
vn 0 -1 0
vn 0 -1 0
vn 0 -1 0
vn 0 -1 0
vn 0 -1 0
vn 0 -1 0
vn 0 -1 0
vn 0 -1 0
vn 0 -1 0
vn 0 -1 0
vn 0 -1 0
vn 0 -1 0
vn 0 -1 0
vn 0 -1 0
vn 0 -1 0
vn 0 -1 0
vn 0 -1 0
vn 0 -1 0
vn 0 -1 0
vn 0 -1 0
vn 0 -1 0
vn 0 -1 0
vn 0 -1 0
vn 0 -1 0
vn 0 -1 0
vn 0 -1 0
vn 0 -1 0
vn 0 -1 0
vn 0 -1 0
vn 0 -1 0
vn 0 -1 0
vn 0 -1 0
vn 0 -1 0
vn 0 -1 0
vn 0.6754247546195984 0 -0.7374289035797119
vn 0.8432726263999939 0 -0.5374860167503357
vn 0.7374274134635925 0 -0.6754264235496521
vn 0.9536505937576294 0 -0.3009161055088043
vn 0.8871151804924011 0 -0.4615481495857239
vn 0.5374870896339417 0 -0.8432719707489014
vn 0.46155235171318054 0 -0.8871129751205444
vn 0.3009200394153595 0 -0.9536494016647339
vn 0.21622219681739807 0 -0.9763441681861877
vn 0.043841440230607986 0 -0.9990385174751282
vn -0.04384143278002739 0 -0.9990385174751282
vn 0.9914445281028748 0 -0.13052868843078613
vn 0.9763441681861877 0 -0.21622224152088165
vn -0.21622219681739807 0 -0.9763441681861877
vn -0.3009200096130371 0 -0.9536494016647339
vn -0.46155232191085815 0 -0.8871129751205444
vn -0.5374870300292969 0 -0.8432720303535461
vn -0.675426185131073 0 -0.7374275922775269
vn -0.7374300360679626 0 -0.6754235029220581
vn -0.84327232837677 0 -0.5374865531921387
vn -0.8871118426322937 0 -0.46155449748039246
vn -0.9536486268043518 0 -0.3009224832057953
vn -0.9763442277908325 0 -0.216221883893013
vn -0.9914454817771912 0 -0.1305215060710907
vn -0.9914454817771912 0 -0.1305215060710907
vn -0.9914454817771912 0 0.1305215060710907
vn -0.9763442277908325 0 0.2162218689918518
vn -0.9536486268043518 0 0.3009224534034729
vn -0.8871118426322937 0 0.46155449748039246
vn -0.84327232837677 0 0.5374865531921387
vn -0.21622219681739807 0 0.9763441681861877
vn -0.46155235171318054 0 0.8871129751205444
vn -0.3009200394153595 0 0.9536494016647339
vn -0.1305246353149414 0 0.9914450645446777
vn -0.1305246353149414 0 0.9914450645446777
vn -0.675426185131073 0 0.7374275922775269
vn -0.5374870300292969 0 0.8432720303535461
vn -0.7374300360679626 0 0.6754235029220581
vn 0.9914445281028748 0 -0.13052868843078613
vn -0.9914454817771912 0 0.1305215060710907
vn 0 1 0
vn 0 1 0
vn 0 1 0
vn 0 1 0
vn 0 1 0
vn 0 1 0
vn 0 1 0
vn 0 1 0
vn 0 1 0
vn 0 1 0
vn 0 1 0
vn 0 1 0
vn 0 1 0
vn 0 1 0
vn 0 1 0
vn 0 1 0
vn 0 1 0
vn 0 1 0
vn 0 1 0
vn 0 1 0
vn 0 1 0
vn 0 1 0
vn 0 1 0
vn 0 1 0
vn 0 1 0
vn 0 1 0
vn 0 1 0
vn 0 1 0
vn 0 1 0
vn 0 1 0
vn 0 1 0
vn 0 1 0
vn 0 1 0
vn 0 1 0
vn 0 1 0
vn 0 1 0
vn 0 1 0
vn 0 1 0
vn 0 1 0
vn 0 1 0
vn 0 1 0
vn 0 1 0
vn 0 1 0
vn 0 1 0
vn 1 0 0
vn 1 0 0
vn 1 0 0
vn 0 0.44721269607543945 0.8944276571273804
vn 0 0.44721269607543945 0.8944276571273804
vn 0 0.44721269607543945 0.8944276571273804
vn 0 0.44721269607543945 -0.8944276571273804
vn 0 0.44721269607543945 -0.8944276571273804
vn 0 0.44721269607543945 -0.8944276571273804
vn 0 0.44721269607543945 -0.8944276571273804
vn 0 0.44721269607543945 0.8944276571273804
vn -1 0 0
vn -1 0 0
vn -1 0 0
vn 1 0 0
vn 1 0 0
vn 1 0 0
vn 0 0.44721269607543945 0.8944276571273804
vn 0 0.44721269607543945 0.8944276571273804
vn 0 0.44721269607543945 0.8944276571273804
vn 0 0.44721269607543945 -0.8944276571273804
vn 0 0.44721269607543945 -0.8944276571273804
vn 0 0.44721269607543945 -0.8944276571273804
vn 0 0.44721269607543945 -0.8944276571273804
vn 0 0.44721269607543945 0.8944276571273804
vn -1 0 0
vn -1 0 0
vn -1 0 0
vn 0 -1 0
vn 0 -1 0
vn 0 -1 0
vn 0 0 -1
vn 0 0 -1
vn 0 0 -1
vn 0 -1 0
vn 0.8944266438484192 0.44721463322639465 6.386351287801517e-7
vn 0.8944231271743774 0.44722169637680054 0
vn 0.8944270610809326 0.44721388816833496 6.386351287801517e-7
vn 0 0 -1
vn 0 0 -1
vn 0.8944281339645386 0.4472116529941559 6.386351287801517e-7
vn 0.8944276571273804 0.44721269607543945 0
vn -0.8944276571273804 0.44721269607543945 0
vn -0.8944276571273804 0.44721269607543945 0
vn -0.8944276571273804 0.44721269607543945 0
vn 0 0 1
vn 0 0 1
vn 0 0 1
vn 0.8944265246391296 0.4472149610519409 0
vn -0.8944276571273804 0.44721269607543945 0
vn 0 0 -1
vn 0 0 -1
vn 0 0 -1
vn 0.8944276571273804 0.44721269607543945 0
vn 0.8944276571273804 0.44721269607543945 0
vn 0.8944276571273804 0.44721269607543945 0
vn 0 0 1
vn 0 0 1
vn 0 0 1
vn -0.8944276571273804 0.44721269607543945 0
vn -0.8944276571273804 0.44721269607543945 0
vn -0.8944276571273804 0.44721269607543945 0
vn -0.8944276571273804 0.44721269607543945 0
vn 0.8944276571273804 0.44721269607543945 0
vn 1 0 0
vn 1 0 0
vn 1 0 0
vn 0 0.44721269607543945 0.8944276571273804
vn 0 0.44721269607543945 0.8944276571273804
vn 0 0.44721269607543945 0.8944276571273804
vn 0 0.44721269607543945 -0.8944276571273804
vn 0 0.44721269607543945 -0.8944276571273804
vn 0 0.44721269607543945 -0.8944276571273804
vn -1 0 0
vn -1 0 0
vn -1 0 0
vn 0 0.44721269607543945 -0.8944276571273804
vn 0 0.44721269607543945 0.8944276571273804
vn 1 0 0
vn 1 0 0
vn 1 0 0
vn 0 0.44721269607543945 0.8944276571273804
vn 0 0.44721269607543945 0.8944276571273804
vn 0 0.44721269607543945 0.8944276571273804
vn 0 0.44721269607543945 -0.8944276571273804
vn 0 0.44721269607543945 -0.8944276571273804
vn 0 0.44721269607543945 -0.8944276571273804
vn -1 0 0
vn -1 0 0
vn -1 0 0
vn 0 0.44721269607543945 -0.8944276571273804
vn 0 0.44721269607543945 0.8944276571273804
vn 0 -1 0
vn 0 -1 0
vn 0 -1 0
vn 0 0 -1
vn 0 0 -1
vn 0 0 -1
vn 0 -1 0
vn 0.8944266438484192 0.44721463322639465 6.386351287801517e-7
vn 0.8944231271743774 0.44722169637680054 0
vn 0.8944270610809326 0.44721388816833496 6.386351287801517e-7
vn 0 0 -1
vn 0 0 -1
vn 0.8944281339645386 0.4472116529941559 6.386351287801517e-7
vn -0.8944276571273804 0.44721269607543945 0
vn -0.8944276571273804 0.44721269607543945 0
vn -0.8944276571273804 0.44721269607543945 0
vn 0.8944276571273804 0.44721269607543945 0
vn 0 0 1
vn 0 0 1
vn 0 0 1
vn 0.8944265246391296 0.4472149610519409 0
vn -0.8944276571273804 0.44721269607543945 0
vn 0 0 -1
vn 0 0 -1
vn 0 0 -1
vn 0.8944276571273804 0.44721269607543945 0
vn 0.8944276571273804 0.44721269607543945 0
vn 0.8944276571273804 0.44721269607543945 0
vn -0.8944276571273804 0.44721269607543945 0
vn -0.8944276571273804 0.44721269607543945 0
vn -0.8944276571273804 0.44721269607543945 0
vn 0 0 1
vn 0 0 1
vn 0 0 1
vn -0.8944276571273804 0.44721269607543945 0
vn 0.8944276571273804 0.44721269607543945 0
vn 1 0 0
vn 1 0 0
vn 1 0 0
vn 0 0.44721269607543945 0.8944276571273804
vn 0 0.44721269607543945 0.8944276571273804
vn 0 0.44721269607543945 0.8944276571273804
vn 0 0.44721269607543945 -0.8944276571273804
vn 0 0.44721269607543945 -0.8944276571273804
vn 0 0.44721269607543945 -0.8944276571273804
vn 0 0.44721269607543945 -0.8944276571273804
vn -1 0 0
vn -1 0 0
vn -1 0 0
vn 0 0.44721269607543945 0.8944276571273804
vn 1 0 0
vn 1 0 0
vn 1 0 0
vn 0 0.44721269607543945 0.8944276571273804
vn 0 0.44721269607543945 0.8944276571273804
vn 0 0.44721269607543945 0.8944276571273804
vn 0 0.44721269607543945 -0.8944276571273804
vn 0 0.44721269607543945 -0.8944276571273804
vn 0 0.44721269607543945 -0.8944276571273804
vn 0 0.44721269607543945 -0.8944276571273804
vn -1 0 0
vn -1 0 0
vn -1 0 0
vn 0 0.44721269607543945 0.8944276571273804
vn 0 -1 0
vn 0 -1 0
vn 0 -1 0
vn 0 0 -1
vn 0 0 -1
vn 0 0 -1
vn 0 -1 0
vn 0.8944266438484192 0.44721463322639465 6.386351287801517e-7
vn 0.8944231271743774 0.44722169637680054 0
vn 0.8944270610809326 0.44721388816833496 6.386351287801517e-7
vn 0 0 -1
vn 0 0 -1
vn 0.8944281339645386 0.4472116529941559 6.386351287801517e-7
vn 0.8944276571273804 0.44721269607543945 0
vn -0.8944276571273804 0.44721269607543945 0
vn -0.8944276571273804 0.44721269607543945 0
vn -0.8944276571273804 0.44721269607543945 0
vn 0 0 1
vn 0 0 1
vn 0 0 1
vn 0.8944265246391296 0.4472149610519409 0
vn -0.8944276571273804 0.44721269607543945 0
vn 0 0 -1
vn 0 0 -1
vn 0 0 -1
vn 0.8944276571273804 0.44721269607543945 0
vn 0.8944276571273804 0.44721269607543945 0
vn 0.8944276571273804 0.44721269607543945 0
vn -0.8944276571273804 0.44721269607543945 0
vn -0.8944276571273804 0.44721269607543945 0
vn -0.8944276571273804 0.44721269607543945 0
vn 0 0 1
vn 0 0 1
vn 0 0 1
vn -0.8944276571273804 0.44721269607543945 0
vn 0.8944276571273804 0.44721269607543945 0
vn 1 0 0
vn 1 0 0
vn 1 0 0
vn 0 0.44721269607543945 0.8944276571273804
vn 0 0.44721269607543945 0.8944276571273804
vn 0 0.44721269607543945 0.8944276571273804
vn 0 0.44721269607543945 -0.8944276571273804
vn 0 0.44721269607543945 -0.8944276571273804
vn 0 0.44721269607543945 -0.8944276571273804
vn -1 0 0
vn -1 0 0
vn -1 0 0
vn 0 0.44721269607543945 -0.8944276571273804
vn 0 0.44721269607543945 0.8944276571273804
vn 1 0 0
vn 1 0 0
vn 1 0 0
vn 0 0.44721269607543945 0.8944276571273804
vn 0 0.44721269607543945 0.8944276571273804
vn 0 0.44721269607543945 0.8944276571273804
vn 0 0.44721269607543945 -0.8944276571273804
vn 0 0.44721269607543945 -0.8944276571273804
vn 0 0.44721269607543945 -0.8944276571273804
vn -1 0 0
vn -1 0 0
vn -1 0 0
vn 0 0.44721269607543945 -0.8944276571273804
vn 0 0.44721269607543945 0.8944276571273804
vn 0 -1 0
vn 0 -1 0
vn 0 -1 0
vn 0 0 -1
vn 0 0 -1
vn 0 0 -1
vn 0 -1 0
vn 0.8944266438484192 0.44721463322639465 6.386351287801517e-7
vn 0.8944231271743774 0.44722169637680054 0
vn 0.8944270610809326 0.44721388816833496 6.386351287801517e-7
vn 0 0 -1
vn 0 0 -1
vn 0.8944281339645386 0.4472116529941559 6.386351287801517e-7
vn 0.8944276571273804 0.44721269607543945 0
vn -0.8944276571273804 0.44721269607543945 0
vn -0.8944276571273804 0.44721269607543945 0
vn -0.8944276571273804 0.44721269607543945 0
vn 0 0 1
vn 0 0 1
vn 0 0 1
vn 0.8944265246391296 0.4472149610519409 0
vn -0.8944276571273804 0.44721269607543945 0
vn 0 0 -1
vn 0 0 -1
vn 0 0 -1
vn 0.8944276571273804 0.44721269607543945 0
vn 0.8944276571273804 0.44721269607543945 0
vn 0.8944276571273804 0.44721269607543945 0
vn 0 0 1
vn 0 0 1
vn 0 0 1
vn -0.8944276571273804 0.44721269607543945 0
vn -0.8944276571273804 0.44721269607543945 0
vn -0.8944276571273804 0.44721269607543945 0
vn 0.8944276571273804 0.44721269607543945 0
vn -0.8944276571273804 0.44721269607543945 0
vn 1 0 0
vn 1 0 0
vn 1 0 0
vn 0 0.44721269607543945 0.8944276571273804
vn 0 0.44721269607543945 0.8944276571273804
vn 0 0.44721269607543945 0.8944276571273804
vn 0 0.44721269607543945 -0.8944276571273804
vn 0 0.44721269607543945 -0.8944276571273804
vn 0 0.44721269607543945 -0.8944276571273804
vn 0 0.44721269607543945 -0.8944276571273804
vn -1 0 0
vn -1 0 0
vn -1 0 0
vn 0 0.44721269607543945 0.8944276571273804
vn 1 0 0
vn 1 0 0
vn 1 0 0
vn 0 0.44721269607543945 0.8944276571273804
vn 0 0.44721269607543945 0.8944276571273804
vn 0 0.44721269607543945 0.8944276571273804
vn 0 0.44721269607543945 -0.8944276571273804
vn 0 0.44721269607543945 -0.8944276571273804
vn 0 0.44721269607543945 -0.8944276571273804
vn 0 0.44721269607543945 -0.8944276571273804
vn -1 0 0
vn -1 0 0
vn -1 0 0
vn 0 0.44721269607543945 0.8944276571273804
vn 0 -1 0
vn 0 -1 0
vn 0 -1 0
vn 0 0 -1
vn 0 0 -1
vn 0 0 -1
vn 0 -1 0
vn 0.8944266438484192 0.44721463322639465 6.386351287801517e-7
vn 0.8944231271743774 0.44722169637680054 0
vn 0.8944270610809326 0.44721388816833496 6.386351287801517e-7
vn 0 0 -1
vn 0 0 -1
vn 0.8944281339645386 0.4472116529941559 6.386351287801517e-7
vn -0.8944276571273804 0.44721269607543945 0
vn -0.8944276571273804 0.44721269607543945 0
vn -0.8944276571273804 0.44721269607543945 0
vn 0.8944276571273804 0.44721269607543945 0
vn 0 0 1
vn 0 0 1
vn 0 0 1
vn 0.8944265246391296 0.4472149610519409 0
vn -0.8944276571273804 0.44721269607543945 0
vn 0 0 -1
vn 0 0 -1
vn 0 0 -1
vn 0.8944276571273804 0.44721269607543945 0
vn 0.8944276571273804 0.44721269607543945 0
vn 0.8944276571273804 0.44721269607543945 0
vn -0.8944276571273804 0.44721269607543945 0
vn -0.8944276571273804 0.44721269607543945 0
vn -0.8944276571273804 0.44721269607543945 0
vn 0 0 1
vn 0 0 1
vn 0 0 1
vn -0.8944276571273804 0.44721269607543945 0
vn 0.8944276571273804 0.44721269607543945 0
vn 1 0 0
vn 1 0 0
vn 1 0 0
vn 0 0.44721269607543945 0.8944276571273804
vn 0 0.44721269607543945 0.8944276571273804
vn 0 0.44721269607543945 0.8944276571273804
vn 0 0.44721269607543945 -0.8944276571273804
vn 0 0.44721269607543945 -0.8944276571273804
vn 0 0.44721269607543945 -0.8944276571273804
vn 0 0.44721269607543945 -0.8944276571273804
vn 0 0.44721269607543945 0.8944276571273804
vn -1 0 0
vn -1 0 0
vn -1 0 0
vn 1 0 0
vn 1 0 0
vn 1 0 0
vn 0 0.44721269607543945 0.8944276571273804
vn 0 0.44721269607543945 0.8944276571273804
vn 0 0.44721269607543945 0.8944276571273804
vn 0 0.44721269607543945 -0.8944276571273804
vn 0 0.44721269607543945 -0.8944276571273804
vn 0 0.44721269607543945 -0.8944276571273804
vn 0 0.44721269607543945 -0.8944276571273804
vn 0 0.44721269607543945 0.8944276571273804
vn -1 0 0
vn -1 0 0
vn -1 0 0
vn 0 -1 0
vn 0 -1 0
vn 0 -1 0
vn 0 0 -1
vn 0 0 -1
vn 0 0 -1
vn 0 -1 0
vn 0.8944274187088013 0.44721317291259766 1.5397888830648299e-7
vn 0.8944265246391296 0.44721487164497375 0
vn 0.894427478313446 0.4472130239009857 1.5397888830648299e-7
vn 0 0 -1
vn 0 0 -1
vn 0.8944277763366699 0.44721245765686035 1.5397888830648299e-7
vn 0.8944276571273804 0.44721269607543945 0
vn -0.8944276571273804 0.44721269607543945 0
vn -0.8944276571273804 0.44721269607543945 0
vn -0.8944276571273804 0.44721269607543945 0
vn 0 0 1
vn 0 0 1
vn 0 0 1
vn 0.8944273591041565 0.4472132623195648 0
vn -0.8944276571273804 0.44721269607543945 0
vn 0 0 -1
vn 0 0 -1
vn 0 0 -1
vn 0.8944276571273804 0.44721269607543945 0
vn 0.8944276571273804 0.44721269607543945 0
vn 0.8944276571273804 0.44721269607543945 0
vn -0.8944276571273804 0.44721269607543945 0
vn -0.8944276571273804 0.44721269607543945 0
vn -0.8944276571273804 0.44721269607543945 0
vn 0 0 1
vn 0 0 1
vn 0 0 1
vn -0.8944276571273804 0.44721269607543945 0
vn 0.8944276571273804 0.44721269607543945 0
vn 1 0 0
vn 1 0 0
vn 1 0 0
vn 0 0.44721269607543945 0.8944276571273804
vn 0 0.44721269607543945 0.8944276571273804
vn 0 0.44721269607543945 0.8944276571273804
vn 0 0.44721269607543945 -0.8944276571273804
vn 0 0.44721269607543945 -0.8944276571273804
vn 0 0.44721269607543945 -0.8944276571273804
vn -1 0 0
vn -1 0 0
vn -1 0 0
vn 0 0.44721269607543945 -0.8944276571273804
vn 0 0.44721269607543945 0.8944276571273804
vn 1 0 0
vn 1 0 0
vn 1 0 0
vn 0 0.44721269607543945 0.8944276571273804
vn 0 0.44721269607543945 0.8944276571273804
vn 0 0.44721269607543945 0.8944276571273804
vn 0 0.44721269607543945 -0.8944276571273804
vn 0 0.44721269607543945 -0.8944276571273804
vn 0 0.44721269607543945 -0.8944276571273804
vn -1 0 0
vn -1 0 0
vn -1 0 0
vn 0 0.44721269607543945 -0.8944276571273804
vn 0 0.44721269607543945 0.8944276571273804
vn 0 -1 0
vn 0 -1 0
vn 0 -1 0
vn 0 0 -1
vn 0 0 -1
vn 0 0 -1
vn 0 -1 0
vn 0.8944274187088013 0.44721317291259766 1.5397888830648299e-7
vn 0.8944265246391296 0.44721487164497375 0
vn 0.894427478313446 0.4472130239009857 1.5397888830648299e-7
vn 0 0 -1
vn 0 0 -1
vn 0.8944277763366699 0.44721245765686035 1.5397888830648299e-7
vn 0.8944276571273804 0.44721269607543945 0
vn -0.8944276571273804 0.44721269607543945 0
vn -0.8944276571273804 0.44721269607543945 0
vn -0.8944276571273804 0.44721269607543945 0
vn 0 0 1
vn 0 0 1
vn 0 0 1
vn 0.8944273591041565 0.4472132623195648 0
vn -0.8944276571273804 0.44721269607543945 0
vn 0 0 -1
vn 0 0 -1
vn 0 0 -1
vn 0.8944276571273804 0.44721269607543945 0
vn 0.8944276571273804 0.44721269607543945 0
vn 0.8944276571273804 0.44721269607543945 0
vn 0 0 1
vn 0 0 1
vn 0 0 1
vn -0.8944276571273804 0.44721269607543945 0
vn -0.8944276571273804 0.44721269607543945 0
vn -0.8944276571273804 0.44721269607543945 0
vn -0.8944276571273804 0.44721269607543945 0
vn 0.8944276571273804 0.44721269607543945 0
vn 1 0 0
vn 1 0 0
vn 1 0 0
vn 0 0.44721269607543945 0.8944276571273804
vn 0 0.44721269607543945 0.8944276571273804
vn 0 0.44721269607543945 0.8944276571273804
vn 0 0.44721269607543945 -0.8944276571273804
vn 0 0.44721269607543945 -0.8944276571273804
vn 0 0.44721269607543945 -0.8944276571273804
vn 0 0.44721269607543945 -0.8944276571273804
vn 0 0.44721269607543945 0.8944276571273804
vn -1 0 0
vn -1 0 0
vn -1 0 0
vn 1 0 0
vn 1 0 0
vn 1 0 0
vn 0 0.44721269607543945 0.8944276571273804
vn 0 0.44721269607543945 0.8944276571273804
vn 0 0.44721269607543945 0.8944276571273804
vn 0 0.44721269607543945 -0.8944276571273804
vn 0 0.44721269607543945 -0.8944276571273804
vn 0 0.44721269607543945 -0.8944276571273804
vn 0 0.44721269607543945 -0.8944276571273804
vn 0 0.44721269607543945 0.8944276571273804
vn -1 0 0
vn -1 0 0
vn -1 0 0
vn 0 -1 0
vn 0 -1 0
vn 0 -1 0
vn 0 0 -1
vn 0 0 -1
vn 0 0 -1
vn 0 -1 0
vn 0.8944274187088013 0.44721317291259766 1.5397888830648299e-7
vn 0.8944265246391296 0.44721487164497375 0
vn 0.894427478313446 0.4472130239009857 1.5397888830648299e-7
vn 0 0 -1
vn 0 0 -1
vn 0.8944277763366699 0.44721245765686035 1.5397888830648299e-7
vn 0.8944276571273804 0.44721269607543945 0
vn -0.8944276571273804 0.44721269607543945 0
vn -0.8944276571273804 0.44721269607543945 0
vn -0.8944276571273804 0.44721269607543945 0
vn 0 0 1
vn 0 0 1
vn 0 0 1
vn 0.8944273591041565 0.4472132623195648 0
vn -0.8944276571273804 0.44721269607543945 0
vn 0 0 -1
vn 0 0 -1
vn 0 0 -1
vn 0.8944276571273804 0.44721269607543945 0
vn 0.8944276571273804 0.44721269607543945 0
vn 0.8944276571273804 0.44721269607543945 0
vn -0.8944276571273804 0.44721269607543945 0
vn -0.8944276571273804 0.44721269607543945 0
vn -0.8944276571273804 0.44721269607543945 0
vn 0 0 1
vn 0 0 1
vn 0 0 1
vn -0.8944276571273804 0.44721269607543945 0
vn 0.8944276571273804 0.44721269607543945 0
vn 1 0 0
vn 1 0 0
vn 1 0 0
vn 0 0.44721269607543945 0.8944276571273804
vn 0 0.44721269607543945 0.8944276571273804
vn 0 0.44721269607543945 0.8944276571273804
vn 0 0.44721269607543945 -0.8944276571273804
vn 0 0.44721269607543945 -0.8944276571273804
vn 0 0.44721269607543945 -0.8944276571273804
vn -1 0 0
vn -1 0 0
vn -1 0 0
vn 0 0.44721269607543945 -0.8944276571273804
vn 0 0.44721269607543945 0.8944276571273804
vn 1 0 0
vn 1 0 0
vn 1 0 0
vn 0 0.44721269607543945 0.8944276571273804
vn 0 0.44721269607543945 0.8944276571273804
vn 0 0.44721269607543945 0.8944276571273804
vn 0 0.44721269607543945 -0.8944276571273804
vn 0 0.44721269607543945 -0.8944276571273804
vn 0 0.44721269607543945 -0.8944276571273804
vn -1 0 0
vn -1 0 0
vn -1 0 0
vn 0 0.44721269607543945 -0.8944276571273804
vn 0 0.44721269607543945 0.8944276571273804
vn 0 -1 0
vn 0 -1 0
vn 0 -1 0
vn 0 0 -1
vn 0 0 -1
vn 0 0 -1
vn 0 -1 0
vn 0.8944274187088013 0.44721317291259766 1.5397888830648299e-7
vn 0.8944265246391296 0.44721487164497375 0
vn 0.894427478313446 0.4472130239009857 1.5397888830648299e-7
vn 0 0 -1
vn 0 0 -1
vn 0.8944277763366699 0.44721245765686035 1.5397888830648299e-7
vn 0.8944276571273804 0.44721269607543945 0
vn 0 0 1
vn 0 0 1
vn 0 0 1
vn 0.8944273591041565 0.4472132623195648 0
vn -0.8944276571273804 0.44721269607543945 0
vn -0.8944276571273804 0.44721269607543945 0
vn -0.8944276571273804 0.44721269607543945 0
vn -0.8944276571273804 0.44721269607543945 0
vn 0 0 -1
vn 0 0 -1
vn 0 0 -1
vn 0.8944276571273804 0.44721269607543945 0
vn 0.8944276571273804 0.44721269607543945 0
vn 0.8944276571273804 0.44721269607543945 0
vn -0.8944265246391296 0.4472149908542633 0
vn -0.8944265246391296 0.4472149908542633 0
vn -0.8944265246391296 0.4472149908542633 0
vn 0 0 1
vn 0 0 1
vn 0 0 1
vn -0.8944265246391296 0.4472149908542633 0
vn 0.8944276571273804 0.44721269607543945 0
vn 1 0 0
vn 1 0 0
vn 1 0 0
vn 0 0.44721269607543945 0.8944276571273804
vn 0 0.44721269607543945 0.8944276571273804
vn 0 0.44721269607543945 0.8944276571273804
vn 0 0.44721269607543945 -0.8944276571273804
vn 0 0.44721269607543945 -0.8944276571273804
vn 0 0.44721269607543945 -0.8944276571273804
vn 0 0.44721269607543945 -0.8944276571273804
vn 0 0.44721269607543945 0.8944276571273804
vn -1 0 0
vn -1 0 0
vn -1 0 0
vn 0 0.44721269607543945 -0.8944276571273804
vn 0 0.44721269607543945 -0.8944276571273804
vn 0 0.44721269607543945 -0.8944276571273804
vn 1 0 0
vn 1 0 0
vn 1 0 0
vn 0 0.44721269607543945 0.8944276571273804
vn 0 0.44721269607543945 0.8944276571273804
vn 0 0.44721269607543945 0.8944276571273804
vn 0 0.44721269607543945 -0.8944276571273804
vn 0 0.44721269607543945 0.8944276571273804
vn -1 0 0
vn -1 0 0
vn -1 0 0
vn 0 -1 0
vn 0 -1 0
vn 0 -1 0
vn 0 -1 0
vn 0 0 -1
vn 0 0 -1
vn 0 0 -1
vn 0.8944266438484192 0.44721463322639465 6.386364930222044e-7
vn 0.8944231271743774 0.44722169637680054 0
vn 0.8944270610809326 0.44721388816833496 6.386364930222044e-7
vn 0 0 -1
vn 0.8944281339645386 0.4472116529941559 6.386364930222044e-7
vn 0 0 -1
vn 0.8944265246391296 0.4472149610519409 0
vn -0.8944276571273804 0.44721269607543945 0
vn -0.8944276571273804 0.44721269607543945 0
vn -0.8944276571273804 0.44721269607543945 0
vn -0.8944276571273804 0.44721269607543945 0
vn 0.8944276571273804 0.44721269607543945 0
vn 0 0 1
vn 0 0 1
vn 0 0 1
vn 0 0 -1
vn 0 0 -1
vn 0 0 -1
vn 0.8944276571273804 0.44721269607543945 0
vn 0.8944276571273804 0.44721269607543945 0
vn 0.8944276571273804 0.44721269607543945 0
vn -0.8944276571273804 0.44721269607543945 0
vn -0.8944276571273804 0.44721269607543945 0
vn -0.8944276571273804 0.44721269607543945 0
vn -0.8944276571273804 0.44721269607543945 0
vn 0 0 1
vn 0 0 1
vn 0 0 1
vn 0.8944276571273804 0.44721269607543945 0
vn 1 0 0
vn 1 0 0
vn 1 0 0
vn 0 0.44721269607543945 0.8944276571273804
vn 0 0.44721269607543945 0.8944276571273804
vn 0 0.44721269607543945 0.8944276571273804
vn 0 0.44721269607543945 -0.8944276571273804
vn 0 0.44721269607543945 -0.8944276571273804
vn 0 0.44721269607543945 -0.8944276571273804
vn -1 0 0
vn -1 0 0
vn -1 0 0
vn 0 0.44721269607543945 -0.8944276571273804
vn 0 0.44721269607543945 0.8944276571273804
vn 1 0 0
vn 1 0 0
vn 1 0 0
vn 0 0.44721269607543945 -0.8944276571273804
vn 0 0.44721269607543945 -0.8944276571273804
vn 0 0.44721269607543945 -0.8944276571273804
vn 0 0.44721269607543945 0.8944276571273804
vn 0 0.44721269607543945 0.8944276571273804
vn 0 0.44721269607543945 0.8944276571273804
vn -1 0 0
vn -1 0 0
vn -1 0 0
vn 0 0.44721269607543945 -0.8944276571273804
vn 0 0.44721269607543945 0.8944276571273804
vn 0 -1 0
vn 0 -1 0
vn 0 -1 0
vn 0 -1 0
vn 0 0 -1
vn 0 0 -1
vn 0 0 -1
vn 0.8944266438484192 0.44721463322639465 6.386364930222044e-7
vn 0.8944231271743774 0.44722169637680054 0
vn 0.8944270610809326 0.44721388816833496 6.386364930222044e-7
vn 0 0 -1
vn 0.8944281339645386 0.4472116529941559 6.386364930222044e-7
vn 0 0 -1
vn 0.8944265246391296 0.4472149610519409 0
vn -0.8944276571273804 0.44721269607543945 0
vn -0.8944276571273804 0.44721269607543945 0
vn -0.8944276571273804 0.44721269607543945 0
vn -0.8944276571273804 0.44721269607543945 0
vn 0.8944276571273804 0.44721269607543945 0
vn 0 0 1
vn 0 0 1
vn 0 0 1
vn 0 0 -1
vn 0 0 -1
vn 0 0 -1
vn 0.8944276571273804 0.44721269607543945 0
vn 0.8944276571273804 0.44721269607543945 0
vn 0.8944276571273804 0.44721269607543945 0
vn -0.8944276571273804 0.44721269607543945 0
vn -0.8944276571273804 0.44721269607543945 0
vn -0.8944276571273804 0.44721269607543945 0
vn -0.8944276571273804 0.44721269607543945 0
vn 0 0 1
vn 0 0 1
vn 0 0 1
vn 0.8944276571273804 0.44721269607543945 0
vn 1 0 0
vn 1 0 0
vn 1 0 0
vn 0 0.44721269607543945 0.8944276571273804
vn 0 0.44721269607543945 0.8944276571273804
vn 0 0.44721269607543945 0.8944276571273804
vn 0 0.44721269607543945 -0.8944276571273804
vn 0 0.44721269607543945 -0.8944276571273804
vn 0 0.44721269607543945 -0.8944276571273804
vn 0 0.44721269607543945 -0.8944276571273804
vn -1 0 0
vn -1 0 0
vn -1 0 0
vn 0 0.44721269607543945 0.8944276571273804
vn 1 0 0
vn 1 0 0
vn 1 0 0
vn 0 0.44721269607543945 0.8944276571273804
vn 0 0.44721269607543945 0.8944276571273804
vn 0 0.44721269607543945 0.8944276571273804
vn 0 0.44721269607543945 -0.8944276571273804
vn 0 0.44721269607543945 -0.8944276571273804
vn 0 0.44721269607543945 -0.8944276571273804
vn 0 0.44721269607543945 -0.8944276571273804
vn -1 0 0
vn -1 0 0
vn -1 0 0
vn 0 0.44721269607543945 0.8944276571273804
vn 0 -1 0
vn 0 -1 0
vn 0 -1 0
vn 0 -1 0
vn 0 0 -1
vn 0 0 -1
vn 0 0 -1
vn 0.8944266438484192 0.44721463322639465 6.386364930222044e-7
vn 0.8944231271743774 0.44722169637680054 0
vn 0.8944270610809326 0.44721388816833496 6.386364930222044e-7
vn 0 0 -1
vn 0.8944281339645386 0.4472116529941559 6.386364930222044e-7
vn 0 0 -1
vn 0.8944265246391296 0.4472149610519409 0
vn -0.8944276571273804 0.44721269607543945 0
vn -0.8944276571273804 0.44721269607543945 0
vn -0.8944276571273804 0.44721269607543945 0
vn 0.8944276571273804 0.44721269607543945 0
vn -0.8944276571273804 0.44721269607543945 0
vn 0 0 1
vn 0 0 1
vn 0 0 1
vn 0 0 -1
vn 0 0 -1
vn 0 0 -1
vn 0.8944276571273804 0.44721269607543945 0
vn 0.8944276571273804 0.44721269607543945 0
vn 0.8944276571273804 0.44721269607543945 0
vn -0.8944276571273804 0.44721269607543945 0
vn -0.8944276571273804 0.44721269607543945 0
vn -0.8944276571273804 0.44721269607543945 0
vn -0.8944276571273804 0.44721269607543945 0
vn 0 0 1
vn 0 0 1
vn 0 0 1
vn 0.8944276571273804 0.44721269607543945 0
vn 1 0 0
vn 1 0 0
vn 1 0 0
vn 0 0.44721269607543945 0.8944276571273804
vn 0 0.44721269607543945 0.8944276571273804
vn 0 0.44721269607543945 0.8944276571273804
vn 0 0.44721269607543945 -0.8944276571273804
vn 0 0.44721269607543945 -0.8944276571273804
vn 0 0.44721269607543945 -0.8944276571273804
vn -1 0 0
vn -1 0 0
vn -1 0 0
vn 0 0.44721269607543945 -0.8944276571273804
vn 0 0.44721269607543945 0.8944276571273804
vn 0 0.44721269607543945 -0.8944276571273804
vn 0 0.44721269607543945 -0.8944276571273804
vn 0 0.44721269607543945 -0.8944276571273804
vn 1 0 0
vn 1 0 0
vn 1 0 0
vn 0 0.44721269607543945 0.8944276571273804
vn 0 0.44721269607543945 0.8944276571273804
vn 0 0.44721269607543945 0.8944276571273804
vn -1 0 0
vn -1 0 0
vn -1 0 0
vn 0 0.44721269607543945 -0.8944276571273804
vn 0 0.44721269607543945 0.8944276571273804
vn 0 -1 0
vn 0 -1 0
vn 0 -1 0
vn 0 -1 0
vn 0 0 -1
vn 0 0 -1
vn 0 0 -1
vn 0.8944266438484192 0.44721463322639465 6.386364930222044e-7
vn 0.8944231271743774 0.44722169637680054 0
vn 0.8944270610809326 0.44721388816833496 6.386364930222044e-7
vn 0 0 -1
vn 0.8944281339645386 0.4472116529941559 6.386364930222044e-7
vn 0 0 -1
vn 0.8944265246391296 0.4472149610519409 0
vn -0.8944276571273804 0.44721269607543945 0
vn -0.8944276571273804 0.44721269607543945 0
vn -0.8944276571273804 0.44721269607543945 0
vn -0.8944276571273804 0.44721269607543945 0
vn 0.8944276571273804 0.44721269607543945 0
vn 0 0 1
vn 0 0 1
vn 0 0 1
vn 0 0 -1
vn 0 0 -1
vn 0 0 -1
vn 0.8944276571273804 0.44721269607543945 0
vn 0.8944276571273804 0.44721269607543945 0
vn 0.8944276571273804 0.44721269607543945 0
vn -0.8944276571273804 0.44721269607543945 0
vn -0.8944276571273804 0.44721269607543945 0
vn -0.8944276571273804 0.44721269607543945 0
vn 0 0 1
vn 0 0 1
vn 0 0 1
vn 0.8944276571273804 0.44721269607543945 0
vn -0.8944276571273804 0.44721269607543945 0
vn 1 0 0
vn 1 0 0
vn 1 0 0
vn 0 0.44721269607543945 0.8944276571273804
vn 0 0.44721269607543945 0.8944276571273804
vn 0 0.44721269607543945 0.8944276571273804
vn 0 0.44721269607543945 -0.8944276571273804
vn 0 0.44721269607543945 -0.8944276571273804
vn 0 0.44721269607543945 -0.8944276571273804
vn 0 0.44721269607543945 -0.8944276571273804
vn -1 0 0
vn -1 0 0
vn -1 0 0
vn 0 0.44721269607543945 0.8944276571273804
vn 1 0 0
vn 1 0 0
vn 1 0 0
vn 0 0.44721269607543945 0.8944276571273804
vn 0 0.44721269607543945 0.8944276571273804
vn 0 0.44721269607543945 0.8944276571273804
vn 0 0.44721269607543945 -0.8944276571273804
vn 0 0.44721269607543945 -0.8944276571273804
vn 0 0.44721269607543945 -0.8944276571273804
vn 0 0.44721269607543945 -0.8944276571273804
vn -1 0 0
vn -1 0 0
vn -1 0 0
vn 0 0.44721269607543945 0.8944276571273804
vn 0 -1 0
vn 0 -1 0
vn 0 -1 0
vn 0 -1 0
vn 0 0 -1
vn 0 0 -1
vn 0 0 -1
vn 0.8944266438484192 0.44721463322639465 6.386364930222044e-7
vn 0.8944231271743774 0.44722169637680054 0
vn 0.8944270610809326 0.44721388816833496 6.386364930222044e-7
vn 0 0 -1
vn 0.8944281339645386 0.4472116529941559 6.386364930222044e-7
vn 0 0 -1
vn 0.8944265246391296 0.4472149610519409 0
vn -0.8944276571273804 0.44721269607543945 0
vn -0.8944276571273804 0.44721269607543945 0
vn -0.8944276571273804 0.44721269607543945 0
vn -0.8944276571273804 0.44721269607543945 0
vn 0.8944276571273804 0.44721269607543945 0
vn 0 0 1
vn 0 0 1
vn 0 0 1
vn 0.8944276571273804 0.44721269607543945 0
vn 0.8944276571273804 0.44721269607543945 0
vn 0.8944276571273804 0.44721269607543945 0
vn 0 0 -1
vn 0 0 -1
vn 0 0 -1
vn -0.8944276571273804 0.44721269607543945 0
vn -0.8944276571273804 0.44721269607543945 0
vn -0.8944276571273804 0.44721269607543945 0
vn -0.8944276571273804 0.44721269607543945 0
vn 0 0 1
vn 0 0 1
vn 0 0 1
vn 0.8944276571273804 0.44721269607543945 0
vn 1 0 0
vn 1 0 0
vn 1 0 0
vn 0 0.44721269607543945 0.8944276571273804
vn 0 0.44721269607543945 0.8944276571273804
vn 0 0.44721269607543945 0.8944276571273804
vn 0 0.44721269607543945 -0.8944276571273804
vn 0 0.44721269607543945 -0.8944276571273804
vn 0 0.44721269607543945 -0.8944276571273804
vn 0 0.44721269607543945 -0.8944276571273804
vn 0 0.44721269607543945 0.8944276571273804
vn -1 0 0
vn -1 0 0
vn -1 0 0
vn 0 0.44721269607543945 -0.8944276571273804
vn 0 0.44721269607543945 -0.8944276571273804
vn 0 0.44721269607543945 -0.8944276571273804
vn 1 0 0
vn 1 0 0
vn 1 0 0
vn 0 0.44721269607543945 0.8944276571273804
vn 0 0.44721269607543945 0.8944276571273804
vn 0 0.44721269607543945 0.8944276571273804
vn 0 0.44721269607543945 -0.8944276571273804
vn 0 0.44721269607543945 0.8944276571273804
vn -1 0 0
vn -1 0 0
vn -1 0 0
vn 0 -1 0
vn 0 -1 0
vn 0 -1 0
vn 0 -1 0
vn 0 0 -1
vn 0 0 -1
vn 0 0 -1
vn 0.8944274187088013 0.44721317291259766 1.5397921515614144e-7
vn 0.8944265246391296 0.44721487164497375 0
vn 0.894427478313446 0.4472130239009857 1.5397921515614144e-7
vn 0 0 -1
vn 0.8944277763366699 0.44721245765686035 1.5397921515614144e-7
vn 0 0 -1
vn 0.8944273591041565 0.4472132623195648 0
vn -0.8944276571273804 0.44721269607543945 0
vn -0.8944276571273804 0.44721269607543945 0
vn -0.8944276571273804 0.44721269607543945 0
vn -0.8944276571273804 0.44721269607543945 0
vn 0.8944276571273804 0.44721269607543945 0
vn 0 0 1
vn 0 0 1
vn 0 0 1
vn 0 0 -1
vn 0 0 -1
vn 0 0 -1
vn 0.8944276571273804 0.44721269607543945 0
vn 0.8944276571273804 0.44721269607543945 0
vn 0.8944276571273804 0.44721269607543945 0
vn -0.8944276571273804 0.44721269607543945 0
vn -0.8944276571273804 0.44721269607543945 0
vn -0.8944276571273804 0.44721269607543945 0
vn -0.8944276571273804 0.44721269607543945 0
vn 0 0 1
vn 0 0 1
vn 0 0 1
vn 0.8944276571273804 0.44721269607543945 0
vn 1 0 0
vn 1 0 0
vn 1 0 0
vn 0 0.44721269607543945 0.8944276571273804
vn 0 0.44721269607543945 0.8944276571273804
vn 0 0.44721269607543945 0.8944276571273804
vn 0 0.44721269607543945 -0.8944276571273804
vn 0 0.44721269607543945 -0.8944276571273804
vn 0 0.44721269607543945 -0.8944276571273804
vn -1 0 0
vn -1 0 0
vn -1 0 0
vn 0 0.44721269607543945 -0.8944276571273804
vn 0 0.44721269607543945 0.8944276571273804
vn 1 0 0
vn 1 0 0
vn 1 0 0
vn 0 0.44721269607543945 -0.8944276571273804
vn 0 0.44721269607543945 -0.8944276571273804
vn 0 0.44721269607543945 -0.8944276571273804
vn 0 0.44721269607543945 0.8944276571273804
vn 0 0.44721269607543945 0.8944276571273804
vn 0 0.44721269607543945 0.8944276571273804
vn -1 0 0
vn -1 0 0
vn -1 0 0
vn 0 0.44721269607543945 -0.8944276571273804
vn 0 0.44721269607543945 0.8944276571273804
vn 0 -1 0
vn 0 -1 0
vn 0 -1 0
vn 0 -1 0
vn 0 0 -1
vn 0 0 -1
vn 0 0 -1
vn 0.8944274187088013 0.44721317291259766 1.5397921515614144e-7
vn 0.8944265246391296 0.44721487164497375 0
vn 0.894427478313446 0.4472130239009857 1.5397921515614144e-7
vn 0 0 -1
vn 0.8944277763366699 0.44721245765686035 1.5397921515614144e-7
vn 0 0 -1
vn 0.8944273591041565 0.4472132623195648 0
vn -0.8944276571273804 0.44721269607543945 0
vn -0.8944276571273804 0.44721269607543945 0
vn -0.8944276571273804 0.44721269607543945 0
vn -0.8944276571273804 0.44721269607543945 0
vn 0.8944276571273804 0.44721269607543945 0
vn 0 0 1
vn 0 0 1
vn 0 0 1
vn 0 0 -1
vn 0 0 -1
vn 0 0 -1
vn 0.8944276571273804 0.44721269607543945 0
vn 0.8944276571273804 0.44721269607543945 0
vn 0.8944276571273804 0.44721269607543945 0
vn -0.8944276571273804 0.44721269607543945 0
vn -0.8944276571273804 0.44721269607543945 0
vn -0.8944276571273804 0.44721269607543945 0
vn -0.8944276571273804 0.44721269607543945 0
vn 0 0 1
vn 0 0 1
vn 0 0 1
vn 0.8944276571273804 0.44721269607543945 0
vn 1 0 0
vn 1 0 0
vn 1 0 0
vn 0 0.44721269607543945 0.8944276571273804
vn 0 0.44721269607543945 0.8944276571273804
vn 0 0.44721269607543945 0.8944276571273804
vn 0 0.44721269607543945 -0.8944276571273804
vn 0 0.44721269607543945 -0.8944276571273804
vn 0 0.44721269607543945 -0.8944276571273804
vn 0 0.44721269607543945 -0.8944276571273804
vn 0 0.44721269607543945 0.8944276571273804
vn -1 0 0
vn -1 0 0
vn -1 0 0
vn 0 0.44721269607543945 -0.8944276571273804
vn 0 0.44721269607543945 -0.8944276571273804
vn 0 0.44721269607543945 -0.8944276571273804
vn 1 0 0
vn 1 0 0
vn 1 0 0
vn 0 0.44721269607543945 0.8944276571273804
vn 0 0.44721269607543945 0.8944276571273804
vn 0 0.44721269607543945 0.8944276571273804
vn 0 0.44721269607543945 -0.8944276571273804
vn 0 0.44721269607543945 0.8944276571273804
vn -1 0 0
vn -1 0 0
vn -1 0 0
vn 0 -1 0
vn 0 -1 0
vn 0 -1 0
vn 0 -1 0
vn 0 0 -1
vn 0 0 -1
vn 0 0 -1
vn 0.8944274187088013 0.44721317291259766 1.5397921515614144e-7
vn 0.8944265246391296 0.44721487164497375 0
vn 0.894427478313446 0.4472130239009857 1.5397921515614144e-7
vn 0 0 -1
vn 0.8944277763366699 0.44721245765686035 1.5397921515614144e-7
vn 0 0 -1
vn 0.8944273591041565 0.4472132623195648 0
vn -0.8944276571273804 0.44721269607543945 0
vn -0.8944276571273804 0.44721269607543945 0
vn -0.8944276571273804 0.44721269607543945 0
vn -0.8944276571273804 0.44721269607543945 0
vn 0.8944276571273804 0.44721269607543945 0
vn 0 0 1
vn 0 0 1
vn 0 0 1
vn 0 0 -1
vn 0 0 -1
vn 0 0 -1
vn 0.8944276571273804 0.44721269607543945 0
vn 0.8944276571273804 0.44721269607543945 0
vn 0.8944276571273804 0.44721269607543945 0
vn -0.8944276571273804 0.44721269607543945 0
vn -0.8944276571273804 0.44721269607543945 0
vn -0.8944276571273804 0.44721269607543945 0
vn -0.8944276571273804 0.44721269607543945 0
vn 0 0 1
vn 0 0 1
vn 0 0 1
vn 0.8944276571273804 0.44721269607543945 0
vn 1 0 0
vn 1 0 0
vn 1 0 0
vn 0 0.44721269607543945 0.8944276571273804
vn 0 0.44721269607543945 0.8944276571273804
vn 0 0.44721269607543945 0.8944276571273804
vn 0 0.44721269607543945 -0.8944276571273804
vn 0 0.44721269607543945 -0.8944276571273804
vn 0 0.44721269607543945 -0.8944276571273804
vn -1 0 0
vn -1 0 0
vn -1 0 0
vn 0 0.44721269607543945 -0.8944276571273804
vn 0 0.44721269607543945 0.8944276571273804
vn 0 0.44721269607543945 -0.8944276571273804
vn 0 0.44721269607543945 -0.8944276571273804
vn 0 0.44721269607543945 -0.8944276571273804
vn 1 0 0
vn 1 0 0
vn 1 0 0
vn 0 0.44721269607543945 0.8944276571273804
vn 0 0.44721269607543945 0.8944276571273804
vn 0 0.44721269607543945 0.8944276571273804
vn -1 0 0
vn -1 0 0
vn -1 0 0
vn 0 0.44721269607543945 -0.8944276571273804
vn 0 0.44721269607543945 0.8944276571273804
vn 0 -1 0
vn 0 -1 0
vn 0 -1 0
vn 0 -1 0
vn 0 0 -1
vn 0 0 -1
vn 0 0 -1
vn 0.8944274187088013 0.44721317291259766 1.5397921515614144e-7
vn 0.8944265246391296 0.44721487164497375 0
vn 0.894427478313446 0.4472130239009857 1.5397921515614144e-7
vn 0 0 -1
vn 0.8944277763366699 0.44721245765686035 1.5397921515614144e-7
vn 0.8944273591041565 0.4472132623195648 0
vn 0 0 -1
vn -0.8944276571273804 0.44721269607543945 0
vn -0.8944276571273804 0.44721269607543945 0
vn -0.8944276571273804 0.44721269607543945 0
vn 0.8944276571273804 0.44721269607543945 0
vn 0 0 1
vn 0 0 1
vn 0 0 1
vn -0.8944276571273804 0.44721269607543945 0
vn 0 0 -1
vn 0 0 -1
vn 0 0 -1
vn 0.8944276571273804 0.44721269607543945 0
vn 0.8944276571273804 0.44721269607543945 0
vn 0.8944276571273804 0.44721269607543945 0
vn -0.8944265246391296 0.4472149908542633 0
vn -0.8944265246391296 0.4472149908542633 0
vn -0.8944265246391296 0.4472149908542633 0
vn -0.8944265246391296 0.4472149908542633 0
vn 0 0 1
vn 0 0 1
vn 0 0 1
vn 0.8944276571273804 0.44721269607543945 0
vn 0 0.44721269607543945 -0.8944276571273804
vn 0 0.44721269607543945 -0.8944276571273804
vn 0 0.44721269607543945 -0.8944276571273804
vn 1 0 0
vn 1 0 0
vn 1 0 0
vn 0 0.44721269607543945 0.8944276571273804
vn 0 0.44721269607543945 0.8944276571273804
vn 0 0.44721269607543945 0.8944276571273804
vn 0 0.44721269607543945 -0.8944276571273804
vn 0 0.44721269607543945 0.8944276571273804
vn -1 0 0
vn -1 0 0
vn -1 0 0
vn 1 0 0
vn 1 0 0
vn 1 0 0
vn 0 0.44721269607543945 0.8944276571273804
vn 0 0.44721269607543945 0.8944276571273804
vn 0 0.44721269607543945 0.8944276571273804
vn 0 0.44721269607543945 -0.8944276571273804
vn 0 0.44721269607543945 -0.8944276571273804
vn 0 0.44721269607543945 -0.8944276571273804
vn 0 0.44721269607543945 -0.8944276571273804
vn 0 0.44721269607543945 0.8944276571273804
vn -1 0 0
vn -1 0 0
vn -1 0 0
vn 0 -1 0
vn 0 -1 0
vn 0 -1 0
vn 0 -1 0
vn 0 0 -1
vn 0 0 -1
vn 0 0 -1
vn 0.8944266438484192 0.44721463322639465 6.386364930222044e-7
vn 0.8944231271743774 0.44722169637680054 0
vn 0.8944270610809326 0.44721388816833496 6.386364930222044e-7
vn 0 0 -1
vn 0.8944281339645386 0.4472116529941559 6.386364930222044e-7
vn 0 0 -1
vn 0 0 -1
vn 0.8944265246391296 0.4472149610519409 0
vn -0.8944276571273804 0.44721269607543945 0
vn -0.8944276571273804 0.44721269607543945 0
vn -0.8944276571273804 0.44721269607543945 0
vn -0.8944276571273804 0.44721269607543945 0
vn 0.8944276571273804 0.44721269607543945 0
vn 0 0 1
vn 0 0 1
vn 0 0 1
vn 0 0 -1
vn 0 0 -1
vn 0 0 -1
vn 0.8944276571273804 0.44721269607543945 0
vn 0.8944276571273804 0.44721269607543945 0
vn 0.8944276571273804 0.44721269607543945 0
vn -0.8944276571273804 0.44721269607543945 0
vn -0.8944276571273804 0.44721269607543945 0
vn -0.8944276571273804 0.44721269607543945 0
vn -0.8944276571273804 0.44721269607543945 0
vn 0 0 1
vn 0 0 1
vn 0 0 1
vn 0.8944276571273804 0.44721269607543945 0
vn 1 0 0
vn 1 0 0
vn 1 0 0
vn 0 0.44721269607543945 -0.8944276571273804
vn 0 0.44721269607543945 -0.8944276571273804
vn 0 0.44721269607543945 -0.8944276571273804
vn 0 0.44721269607543945 0.8944276571273804
vn 0 0.44721269607543945 0.8944276571273804
vn 0 0.44721269607543945 0.8944276571273804
vn -1 0 0
vn -1 0 0
vn -1 0 0
vn 0 0.44721269607543945 -0.8944276571273804
vn 0 0.44721269607543945 0.8944276571273804
vn 1 0 0
vn 1 0 0
vn 1 0 0
vn 0 0.44721269607543945 0.8944276571273804
vn 0 0.44721269607543945 0.8944276571273804
vn 0 0.44721269607543945 0.8944276571273804
vn 0 0.44721269607543945 -0.8944276571273804
vn 0 0.44721269607543945 -0.8944276571273804
vn 0 0.44721269607543945 -0.8944276571273804
vn -1 0 0
vn -1 0 0
vn -1 0 0
vn 0 0.44721269607543945 -0.8944276571273804
vn 0 0.44721269607543945 0.8944276571273804
vn 0 -1 0
vn 0 -1 0
vn 0 -1 0
vn 0 -1 0
vn 0 0 -1
vn 0 0 -1
vn 0 0 -1
vn 0.8944266438484192 0.44721463322639465 6.386364930222044e-7
vn 0.8944231271743774 0.44722169637680054 0
vn 0.8944270610809326 0.44721388816833496 6.386364930222044e-7
vn 0 0 -1
vn 0.8944281339645386 0.4472116529941559 6.386364930222044e-7
vn 0 0 -1
vn 0.8944265246391296 0.4472149610519409 0
vn -0.8944276571273804 0.44721269607543945 0
vn -0.8944276571273804 0.44721269607543945 0
vn -0.8944276571273804 0.44721269607543945 0
vn -0.8944276571273804 0.44721269607543945 0
vn 0.8944276571273804 0.44721269607543945 0
vn 0 0 1
vn 0 0 1
vn 0 0 1
vn 0 0 -1
vn 0 0 -1
vn 0 0 -1
vn 0.8944276571273804 0.44721269607543945 0
vn 0.8944276571273804 0.44721269607543945 0
vn 0.8944276571273804 0.44721269607543945 0
vn -0.8944276571273804 0.44721269607543945 0
vn -0.8944276571273804 0.44721269607543945 0
vn -0.8944276571273804 0.44721269607543945 0
vn -0.8944276571273804 0.44721269607543945 0
vn 0 0 1
vn 0 0 1
vn 0 0 1
vn 0.8944276571273804 0.44721269607543945 0
vn 1 0 0
vn 1 0 0
vn 1 0 0
vn 0 0.44721269607543945 0.8944276571273804
vn 0 0.44721269607543945 0.8944276571273804
vn 0 0.44721269607543945 0.8944276571273804
vn 0 0.44721269607543945 -0.8944276571273804
vn 0 0.44721269607543945 -0.8944276571273804
vn 0 0.44721269607543945 -0.8944276571273804
vn 0 0.44721269607543945 -0.8944276571273804
vn -1 0 0
vn -1 0 0
vn -1 0 0
vn 0 0.44721269607543945 0.8944276571273804
vn 1 0 0
vn 1 0 0
vn 1 0 0
vn 0 0.44721269607543945 0.8944276571273804
vn 0 0.44721269607543945 0.8944276571273804
vn 0 0.44721269607543945 0.8944276571273804
vn 0 0.44721269607543945 -0.8944276571273804
vn 0 0.44721269607543945 -0.8944276571273804
vn 0 0.44721269607543945 -0.8944276571273804
vn 0 0.44721269607543945 -0.8944276571273804
vn -1 0 0
vn -1 0 0
vn -1 0 0
vn 0 0.44721269607543945 0.8944276571273804
vn 0 -1 0
vn 0 -1 0
vn 0 -1 0
vn 0 -1 0
vn 0 0 -1
vn 0 0 -1
vn 0 0 -1
vn 0.8944266438484192 0.44721463322639465 6.386364930222044e-7
vn 0.8944231271743774 0.44722169637680054 0
vn 0.8944270610809326 0.44721388816833496 6.386364930222044e-7
vn 0 0 -1
vn 0.8944281339645386 0.4472116529941559 6.386364930222044e-7
vn 0 0 -1
vn 0.8944265246391296 0.4472149610519409 0
vn -0.8944276571273804 0.44721269607543945 0
vn -0.8944276571273804 0.44721269607543945 0
vn -0.8944276571273804 0.44721269607543945 0
vn 0.8944276571273804 0.44721269607543945 0
vn -0.8944276571273804 0.44721269607543945 0
vn 0 0 1
vn 0 0 1
vn 0 0 1
vn 0 0 -1
vn 0 0 -1
vn 0 0 -1
vn 0.8944276571273804 0.44721269607543945 0
vn 0.8944276571273804 0.44721269607543945 0
vn 0.8944276571273804 0.44721269607543945 0
vn -0.8944276571273804 0.44721269607543945 0
vn -0.8944276571273804 0.44721269607543945 0
vn -0.8944276571273804 0.44721269607543945 0
vn -0.8944276571273804 0.44721269607543945 0
vn 0 0 1
vn 0 0 1
vn 0 0 1
vn 0.8944276571273804 0.44721269607543945 0
vn 0 0.44721269607543945 -0.8944276571273804
vn 0 0.44721269607543945 -0.8944276571273804
vn 0 0.44721269607543945 -0.8944276571273804
vn 1 0 0
vn 1 0 0
vn 1 0 0
vn 0 0.44721269607543945 0.8944276571273804
vn 0 0.44721269607543945 0.8944276571273804
vn 0 0.44721269607543945 0.8944276571273804
vn -1 0 0
vn -1 0 0
vn -1 0 0
vn 0 0.44721269607543945 -0.8944276571273804
vn 0 0.44721269607543945 0.8944276571273804
vn 1 0 0
vn 1 0 0
vn 1 0 0
vn 0 0.44721269607543945 0.8944276571273804
vn 0 0.44721269607543945 0.8944276571273804
vn 0 0.44721269607543945 0.8944276571273804
vn 0 0.44721269607543945 -0.8944276571273804
vn 0 0.44721269607543945 -0.8944276571273804
vn 0 0.44721269607543945 -0.8944276571273804
vn -1 0 0
vn -1 0 0
vn -1 0 0
vn 0 0.44721269607543945 -0.8944276571273804
vn 0 0.44721269607543945 0.8944276571273804
vn 0 -1 0
vn 0 -1 0
vn 0 -1 0
vn 0 -1 0
vn 0 0 -1
vn 0 0 -1
vn 0 0 -1
vn 0.8944266438484192 0.44721463322639465 6.386364930222044e-7
vn 0.8944231271743774 0.44722169637680054 0
vn 0.8944270610809326 0.44721388816833496 6.386364930222044e-7
vn 0 0 -1
vn 0.8944281339645386 0.4472116529941559 6.386364930222044e-7
vn 0 0 -1
vn 0.8944265246391296 0.4472149610519409 0
vn -0.8944276571273804 0.44721269607543945 0
vn -0.8944276571273804 0.44721269607543945 0
vn -0.8944276571273804 0.44721269607543945 0
vn -0.8944276571273804 0.44721269607543945 0
vn 0.8944276571273804 0.44721269607543945 0
vn 0 0 1
vn 0 0 1
vn 0 0 1
vn 0 0 -1
vn 0 0 -1
vn 0 0 -1
vn 0.8944276571273804 0.44721269607543945 0
vn 0.8944276571273804 0.44721269607543945 0
vn 0.8944276571273804 0.44721269607543945 0
vn -0.8944276571273804 0.44721269607543945 0
vn -0.8944276571273804 0.44721269607543945 0
vn -0.8944276571273804 0.44721269607543945 0
vn 0 0 1
vn 0 0 1
vn 0 0 1
vn 0.8944276571273804 0.44721269607543945 0
vn -0.8944276571273804 0.44721269607543945 0
vn 1 0 0
vn 1 0 0
vn 1 0 0
vn 0 0.44721269607543945 0.8944276571273804
vn 0 0.44721269607543945 0.8944276571273804
vn 0 0.44721269607543945 0.8944276571273804
vn 0 0.44721269607543945 -0.8944276571273804
vn 0 0.44721269607543945 -0.8944276571273804
vn 0 0.44721269607543945 -0.8944276571273804
vn 0 0.44721269607543945 -0.8944276571273804
vn -1 0 0
vn -1 0 0
vn -1 0 0
vn 0 0.44721269607543945 0.8944276571273804
vn 1 0 0
vn 1 0 0
vn 1 0 0
vn 0 0.44721269607543945 0.8944276571273804
vn 0 0.44721269607543945 0.8944276571273804
vn 0 0.44721269607543945 0.8944276571273804
vn 0 0.44721269607543945 -0.8944276571273804
vn 0 0.44721269607543945 -0.8944276571273804
vn 0 0.44721269607543945 -0.8944276571273804
vn 0 0.44721269607543945 -0.8944276571273804
vn -1 0 0
vn -1 0 0
vn -1 0 0
vn 0 0.44721269607543945 0.8944276571273804
vn 0 -1 0
vn 0 -1 0
vn 0 -1 0
vn 0 -1 0
vn 0 0 -1
vn 0 0 -1
vn 0 0 -1
vn 0.8944266438484192 0.44721463322639465 6.386364930222044e-7
vn 0.8944231271743774 0.44722169637680054 0
vn 0.8944270610809326 0.44721388816833496 6.386364930222044e-7
vn 0 0 -1
vn 0.8944281339645386 0.4472116529941559 6.386364930222044e-7
vn 0 0 -1
vn 0.8944265246391296 0.4472149610519409 0
vn -0.8944276571273804 0.44721269607543945 0
vn -0.8944276571273804 0.44721269607543945 0
vn -0.8944276571273804 0.44721269607543945 0
vn -0.8944276571273804 0.44721269607543945 0
vn 0.8944276571273804 0.44721269607543945 0
vn 0 0 1
vn 0 0 1
vn 0 0 1
vn 0.8944276571273804 0.44721269607543945 0
vn 0.8944276571273804 0.44721269607543945 0
vn 0.8944276571273804 0.44721269607543945 0
vn 0 0 -1
vn 0 0 -1
vn 0 0 -1
vn -0.8944276571273804 0.44721269607543945 0
vn -0.8944276571273804 0.44721269607543945 0
vn -0.8944276571273804 0.44721269607543945 0
vn -0.8944276571273804 0.44721269607543945 0
vn 0 0 1
vn 0 0 1
vn 0 0 1
vn 0.8944276571273804 0.44721269607543945 0
vn 0 0.44721269607543945 -0.8944276571273804
vn 0 0.44721269607543945 -0.8944276571273804
vn 0 0.44721269607543945 -0.8944276571273804
vn 1 0 0
vn 1 0 0
vn 1 0 0
vn 0 0.44721269607543945 0.8944276571273804
vn 0 0.44721269607543945 0.8944276571273804
vn 0 0.44721269607543945 0.8944276571273804
vn 0 0.44721269607543945 -0.8944276571273804
vn 0 0.44721269607543945 0.8944276571273804
vn -1 0 0
vn -1 0 0
vn -1 0 0
vn 1 0 0
vn 1 0 0
vn 1 0 0
vn 0 0.44721269607543945 0.8944276571273804
vn 0 0.44721269607543945 0.8944276571273804
vn 0 0.44721269607543945 0.8944276571273804
vn 0 0.44721269607543945 -0.8944276571273804
vn 0 0.44721269607543945 -0.8944276571273804
vn 0 0.44721269607543945 -0.8944276571273804
vn 0 0.44721269607543945 -0.8944276571273804
vn 0 0.44721269607543945 0.8944276571273804
vn -1 0 0
vn -1 0 0
vn -1 0 0
vn 0 -1 0
vn 0 -1 0
vn 0 -1 0
vn 0 -1 0
vn 0 0 -1
vn 0 0 -1
vn 0 0 -1
vn 0.8944274187088013 0.44721317291259766 1.5397921515614144e-7
vn 0.8944265246391296 0.44721487164497375 0
vn 0.894427478313446 0.4472130239009857 1.5397921515614144e-7
vn 0 0 -1
vn 0.8944277763366699 0.44721245765686035 1.5397921515614144e-7
vn 0 0 -1
vn 0.8944273591041565 0.4472132623195648 0
vn -0.8944276571273804 0.44721269607543945 0
vn -0.8944276571273804 0.44721269607543945 0
vn -0.8944276571273804 0.44721269607543945 0
vn 0.8944276571273804 0.44721269607543945 0
vn -0.8944276571273804 0.44721269607543945 0
vn 0 0 1
vn 0 0 1
vn 0 0 1
vn 0 0 -1
vn 0 0 -1
vn 0 0 -1
vn 0.8944276571273804 0.44721269607543945 0
vn 0.8944276571273804 0.44721269607543945 0
vn 0.8944276571273804 0.44721269607543945 0
vn -0.8944276571273804 0.44721269607543945 0
vn -0.8944276571273804 0.44721269607543945 0
vn -0.8944276571273804 0.44721269607543945 0
vn -0.8944276571273804 0.44721269607543945 0
vn 0 0 1
vn 0 0 1
vn 0 0 1
vn 0.8944276571273804 0.44721269607543945 0
vn 1 0 0
vn 1 0 0
vn 1 0 0
vn 0 0.44721269607543945 -0.8944276571273804
vn 0 0.44721269607543945 -0.8944276571273804
vn 0 0.44721269607543945 -0.8944276571273804
vn 0 0.44721269607543945 0.8944276571273804
vn 0 0.44721269607543945 0.8944276571273804
vn 0 0.44721269607543945 0.8944276571273804
vn -1 0 0
vn -1 0 0
vn -1 0 0
vn 0 0.44721269607543945 -0.8944276571273804
vn 0 0.44721269607543945 0.8944276571273804
vn 1 0 0
vn 1 0 0
vn 1 0 0
vn 0 0.44721269607543945 0.8944276571273804
vn 0 0.44721269607543945 0.8944276571273804
vn 0 0.44721269607543945 0.8944276571273804
vn 0 0.44721269607543945 -0.8944276571273804
vn 0 0.44721269607543945 -0.8944276571273804
vn 0 0.44721269607543945 -0.8944276571273804
vn -1 0 0
vn -1 0 0
vn -1 0 0
vn 0 0.44721269607543945 -0.8944276571273804
vn 0 0.44721269607543945 0.8944276571273804
vn 0 -1 0
vn 0 -1 0
vn 0 -1 0
vn 0 -1 0
vn 0 0 -1
vn 0 0 -1
vn 0 0 -1
vn 0.8944274187088013 0.44721317291259766 1.5397921515614144e-7
vn 0.8944265246391296 0.44721487164497375 0
vn 0.894427478313446 0.4472130239009857 1.5397921515614144e-7
vn 0 0 -1
vn 0.8944277763366699 0.44721245765686035 1.5397921515614144e-7
vn 0 0 -1
vn 0.8944273591041565 0.4472132623195648 0
vn -0.8944276571273804 0.44721269607543945 0
vn -0.8944276571273804 0.44721269607543945 0
vn -0.8944276571273804 0.44721269607543945 0
vn -0.8944276571273804 0.44721269607543945 0
vn 0.8944276571273804 0.44721269607543945 0
vn 0 0 1
vn 0 0 1
vn 0 0 1
vn 0 0 -1
vn 0 0 -1
vn 0 0 -1
vn 0.8944276571273804 0.44721269607543945 0
vn 0.8944276571273804 0.44721269607543945 0
vn 0.8944276571273804 0.44721269607543945 0
vn -0.8944276571273804 0.44721269607543945 0
vn -0.8944276571273804 0.44721269607543945 0
vn -0.8944276571273804 0.44721269607543945 0
vn -0.8944276571273804 0.44721269607543945 0
vn 0 0 1
vn 0 0 1
vn 0 0 1
vn 0.8944276571273804 0.44721269607543945 0
vn 0 0.44721269607543945 -0.8944276571273804
vn 0 0.44721269607543945 -0.8944276571273804
vn 0 0.44721269607543945 -0.8944276571273804
vn 1 0 0
vn 1 0 0
vn 1 0 0
vn 0 0.44721269607543945 0.8944276571273804
vn 0 0.44721269607543945 0.8944276571273804
vn 0 0.44721269607543945 0.8944276571273804
vn 0 0.44721269607543945 -0.8944276571273804
vn 0 0.44721269607543945 0.8944276571273804
vn -1 0 0
vn -1 0 0
vn -1 0 0
vn 1 0 0
vn 1 0 0
vn 1 0 0
vn 0 0.44721269607543945 0.8944276571273804
vn 0 0.44721269607543945 0.8944276571273804
vn 0 0.44721269607543945 0.8944276571273804
vn 0 0.44721269607543945 -0.8944276571273804
vn 0 0.44721269607543945 -0.8944276571273804
vn 0 0.44721269607543945 -0.8944276571273804
vn 0 0.44721269607543945 -0.8944276571273804
vn 0 0.44721269607543945 0.8944276571273804
vn -1 0 0
vn -1 0 0
vn -1 0 0
vn 0 -1 0
vn 0 -1 0
vn 0 -1 0
vn 0 -1 0
vn 0 0 -1
vn 0 0 -1
vn 0 0 -1
vn 0.8944274187088013 0.44721317291259766 1.5397921515614144e-7
vn 0.8944265246391296 0.44721487164497375 0
vn 0.894427478313446 0.4472130239009857 1.5397921515614144e-7
vn 0 0 -1
vn 0.8944277763366699 0.44721245765686035 1.5397921515614144e-7
vn 0 0 -1
vn 0.8944273591041565 0.4472132623195648 0
vn -0.8944276571273804 0.44721269607543945 0
vn -0.8944276571273804 0.44721269607543945 0
vn -0.8944276571273804 0.44721269607543945 0
vn -0.8944276571273804 0.44721269607543945 0
vn 0.8944276571273804 0.44721269607543945 0
vn 0 0 1
vn 0 0 1
vn 0 0 1
vn 0 0 -1
vn 0 0 -1
vn 0 0 -1
vn 0.8944276571273804 0.44721269607543945 0
vn 0.8944276571273804 0.44721269607543945 0
vn 0.8944276571273804 0.44721269607543945 0
vn -0.8944276571273804 0.44721269607543945 0
vn -0.8944276571273804 0.44721269607543945 0
vn -0.8944276571273804 0.44721269607543945 0
vn -0.8944276571273804 0.44721269607543945 0
vn 0 0 1
vn 0 0 1
vn 0 0 1
vn 0.8944276571273804 0.44721269607543945 0
vn 0 0.44721269607543945 -0.8944276571273804
vn 0 0.44721269607543945 -0.8944276571273804
vn 0 0.44721269607543945 -0.8944276571273804
vn 1 0 0
vn 1 0 0
vn 1 0 0
vn 0 0.44721269607543945 0.8944276571273804
vn 0 0.44721269607543945 0.8944276571273804
vn 0 0.44721269607543945 0.8944276571273804
vn -1 0 0
vn -1 0 0
vn -1 0 0
vn 0 0.44721269607543945 -0.8944276571273804
vn 0 0.44721269607543945 0.8944276571273804
vn 1 0 0
vn 1 0 0
vn 1 0 0
vn 0 0.44721269607543945 0.8944276571273804
vn 0 0.44721269607543945 0.8944276571273804
vn 0 0.44721269607543945 0.8944276571273804
vn 0 0.44721269607543945 -0.8944276571273804
vn 0 0.44721269607543945 -0.8944276571273804
vn 0 0.44721269607543945 -0.8944276571273804
vn -1 0 0
vn -1 0 0
vn -1 0 0
vn 0 0.44721269607543945 -0.8944276571273804
vn 0 0.44721269607543945 0.8944276571273804
vn 0 -1 0
vn 0 -1 0
vn 0 -1 0
vn 0 -1 0
vn 0 0 -1
vn 0 0 -1
vn 0 0 -1
vn 0.8944274187088013 0.44721317291259766 1.5397921515614144e-7
vn 0.8944265246391296 0.44721487164497375 0
vn 0.894427478313446 0.4472130239009857 1.5397921515614144e-7
vn 0 0 -1
vn 0.8944277763366699 0.44721245765686035 1.5397921515614144e-7
vn 0.8944273591041565 0.4472132623195648 0
vn 0 0 -1
vn -0.8944276571273804 0.44721269607543945 0
vn -0.8944276571273804 0.44721269607543945 0
vn -0.8944276571273804 0.44721269607543945 0
vn 0.8944276571273804 0.44721269607543945 0
vn 0 0 1
vn 0 0 1
vn 0 0 1
vn -0.8944276571273804 0.44721269607543945 0
vn 0 0 -1
vn 0 0 -1
vn 0 0 -1
vn 0.8944276571273804 0.44721269607543945 0
vn 0.8944276571273804 0.44721269607543945 0
vn 0.8944276571273804 0.44721269607543945 0
vn -0.8944265246391296 0.4472149908542633 0
vn -0.8944265246391296 0.4472149908542633 0
vn -0.8944265246391296 0.4472149908542633 0
vn -0.8944265246391296 0.4472149908542633 0
vn 0 0 1
vn 0 0 1
vn 0 0 1
vn 0.8944276571273804 0.44721269607543945 0
vn 1 0 0
vn 1 0 0
vn 1 0 0
vn 0 0.44721269607543945 0.8944276571273804
vn 0 0.44721269607543945 0.8944276571273804
vn 0 0.44721269607543945 0.8944276571273804
vn 0 0.44721269607543945 -0.8944276571273804
vn 0 0.44721269607543945 -0.8944276571273804
vn 0 0.44721269607543945 -0.8944276571273804
vn 0 0.44721269607543945 -0.8944276571273804
vn 0 0.44721269607543945 0.8944276571273804
vn -1 0 0
vn -1 0 0
vn -1 0 0
vn 1 0 0
vn 1 0 0
vn 1 0 0
vn 0 0.44721269607543945 0.8944276571273804
vn 0 0.44721269607543945 0.8944276571273804
vn 0 0.44721269607543945 0.8944276571273804
vn 0 0.44721269607543945 -0.8944276571273804
vn 0 0.44721269607543945 -0.8944276571273804
vn 0 0.44721269607543945 -0.8944276571273804
vn 0 0.44721269607543945 -0.8944276571273804
vn 0 0.44721269607543945 0.8944276571273804
vn -1 0 0
vn -1 0 0
vn -1 0 0
vn 0 -1 0
vn 0 -1 0
vn 0 -1 0
vn 0 -1 0
vn 0 0 -1
vn 0 0 -1
vn 0 0 -1
vn 0.8944266438484192 0.44721463322639465 6.38635810901178e-7
vn 0.8944231271743774 0.44722169637680054 0
vn 0.8944270610809326 0.44721388816833496 6.38635810901178e-7
vn 0 0 -1
vn 0.8944281339645386 0.4472116529941559 6.38635810901178e-7
vn 0 0 -1
vn -0.8944276571273804 0.44721269607543945 0
vn -0.8944276571273804 0.44721269607543945 0
vn -0.8944276571273804 0.44721269607543945 0
vn 0.8944265246391296 0.4472149610519409 0
vn -0.8944276571273804 0.44721269607543945 0
vn 0.8944276571273804 0.44721269607543945 0
vn 0 0 1
vn 0 0 1
vn 0 0 1
vn 0 0 -1
vn 0 0 -1
vn 0 0 -1
vn 0.8944276571273804 0.44721269607543945 0
vn 0.8944276571273804 0.44721269607543945 0
vn 0.8944276571273804 0.44721269607543945 0
vn -0.8944276571273804 0.44721269607543945 0
vn -0.8944276571273804 0.44721269607543945 0
vn -0.8944276571273804 0.44721269607543945 0
vn 0.8944276571273804 0.44721269607543945 0
vn -0.8944276571273804 0.44721269607543945 0
vn 0 0 1
vn 0 0 1
vn 0 0 1
vn 1 0 0
vn 1 0 0
vn 1 0 0
vn 0 0.44721269607543945 0.8944276571273804
vn 0 0.44721269607543945 0.8944276571273804
vn 0 0.44721269607543945 0.8944276571273804
vn 0 0.44721269607543945 -0.8944276571273804
vn 0 0.44721269607543945 -0.8944276571273804
vn 0 0.44721269607543945 -0.8944276571273804
vn -1 0 0
vn -1 0 0
vn -1 0 0
vn 0 0.44721269607543945 -0.8944276571273804
vn 0 0.44721269607543945 0.8944276571273804
vn 1 0 0
vn 1 0 0
vn 1 0 0
vn 0 0.44721269607543945 0.8944276571273804
vn 0 0.44721269607543945 0.8944276571273804
vn 0 0.44721269607543945 0.8944276571273804
vn 0 0.44721269607543945 -0.8944276571273804
vn 0 0.44721269607543945 -0.8944276571273804
vn 0 0.44721269607543945 -0.8944276571273804
vn -1 0 0
vn -1 0 0
vn -1 0 0
vn 0 0.44721269607543945 -0.8944276571273804
vn 0 0.44721269607543945 0.8944276571273804
vn 0 -1 0
vn 0 -1 0
vn 0 -1 0
vn 0 -1 0
vn 0 0 -1
vn 0 0 -1
vn 0 0 -1
vn 0.8944266438484192 0.44721463322639465 6.38635810901178e-7
vn 0.8944231271743774 0.44722169637680054 0
vn 0.8944270610809326 0.44721388816833496 6.38635810901178e-7
vn 0 0 -1
vn 0.8944281339645386 0.4472116529941559 6.38635810901178e-7
vn 0 0 -1
vn -0.8944276571273804 0.44721269607543945 0
vn -0.8944276571273804 0.44721269607543945 0
vn -0.8944276571273804 0.44721269607543945 0
vn 0.8944265246391296 0.4472149610519409 0
vn -0.8944276571273804 0.44721269607543945 0
vn 0.8944276571273804 0.44721269607543945 0
vn 0 0 1
vn 0 0 1
vn 0 0 1
vn 0 0 -1
vn 0 0 -1
vn 0 0 -1
vn 0.8944276571273804 0.44721269607543945 0
vn 0.8944276571273804 0.44721269607543945 0
vn 0.8944276571273804 0.44721269607543945 0
vn -0.8944276571273804 0.44721269607543945 0
vn -0.8944276571273804 0.44721269607543945 0
vn -0.8944276571273804 0.44721269607543945 0
vn -0.8944276571273804 0.44721269607543945 0
vn 0.8944276571273804 0.44721269607543945 0
vn 0 0 1
vn 0 0 1
vn 0 0 1
vn 1 0 0
vn 1 0 0
vn 1 0 0
vn 0 0.44721269607543945 0.8944276571273804
vn 0 0.44721269607543945 0.8944276571273804
vn 0 0.44721269607543945 0.8944276571273804
vn 0 0.44721269607543945 -0.8944276571273804
vn 0 0.44721269607543945 -0.8944276571273804
vn 0 0.44721269607543945 -0.8944276571273804
vn 0 0.44721269607543945 -0.8944276571273804
vn -1 0 0
vn -1 0 0
vn -1 0 0
vn 0 0.44721269607543945 0.8944276571273804
vn 1 0 0
vn 1 0 0
vn 1 0 0
vn 0 0.44721269607543945 0.8944276571273804
vn 0 0.44721269607543945 0.8944276571273804
vn 0 0.44721269607543945 0.8944276571273804
vn 0 0.44721269607543945 -0.8944276571273804
vn 0 0.44721269607543945 -0.8944276571273804
vn 0 0.44721269607543945 -0.8944276571273804
vn 0 0.44721269607543945 -0.8944276571273804
vn -1 0 0
vn -1 0 0
vn -1 0 0
vn 0 0.44721269607543945 0.8944276571273804
vn 0 -1 0
vn 0 -1 0
vn 0 -1 0
vn 0 -1 0
vn 0 0 -1
vn 0 0 -1
vn 0 0 -1
vn 0.8944266438484192 0.44721463322639465 6.38635810901178e-7
vn 0.8944231271743774 0.44722169637680054 0
vn 0.8944270610809326 0.44721388816833496 6.38635810901178e-7
vn 0 0 -1
vn 0.8944281339645386 0.4472116529941559 6.38635810901178e-7
vn 0 0 -1
vn -0.8944276571273804 0.44721269607543945 0
vn -0.8944276571273804 0.44721269607543945 0
vn -0.8944276571273804 0.44721269607543945 0
vn 0.8944265246391296 0.4472149610519409 0
vn -0.8944276571273804 0.44721269607543945 0
vn 0.8944276571273804 0.44721269607543945 0
vn 0 0 1
vn 0 0 1
vn 0 0 1
vn 0 0 -1
vn 0 0 -1
vn 0 0 -1
vn 0.8944276571273804 0.44721269607543945 0
vn 0.8944276571273804 0.44721269607543945 0
vn 0.8944276571273804 0.44721269607543945 0
vn -0.8944276571273804 0.44721269607543945 0
vn -0.8944276571273804 0.44721269607543945 0
vn -0.8944276571273804 0.44721269607543945 0
vn -0.8944276571273804 0.44721269607543945 0
vn 0.8944276571273804 0.44721269607543945 0
vn 0 0 1
vn 0 0 1
vn 0 0 1
vn 1 0 0
vn 1 0 0
vn 1 0 0
vn 0 0.44721269607543945 0.8944276571273804
vn 0 0.44721269607543945 0.8944276571273804
vn 0 0.44721269607543945 0.8944276571273804
vn 0 0.44721269607543945 -0.8944276571273804
vn 0 0.44721269607543945 -0.8944276571273804
vn 0 0.44721269607543945 -0.8944276571273804
vn -1 0 0
vn -1 0 0
vn -1 0 0
vn 0 0.44721269607543945 -0.8944276571273804
vn 0 0.44721269607543945 0.8944276571273804
vn 1 0 0
vn 1 0 0
vn 1 0 0
vn 0 0.44721269607543945 0.8944276571273804
vn 0 0.44721269607543945 0.8944276571273804
vn 0 0.44721269607543945 0.8944276571273804
vn 0 0.44721269607543945 -0.8944276571273804
vn 0 0.44721269607543945 -0.8944276571273804
vn 0 0.44721269607543945 -0.8944276571273804
vn -1 0 0
vn -1 0 0
vn -1 0 0
vn 0 0.44721269607543945 -0.8944276571273804
vn 0 0.44721269607543945 0.8944276571273804
vn 0 -1 0
vn 0 -1 0
vn 0 -1 0
vn 0 -1 0
vn 0 0 -1
vn 0 0 -1
vn 0 0 -1
vn 0.8944266438484192 0.44721463322639465 6.38635810901178e-7
vn 0.8944231271743774 0.44722169637680054 0
vn 0.8944270610809326 0.44721388816833496 6.38635810901178e-7
vn 0 0 -1
vn 0.8944281339645386 0.4472116529941559 6.38635810901178e-7
vn 0 0 -1
vn -0.8944276571273804 0.44721269607543945 0
vn -0.8944276571273804 0.44721269607543945 0
vn -0.8944276571273804 0.44721269607543945 0
vn 0.8944265246391296 0.4472149610519409 0
vn -0.8944276571273804 0.44721269607543945 0
vn 0.8944276571273804 0.44721269607543945 0
vn 0 0 1
vn 0 0 1
vn 0 0 1
vn 0 0 -1
vn 0 0 -1
vn 0 0 -1
vn 0.8944276571273804 0.44721269607543945 0
vn 0.8944276571273804 0.44721269607543945 0
vn 0.8944276571273804 0.44721269607543945 0
vn -0.8944276571273804 0.44721269607543945 0
vn -0.8944276571273804 0.44721269607543945 0
vn -0.8944276571273804 0.44721269607543945 0
vn 0.8944276571273804 0.44721269607543945 0
vn -0.8944276571273804 0.44721269607543945 0
vn 0 0 1
vn 0 0 1
vn 0 0 1
vn 1 0 0
vn 1 0 0
vn 1 0 0
vn 0 0.44721269607543945 0.8944276571273804
vn 0 0.44721269607543945 0.8944276571273804
vn 0 0.44721269607543945 0.8944276571273804
vn 0 0.44721269607543945 -0.8944276571273804
vn 0 0.44721269607543945 -0.8944276571273804
vn 0 0.44721269607543945 -0.8944276571273804
vn 0 0.44721269607543945 -0.8944276571273804
vn -1 0 0
vn -1 0 0
vn -1 0 0
vn 0 0.44721269607543945 0.8944276571273804
vn 1 0 0
vn 1 0 0
vn 1 0 0
vn 0 0.44721269607543945 0.8944276571273804
vn 0 0.44721269607543945 0.8944276571273804
vn 0 0.44721269607543945 0.8944276571273804
vn 0 0.44721269607543945 -0.8944276571273804
vn 0 0.44721269607543945 -0.8944276571273804
vn 0 0.44721269607543945 -0.8944276571273804
vn 0 0.44721269607543945 -0.8944276571273804
vn -1 0 0
vn -1 0 0
vn -1 0 0
vn 0 0.44721269607543945 0.8944276571273804
vn 0 -1 0
vn 0 -1 0
vn 0 -1 0
vn 0 -1 0
vn 0 0 -1
vn 0 0 -1
vn 0 0 -1
vn 0.8944266438484192 0.44721463322639465 6.38635810901178e-7
vn 0.8944231271743774 0.44722169637680054 0
vn 0.8944270610809326 0.44721388816833496 6.38635810901178e-7
vn 0 0 -1
vn 0.8944281339645386 0.4472116529941559 6.38635810901178e-7
vn 0 0 -1
vn -0.8944276571273804 0.44721269607543945 0
vn -0.8944276571273804 0.44721269607543945 0
vn -0.8944276571273804 0.44721269607543945 0
vn 0.8944265246391296 0.4472149610519409 0
vn -0.8944276571273804 0.44721269607543945 0
vn 0.8944276571273804 0.44721269607543945 0
vn 0 0 1
vn 0 0 1
vn 0 0 1
vn 0.8944276571273804 0.44721269607543945 0
vn 0.8944276571273804 0.44721269607543945 0
vn 0.8944276571273804 0.44721269607543945 0
vn 0 0 -1
vn 0 0 -1
vn 0 0 -1
vn -0.8944276571273804 0.44721269607543945 0
vn -0.8944276571273804 0.44721269607543945 0
vn -0.8944276571273804 0.44721269607543945 0
vn -0.8944276571273804 0.44721269607543945 0
vn 0.8944276571273804 0.44721269607543945 0
vn 0 0 1
vn 0 0 1
vn 0 0 1
vn 1 0 0
vn 1 0 0
vn 1 0 0
vn 0 0.44721269607543945 0.8944276571273804
vn 0 0.44721269607543945 0.8944276571273804
vn 0 0.44721269607543945 0.8944276571273804
vn 0 0.44721269607543945 -0.8944276571273804
vn 0 0.44721269607543945 -0.8944276571273804
vn 0 0.44721269607543945 -0.8944276571273804
vn 0 0.44721269607543945 -0.8944276571273804
vn 0 0.44721269607543945 0.8944276571273804
vn -1 0 0
vn -1 0 0
vn -1 0 0
vn 1 0 0
vn 1 0 0
vn 1 0 0
vn 0 0.44721269607543945 0.8944276571273804
vn 0 0.44721269607543945 0.8944276571273804
vn 0 0.44721269607543945 0.8944276571273804
vn 0 0.44721269607543945 -0.8944276571273804
vn 0 0.44721269607543945 -0.8944276571273804
vn 0 0.44721269607543945 -0.8944276571273804
vn 0 0.44721269607543945 -0.8944276571273804
vn 0 0.44721269607543945 0.8944276571273804
vn -1 0 0
vn -1 0 0
vn -1 0 0
vn 0 -1 0
vn 0 -1 0
vn 0 -1 0
vn 0 -1 0
vn 0 0 -1
vn 0 0 -1
vn 0 0 -1
vn 0.8944274187088013 0.44721317291259766 1.5397904462588485e-7
vn 0.8944265246391296 0.44721487164497375 0
vn 0.894427478313446 0.4472130239009857 1.5397904462588485e-7
vn 0 0 -1
vn 0.8944277763366699 0.44721245765686035 1.5397904462588485e-7
vn 0 0 -1
vn -0.8944276571273804 0.44721269607543945 0
vn -0.8944276571273804 0.44721269607543945 0
vn -0.8944276571273804 0.44721269607543945 0
vn 0.8944273591041565 0.4472132623195648 0
vn -0.8944276571273804 0.44721269607543945 0
vn 0.8944276571273804 0.44721269607543945 0
vn 0 0 1
vn 0 0 1
vn 0 0 1
vn 0 0 -1
vn 0 0 -1
vn 0 0 -1
vn 0.8944276571273804 0.44721269607543945 0
vn 0.8944276571273804 0.44721269607543945 0
vn 0.8944276571273804 0.44721269607543945 0
vn -0.8944276571273804 0.44721269607543945 0
vn -0.8944276571273804 0.44721269607543945 0
vn -0.8944276571273804 0.44721269607543945 0
vn -0.8944276571273804 0.44721269607543945 0
vn 0.8944276571273804 0.44721269607543945 0
vn 0 0 1
vn 0 0 1
vn 0 0 1
vn 1 0 0
vn 1 0 0
vn 1 0 0
vn 0 0.44721269607543945 0.8944276571273804
vn 0 0.44721269607543945 0.8944276571273804
vn 0 0.44721269607543945 0.8944276571273804
vn 0 0.44721269607543945 -0.8944276571273804
vn 0 0.44721269607543945 -0.8944276571273804
vn 0 0.44721269607543945 -0.8944276571273804
vn -1 0 0
vn -1 0 0
vn -1 0 0
vn 0 0.44721269607543945 -0.8944276571273804
vn 0 0.44721269607543945 0.8944276571273804
vn 1 0 0
vn 1 0 0
vn 1 0 0
vn 0 0.44721269607543945 0.8944276571273804
vn 0 0.44721269607543945 0.8944276571273804
vn 0 0.44721269607543945 0.8944276571273804
vn 0 0.44721269607543945 -0.8944276571273804
vn 0 0.44721269607543945 -0.8944276571273804
vn 0 0.44721269607543945 -0.8944276571273804
vn -1 0 0
vn -1 0 0
vn -1 0 0
vn 0 0.44721269607543945 -0.8944276571273804
vn 0 0.44721269607543945 0.8944276571273804
vn 0 -1 0
vn 0 -1 0
vn 0 -1 0
vn 0 -1 0
vn 0 0 -1
vn 0 0 -1
vn 0 0 -1
vn 0.8944274187088013 0.44721317291259766 1.5397904462588485e-7
vn 0.8944265246391296 0.44721487164497375 0
vn 0.894427478313446 0.4472130239009857 1.5397904462588485e-7
vn 0 0 -1
vn 0.8944277763366699 0.44721245765686035 1.5397904462588485e-7
vn 0 0 -1
vn -0.8944276571273804 0.44721269607543945 0
vn -0.8944276571273804 0.44721269607543945 0
vn -0.8944276571273804 0.44721269607543945 0
vn 0.8944273591041565 0.4472132623195648 0
vn -0.8944276571273804 0.44721269607543945 0
vn 0.8944276571273804 0.44721269607543945 0
vn 0 0 1
vn 0 0 1
vn 0 0 1
vn 0 0 -1
vn 0 0 -1
vn 0 0 -1
vn 0.8944276571273804 0.44721269607543945 0
vn 0.8944276571273804 0.44721269607543945 0
vn 0.8944276571273804 0.44721269607543945 0
vn -0.8944276571273804 0.44721269607543945 0
vn -0.8944276571273804 0.44721269607543945 0
vn -0.8944276571273804 0.44721269607543945 0
vn -0.8944276571273804 0.44721269607543945 0
vn 0.8944276571273804 0.44721269607543945 0
vn 0 0 1
vn 0 0 1
vn 0 0 1
vn 1 0 0
vn 1 0 0
vn 1 0 0
vn 0 0.44721269607543945 0.8944276571273804
vn 0 0.44721269607543945 0.8944276571273804
vn 0 0.44721269607543945 0.8944276571273804
vn 0 0.44721269607543945 -0.8944276571273804
vn 0 0.44721269607543945 -0.8944276571273804
vn 0 0.44721269607543945 -0.8944276571273804
vn 0 0.44721269607543945 -0.8944276571273804
vn 0 0.44721269607543945 0.8944276571273804
vn -1 0 0
vn -1 0 0
vn -1 0 0
vn 1 0 0
vn 1 0 0
vn 1 0 0
vn 0 0.44721269607543945 0.8944276571273804
vn 0 0.44721269607543945 0.8944276571273804
vn 0 0.44721269607543945 0.8944276571273804
vn 0 0.44721269607543945 -0.8944276571273804
vn 0 0.44721269607543945 -0.8944276571273804
vn 0 0.44721269607543945 -0.8944276571273804
vn 0 0.44721269607543945 -0.8944276571273804
vn 0 0.44721269607543945 0.8944276571273804
vn -1 0 0
vn -1 0 0
vn -1 0 0
vn 0 -1 0
vn 0 -1 0
vn 0 -1 0
vn 0 -1 0
vn 0 0 -1
vn 0 0 -1
vn 0 0 -1
vn 0.8944274187088013 0.44721317291259766 1.5397904462588485e-7
vn 0.8944265246391296 0.44721487164497375 0
vn 0.894427478313446 0.4472130239009857 1.5397904462588485e-7
vn 0 0 -1
vn 0.8944277763366699 0.44721245765686035 1.5397904462588485e-7
vn 0 0 -1
vn -0.8944276571273804 0.44721269607543945 0
vn -0.8944276571273804 0.44721269607543945 0
vn -0.8944276571273804 0.44721269607543945 0
vn 0.8944273591041565 0.4472132623195648 0
vn -0.8944276571273804 0.44721269607543945 0
vn 0.8944276571273804 0.44721269607543945 0
vn 0 0 1
vn 0 0 1
vn 0 0 1
vn 0 0 -1
vn 0 0 -1
vn 0 0 -1
vn 0.8944276571273804 0.44721269607543945 0
vn 0.8944276571273804 0.44721269607543945 0
vn 0.8944276571273804 0.44721269607543945 0
vn -0.8944276571273804 0.44721269607543945 0
vn -0.8944276571273804 0.44721269607543945 0
vn -0.8944276571273804 0.44721269607543945 0
vn -0.8944276571273804 0.44721269607543945 0
vn 0.8944276571273804 0.44721269607543945 0
vn 0 0 1
vn 0 0 1
vn 0 0 1
vn 1 0 0
vn 1 0 0
vn 1 0 0
vn 0 0.44721269607543945 0.8944276571273804
vn 0 0.44721269607543945 0.8944276571273804
vn 0 0.44721269607543945 0.8944276571273804
vn 0 0.44721269607543945 -0.8944276571273804
vn 0 0.44721269607543945 -0.8944276571273804
vn 0 0.44721269607543945 -0.8944276571273804
vn -1 0 0
vn -1 0 0
vn -1 0 0
vn 0 0.44721269607543945 -0.8944276571273804
vn 0 0.44721269607543945 0.8944276571273804
vn 1 0 0
vn 1 0 0
vn 1 0 0
vn 0 0.44721269607543945 0.8944276571273804
vn 0 0.44721269607543945 0.8944276571273804
vn 0 0.44721269607543945 0.8944276571273804
vn 0 0.44721269607543945 -0.8944276571273804
vn 0 0.44721269607543945 -0.8944276571273804
vn 0 0.44721269607543945 -0.8944276571273804
vn -1 0 0
vn -1 0 0
vn -1 0 0
vn 0 0.44721269607543945 -0.8944276571273804
vn 0 0.44721269607543945 0.8944276571273804
vn 0 -1 0
vn 0 -1 0
vn 0 -1 0
vn 0 -1 0
vn 0 0 -1
vn 0 0 -1
vn 0 0 -1
vn 0.8944274187088013 0.44721317291259766 1.5397904462588485e-7
vn 0.8944265246391296 0.44721487164497375 0
vn 0.894427478313446 0.4472130239009857 1.5397904462588485e-7
vn 0 0 -1
vn 0.8944277763366699 0.44721245765686035 1.5397904462588485e-7
vn 0.8944273591041565 0.4472132623195648 0
vn 0 0 -1
vn -0.8944276571273804 0.44721269607543945 0
vn -0.8944276571273804 0.44721269607543945 0
vn -0.8944276571273804 0.44721269607543945 0
vn -0.8944276571273804 0.44721269607543945 0
vn 0.8944276571273804 0.44721269607543945 0
vn 0 0 1
vn 0 0 1
vn 0 0 1
vn 0 0 -1
vn 0 0 -1
vn 0 0 -1
vn 0.8944276571273804 0.44721269607543945 0
vn 0.8944276571273804 0.44721269607543945 0
vn 0.8944276571273804 0.44721269607543945 0
vn -0.8944265246391296 0.4472149908542633 0
vn -0.8944265246391296 0.4472149908542633 0
vn -0.8944265246391296 0.4472149908542633 0
vn -0.8944265246391296 0.4472149908542633 0
vn 0.8944276571273804 0.44721269607543945 0
vn 0 0 1
vn 0 0 1
vn 0 0 1
vn 1 0 0
vn 1 0 0
vn 1 0 0
vn 0 0.44721269607543945 0.8944276571273804
vn 0 0.44721269607543945 0.8944276571273804
vn 0 0.44721269607543945 0.8944276571273804
vn 0 0.4472149908542633 -0.8944265246391296
vn 0 0.4472149908542633 -0.8944265246391296
vn 0 0.4472149908542633 -0.8944265246391296
vn 0 0.4472149908542633 -0.8944265246391296
vn 0 0.44721269607543945 0.8944276571273804
vn -1 0 0
vn -1 0 0
vn -1 0 0
vn 1 0 0
vn 1 0 0
vn 1 0 0
vn 0 0.44721269607543945 -0.8944276571273804
vn 0 0.44721269607543945 -0.8944276571273804
vn 0 0.44721269607543945 -0.8944276571273804
vn 0 0.44721269607543945 0.8944276571273804
vn 0 0.44721269607543945 0.8944276571273804
vn 0 0.44721269607543945 0.8944276571273804
vn 0 0.44721269607543945 -0.8944276571273804
vn 0 0.44721269607543945 0.8944276571273804
vn -1 0 0
vn -1 0 0
vn -1 0 0
vn 0 0 -1
vn 0 0 -1
vn 0 0 -1
vn 0 -1 0
vn 0 -1 0
vn 0 -1 0
vn 0 -1 0
vn 0.8944266438484192 0.44721463322639465 6.38635810901178e-7
vn 0.8944231271743774 0.44722169637680054 0
vn 0.8944270610809326 0.44721388816833496 6.38635810901178e-7
vn 0 0 -1
vn 0.8944281339645386 0.4472116529941559 6.38635810901178e-7
vn 0 0 -1
vn 0.8944276571273804 0.44721269607543945 0
vn -0.8944276571273804 0.44721269607543945 0
vn -0.8944276571273804 0.44721269607543945 0
vn -0.8944276571273804 0.44721269607543945 0
vn 0.8944265246391296 0.4472149610519409 0
vn -0.8944276571273804 0.44721269607543945 0
vn 0 0 1
vn 0 0 1
vn 0 0 1
vn 0 0 -1
vn 0 0 -1
vn 0 0 -1
vn 0.8944276571273804 0.44721269607543945 0
vn 0.8944276571273804 0.44721269607543945 0
vn 0.8944276571273804 0.44721269607543945 0
vn -0.8944276571273804 0.44721269607543945 0
vn -0.8944276571273804 0.44721269607543945 0
vn -0.8944276571273804 0.44721269607543945 0
vn -0.8944276571273804 0.44721269607543945 0
vn 0.8944276571273804 0.44721269607543945 0
vn 0 0 1
vn 0 0 1
vn 0 0 1
vn 1 0 0
vn 1 0 0
vn 1 0 0
vn 0 0.44721269607543945 0.8944276571273804
vn 0 0.44721269607543945 0.8944276571273804
vn 0 0.44721269607543945 0.8944276571273804
vn 0 0.4472149908542633 -0.8944265246391296
vn 0 0.4472149908542633 -0.8944265246391296
vn 0 0.4472149908542633 -0.8944265246391296
vn -1 0 0
vn -1 0 0
vn -1 0 0
vn 0 0.4472149908542633 -0.8944265246391296
vn 0 0.44721269607543945 0.8944276571273804
vn 1 0 0
vn 1 0 0
vn 1 0 0
vn 0 0.44721269607543945 0.8944276571273804
vn 0 0.44721269607543945 0.8944276571273804
vn 0 0.44721269607543945 0.8944276571273804
vn 0 0.44721269607543945 -0.8944276571273804
vn 0 0.44721269607543945 -0.8944276571273804
vn 0 0.44721269607543945 -0.8944276571273804
vn -1 0 0
vn -1 0 0
vn -1 0 0
vn 0 0.44721269607543945 -0.8944276571273804
vn 0 0.44721269607543945 0.8944276571273804
vn 0 0 -1
vn 0 0 -1
vn 0 0 -1
vn 0 -1 0
vn 0 -1 0
vn 0 -1 0
vn 0 -1 0
vn 0.8944266438484192 0.44721463322639465 6.38635810901178e-7
vn 0.8944231271743774 0.44722169637680054 0
vn 0.8944270610809326 0.44721388816833496 6.38635810901178e-7
vn 0 0 -1
vn 0.8944281339645386 0.4472116529941559 6.38635810901178e-7
vn 0 0 -1
vn -0.8944276571273804 0.44721269607543945 0
vn -0.8944276571273804 0.44721269607543945 0
vn -0.8944276571273804 0.44721269607543945 0
vn 0.8944276571273804 0.44721269607543945 0
vn 0.8944265246391296 0.4472149610519409 0
vn -0.8944276571273804 0.44721269607543945 0
vn 0 0 1
vn 0 0 1
vn 0 0 1
vn 0 0 -1
vn 0 0 -1
vn 0 0 -1
vn 0.8944276571273804 0.44721269607543945 0
vn 0.8944276571273804 0.44721269607543945 0
vn 0.8944276571273804 0.44721269607543945 0
vn -0.8944276571273804 0.44721269607543945 0
vn -0.8944276571273804 0.44721269607543945 0
vn -0.8944276571273804 0.44721269607543945 0
vn -0.8944276571273804 0.44721269607543945 0
vn 0.8944276571273804 0.44721269607543945 0
vn 0 0 1
vn 0 0 1
vn 0 0 1
vn 1 0 0
vn 1 0 0
vn 1 0 0
vn 0 0.4472149908542633 -0.8944265246391296
vn 0 0.4472149908542633 -0.8944265246391296
vn 0 0.4472149908542633 -0.8944265246391296
vn 0 0.44721269607543945 0.8944276571273804
vn 0 0.44721269607543945 0.8944276571273804
vn 0 0.44721269607543945 0.8944276571273804
vn 0 0.4472149908542633 -0.8944265246391296
vn 0 0.44721269607543945 0.8944276571273804
vn -1 0 0
vn -1 0 0
vn -1 0 0
vn 1 0 0
vn 1 0 0
vn 1 0 0
vn 0 0.44721269607543945 0.8944276571273804
vn 0 0.44721269607543945 0.8944276571273804
vn 0 0.44721269607543945 0.8944276571273804
vn 0 0.44721269607543945 -0.8944276571273804
vn 0 0.44721269607543945 -0.8944276571273804
vn 0 0.44721269607543945 -0.8944276571273804
vn 0 0.44721269607543945 -0.8944276571273804
vn -1 0 0
vn -1 0 0
vn -1 0 0
vn 0 0.44721269607543945 0.8944276571273804
vn 0 0 -1
vn 0 0 -1
vn 0 0 -1
vn 0 -1 0
vn 0 -1 0
vn 0 -1 0
vn 0 -1 0
vn 0.8944266438484192 0.44721463322639465 6.38635810901178e-7
vn 0.8944231271743774 0.44722169637680054 0
vn 0.8944270610809326 0.44721388816833496 6.38635810901178e-7
vn 0 0 -1
vn 0.8944281339645386 0.4472116529941559 6.38635810901178e-7
vn 0 0 -1
vn 0.8944276571273804 0.44721269607543945 0
vn -0.8944276571273804 0.44721269607543945 0
vn -0.8944276571273804 0.44721269607543945 0
vn -0.8944276571273804 0.44721269607543945 0
vn 0.8944265246391296 0.4472149610519409 0
vn -0.8944276571273804 0.44721269607543945 0
vn 0 0 1
vn 0 0 1
vn 0 0 1
vn 0 0 -1
vn 0 0 -1
vn 0 0 -1
vn 0.8944276571273804 0.44721269607543945 0
vn 0.8944276571273804 0.44721269607543945 0
vn 0.8944276571273804 0.44721269607543945 0
vn -0.8944276571273804 0.44721269607543945 0
vn -0.8944276571273804 0.44721269607543945 0
vn -0.8944276571273804 0.44721269607543945 0
vn -0.8944276571273804 0.44721269607543945 0
vn 0.8944276571273804 0.44721269607543945 0
vn 0 0 1
vn 0 0 1
vn 0 0 1
vn 1 0 0
vn 1 0 0
vn 1 0 0
vn 0 0.4472149908542633 -0.8944265246391296
vn 0 0.4472149908542633 -0.8944265246391296
vn 0 0.4472149908542633 -0.8944265246391296
vn 0 0.44721269607543945 0.8944276571273804
vn 0 0.44721269607543945 0.8944276571273804
vn 0 0.44721269607543945 0.8944276571273804
vn -1 0 0
vn -1 0 0
vn -1 0 0
vn 0 0.4472149908542633 -0.8944265246391296
vn 0 0.44721269607543945 0.8944276571273804
vn 1 0 0
vn 1 0 0
vn 1 0 0
vn 0 0.44721269607543945 0.8944276571273804
vn 0 0.44721269607543945 0.8944276571273804
vn 0 0.44721269607543945 0.8944276571273804
vn 0 0.44721269607543945 -0.8944276571273804
vn 0 0.44721269607543945 -0.8944276571273804
vn 0 0.44721269607543945 -0.8944276571273804
vn -1 0 0
vn -1 0 0
vn -1 0 0
vn 0 0.44721269607543945 -0.8944276571273804
vn 0 0.44721269607543945 0.8944276571273804
vn 0 0 -1
vn 0 0 -1
vn 0 0 -1
vn 0 -1 0
vn 0 -1 0
vn 0 -1 0
vn 0 -1 0
vn 0.8944266438484192 0.44721463322639465 6.38635810901178e-7
vn 0.8944231271743774 0.44722169637680054 0
vn 0.8944270610809326 0.44721388816833496 6.38635810901178e-7
vn 0 0 -1
vn 0.8944281339645386 0.4472116529941559 6.38635810901178e-7
vn 0 0 -1
vn 0.8944276571273804 0.44721269607543945 0
vn -0.8944276571273804 0.44721269607543945 0
vn -0.8944276571273804 0.44721269607543945 0
vn -0.8944276571273804 0.44721269607543945 0
vn 0.8944265246391296 0.4472149610519409 0
vn -0.8944276571273804 0.44721269607543945 0
vn 0 0 1
vn 0 0 1
vn 0 0 1
vn 0 0 -1
vn 0 0 -1
vn 0 0 -1
vn 0.8944276571273804 0.44721269607543945 0
vn 0.8944276571273804 0.44721269607543945 0
vn 0.8944276571273804 0.44721269607543945 0
vn -0.8944276571273804 0.44721269607543945 0
vn -0.8944276571273804 0.44721269607543945 0
vn -0.8944276571273804 0.44721269607543945 0
vn 0.8944276571273804 0.44721269607543945 0
vn -0.8944276571273804 0.44721269607543945 0
vn 0 0 1
vn 0 0 1
vn 0 0 1
vn 1 0 0
vn 1 0 0
vn 1 0 0
vn 0 0.4472149908542633 -0.8944265246391296
vn 0 0.4472149908542633 -0.8944265246391296
vn 0 0.4472149908542633 -0.8944265246391296
vn 0 0.44721269607543945 0.8944276571273804
vn 0 0.44721269607543945 0.8944276571273804
vn 0 0.44721269607543945 0.8944276571273804
vn 0 0.4472149908542633 -0.8944265246391296
vn 0 0.44721269607543945 0.8944276571273804
vn -1 0 0
vn -1 0 0
vn -1 0 0
vn 1 0 0
vn 1 0 0
vn 1 0 0
vn 0 0.44721269607543945 0.8944276571273804
vn 0 0.44721269607543945 0.8944276571273804
vn 0 0.44721269607543945 0.8944276571273804
vn 0 0.44721269607543945 -0.8944276571273804
vn 0 0.44721269607543945 -0.8944276571273804
vn 0 0.44721269607543945 -0.8944276571273804
vn 0 0.44721269607543945 -0.8944276571273804
vn -1 0 0
vn -1 0 0
vn -1 0 0
vn 0 0.44721269607543945 0.8944276571273804
vn 0 0 -1
vn 0 0 -1
vn 0 0 -1
vn 0 -1 0
vn 0 -1 0
vn 0 -1 0
vn 0 -1 0
vn 0.8944266438484192 0.44721463322639465 6.38635810901178e-7
vn 0.8944231271743774 0.44722169637680054 0
vn 0.8944270610809326 0.44721388816833496 6.38635810901178e-7
vn 0 0 -1
vn 0.8944281339645386 0.4472116529941559 6.38635810901178e-7
vn 0 0 -1
vn -0.8944276571273804 0.44721269607543945 0
vn -0.8944276571273804 0.44721269607543945 0
vn -0.8944276571273804 0.44721269607543945 0
vn 0.8944276571273804 0.44721269607543945 0
vn 0.8944265246391296 0.4472149610519409 0
vn -0.8944276571273804 0.44721269607543945 0
vn 0 0 1
vn 0 0 1
vn 0 0 1
vn 0 0 -1
vn 0 0 -1
vn 0 0 -1
vn 0.8944276571273804 0.44721269607543945 0
vn 0.8944276571273804 0.44721269607543945 0
vn 0.8944276571273804 0.44721269607543945 0
vn -0.8944276571273804 0.44721269607543945 0
vn -0.8944276571273804 0.44721269607543945 0
vn -0.8944276571273804 0.44721269607543945 0
vn -0.8944276571273804 0.44721269607543945 0
vn 0.8944276571273804 0.44721269607543945 0
vn 0 0 1
vn 0 0 1
vn 0 0 1
vn 1 0 0
vn 1 0 0
vn 1 0 0
vn 0 0.4472149908542633 -0.8944265246391296
vn 0 0.4472149908542633 -0.8944265246391296
vn 0 0.4472149908542633 -0.8944265246391296
vn 0 0.44721269607543945 0.8944276571273804
vn 0 0.44721269607543945 0.8944276571273804
vn 0 0.44721269607543945 0.8944276571273804
vn 0 0.4472149908542633 -0.8944265246391296
vn 0 0.44721269607543945 0.8944276571273804
vn -1 0 0
vn -1 0 0
vn -1 0 0
vn 1 0 0
vn 1 0 0
vn 1 0 0
vn 0 0.44721269607543945 -0.8944276571273804
vn 0 0.44721269607543945 -0.8944276571273804
vn 0 0.44721269607543945 -0.8944276571273804
vn 0 0.44721269607543945 0.8944276571273804
vn 0 0.44721269607543945 0.8944276571273804
vn 0 0.44721269607543945 0.8944276571273804
vn 0 0.44721269607543945 -0.8944276571273804
vn 0 0.44721269607543945 0.8944276571273804
vn -1 0 0
vn -1 0 0
vn -1 0 0
vn 0 0 -1
vn 0 0 -1
vn 0 0 -1
vn 0 -1 0
vn 0 -1 0
vn 0 -1 0
vn 0 -1 0
vn 0.8944274187088013 0.44721317291259766 1.5397904462588485e-7
vn 0.8944265246391296 0.44721487164497375 0
vn 0.894427478313446 0.4472130239009857 1.5397904462588485e-7
vn 0 0 -1
vn 0.8944277763366699 0.44721245765686035 1.5397904462588485e-7
vn 0 0 -1
vn 0.8944276571273804 0.44721269607543945 0
vn -0.8944276571273804 0.44721269607543945 0
vn -0.8944276571273804 0.44721269607543945 0
vn -0.8944276571273804 0.44721269607543945 0
vn 0.8944273591041565 0.4472132623195648 0
vn -0.8944276571273804 0.44721269607543945 0
vn 0 0 1
vn 0 0 1
vn 0 0 1
vn 0 0 -1
vn 0 0 -1
vn 0 0 -1
vn 0.8944276571273804 0.44721269607543945 0
vn 0.8944276571273804 0.44721269607543945 0
vn 0.8944276571273804 0.44721269607543945 0
vn -0.8944276571273804 0.44721269607543945 0
vn -0.8944276571273804 0.44721269607543945 0
vn -0.8944276571273804 0.44721269607543945 0
vn -0.8944276571273804 0.44721269607543945 0
vn 0.8944276571273804 0.44721269607543945 0
vn 0 0 1
vn 0 0 1
vn 0 0 1
vn 1 0 0
vn 1 0 0
vn 1 0 0
vn 0 0.44721269607543945 0.8944276571273804
vn 0 0.44721269607543945 0.8944276571273804
vn 0 0.44721269607543945 0.8944276571273804
vn 0 0.4472149908542633 -0.8944265246391296
vn 0 0.4472149908542633 -0.8944265246391296
vn 0 0.4472149908542633 -0.8944265246391296
vn -1 0 0
vn -1 0 0
vn -1 0 0
vn 0 0.4472149908542633 -0.8944265246391296
vn 0 0.44721269607543945 0.8944276571273804
vn 1 0 0
vn 1 0 0
vn 1 0 0
vn 0 0.44721269607543945 -0.8944276571273804
vn 0 0.44721269607543945 -0.8944276571273804
vn 0 0.44721269607543945 -0.8944276571273804
vn 0 0.44721269607543945 0.8944276571273804
vn 0 0.44721269607543945 0.8944276571273804
vn 0 0.44721269607543945 0.8944276571273804
vn -1 0 0
vn -1 0 0
vn -1 0 0
vn 0 0.44721269607543945 -0.8944276571273804
vn 0 0.44721269607543945 0.8944276571273804
vn 0 0 -1
vn 0 0 -1
vn 0 0 -1
vn 0 -1 0
vn 0 -1 0
vn 0 -1 0
vn 0 -1 0
vn 0.8944274187088013 0.44721317291259766 1.5397904462588485e-7
vn 0.8944265246391296 0.44721487164497375 0
vn 0.894427478313446 0.4472130239009857 1.5397904462588485e-7
vn 0 0 -1
vn 0.8944277763366699 0.44721245765686035 1.5397904462588485e-7
vn 0 0 -1
vn 0.8944276571273804 0.44721269607543945 0
vn -0.8944276571273804 0.44721269607543945 0
vn -0.8944276571273804 0.44721269607543945 0
vn -0.8944276571273804 0.44721269607543945 0
vn 0.8944273591041565 0.4472132623195648 0
vn -0.8944276571273804 0.44721269607543945 0
vn 0 0 1
vn 0 0 1
vn 0 0 1
vn 0 0 -1
vn 0 0 -1
vn 0 0 -1
vn 0.8944276571273804 0.44721269607543945 0
vn 0.8944276571273804 0.44721269607543945 0
vn 0.8944276571273804 0.44721269607543945 0
vn -0.8944276571273804 0.44721269607543945 0
vn -0.8944276571273804 0.44721269607543945 0
vn -0.8944276571273804 0.44721269607543945 0
vn -0.8944276571273804 0.44721269607543945 0
vn 0.8944276571273804 0.44721269607543945 0
vn 0 0 1
vn 0 0 1
vn 0 0 1
vn 1 0 0
vn 1 0 0
vn 1 0 0
vn 0 0.44721269607543945 0.8944276571273804
vn 0 0.44721269607543945 0.8944276571273804
vn 0 0.44721269607543945 0.8944276571273804
vn 0 0.4472149908542633 -0.8944265246391296
vn 0 0.4472149908542633 -0.8944265246391296
vn 0 0.4472149908542633 -0.8944265246391296
vn 0 0.4472149908542633 -0.8944265246391296
vn 0 0.44721269607543945 0.8944276571273804
vn -1 0 0
vn -1 0 0
vn -1 0 0
vn 1 0 0
vn 1 0 0
vn 1 0 0
vn 0 0.44721269607543945 -0.8944276571273804
vn 0 0.44721269607543945 -0.8944276571273804
vn 0 0.44721269607543945 -0.8944276571273804
vn 0 0.44721269607543945 0.8944276571273804
vn 0 0.44721269607543945 0.8944276571273804
vn 0 0.44721269607543945 0.8944276571273804
vn 0 0.44721269607543945 -0.8944276571273804
vn 0 0.44721269607543945 0.8944276571273804
vn -1 0 0
vn -1 0 0
vn -1 0 0
vn 0 0 -1
vn 0 0 -1
vn 0 0 -1
vn 0 -1 0
vn 0 -1 0
vn 0 -1 0
vn 0 -1 0
vn 0.8944274187088013 0.44721317291259766 1.5397904462588485e-7
vn 0.8944265246391296 0.44721487164497375 0
vn 0.894427478313446 0.4472130239009857 1.5397904462588485e-7
vn 0 0 -1
vn 0.8944277763366699 0.44721245765686035 1.5397904462588485e-7
vn 0 0 -1
vn 0.8944276571273804 0.44721269607543945 0
vn -0.8944276571273804 0.44721269607543945 0
vn -0.8944276571273804 0.44721269607543945 0
vn -0.8944276571273804 0.44721269607543945 0
vn 0.8944273591041565 0.4472132623195648 0
vn -0.8944276571273804 0.44721269607543945 0
vn 0 0 1
vn 0 0 1
vn 0 0 1
vn 0 0 -1
vn 0 0 -1
vn 0 0 -1
vn 0.8944276571273804 0.44721269607543945 0
vn 0.8944276571273804 0.44721269607543945 0
vn 0.8944276571273804 0.44721269607543945 0
vn -0.8944276571273804 0.44721269607543945 0
vn -0.8944276571273804 0.44721269607543945 0
vn -0.8944276571273804 0.44721269607543945 0
vn -0.8944276571273804 0.44721269607543945 0
vn 0.8944276571273804 0.44721269607543945 0
vn 0 0 1
vn 0 0 1
vn 0 0 1
vn 1 0 0
vn 1 0 0
vn 1 0 0
vn 0 0.44721269607543945 0.8944276571273804
vn 0 0.44721269607543945 0.8944276571273804
vn 0 0.44721269607543945 0.8944276571273804
vn 0 0.4472149908542633 -0.8944265246391296
vn 0 0.4472149908542633 -0.8944265246391296
vn 0 0.4472149908542633 -0.8944265246391296
vn -1 0 0
vn -1 0 0
vn -1 0 0
vn 0 0.4472149908542633 -0.8944265246391296
vn 0 0.44721269607543945 0.8944276571273804
vn 1 0 0
vn 1 0 0
vn 1 0 0
vn 0 0.44721269607543945 0.8944276571273804
vn 0 0.44721269607543945 0.8944276571273804
vn 0 0.44721269607543945 0.8944276571273804
vn 0 0.44721269607543945 -0.8944276571273804
vn 0 0.44721269607543945 -0.8944276571273804
vn 0 0.44721269607543945 -0.8944276571273804
vn -1 0 0
vn -1 0 0
vn -1 0 0
vn 0 0.44721269607543945 -0.8944276571273804
vn 0 0.44721269607543945 0.8944276571273804
vn 0 0 -1
vn 0 0 -1
vn 0 0 -1
vn 0 -1 0
vn 0 -1 0
vn 0 -1 0
vn 0 -1 0
vn 0.8944274187088013 0.44721317291259766 1.5397904462588485e-7
vn 0.8944265246391296 0.44721487164497375 0
vn 0.894427478313446 0.4472130239009857 1.5397904462588485e-7
vn 0 0 -1
vn 0.8944277763366699 0.44721245765686035 1.5397904462588485e-7
vn 0.8944276571273804 0.44721269607543945 0
vn 0.8944273591041565 0.4472132623195648 0
vn 0 0 -1
vn -0.8944276571273804 0.44721269607543945 0
vn -0.8944276571273804 0.44721269607543945 0
vn -0.8944276571273804 0.44721269607543945 0
vn -0.8944276571273804 0.44721269607543945 0
vn 0 0 1
vn 0 0 1
vn 0 0 1
vn 0 0 -1
vn 0 0 -1
vn 0 0 -1
vn 0.8944276571273804 0.44721269607543945 0
vn 0.8944276571273804 0.44721269607543945 0
vn 0.8944276571273804 0.44721269607543945 0
vn -0.8944265246391296 0.4472149908542633 0
vn -0.8944265246391296 0.4472149908542633 0
vn -0.8944265246391296 0.4472149908542633 0
vn -0.8944265246391296 0.4472149908542633 0
vn 0.8944276571273804 0.44721269607543945 0
vn 0 0 1
vn 0 0 1
vn 0 0 1
vn 0 -1 0
vn 0 -1 0
vn 0 -1 0
vn 0 -1 0
vn 0 -1 0
vn 0 -1 0
vn 0 -1 0
vn 0 -1 0
vn 0 -1 0
vn 0 -1 0
vn 0 -1 0
vn 0 -1 0
vn 0 -1 0
vn 0 -1 0
vn 0 -1 0
vn 0 -1 0
vn 0 -1 0
vn 0 -1 0
vn 0 -1 0
vn 0 -1 0
vn 0 -1 0
vn 0 -1 0
vn 0 -1 0
vn 0 -1 0
vn 0 -1 0
vn 0 -1 0
vn 0 -1 0
vn 0 -1 0
vn 0 -1 0
vn 0 -1 0
vn 0 -1 0
vn 0 -1 0
vn 0 -1 0
vn 0 -1 0
vn 0 -1 0
vn 0 -1 0
vn 0 -1 0
vn 0 -1 0
vn 0 -1 0
vn 0 -1 0
vn 0 -1 0
vn 0 -1 0
vn 0 -1 0
vn 0 -1 0
vn 0 -1 0
vn 0 -1 0
vn 0 -1 0
vn 1 0 0
vn 1 0 0
vn 1 0 0
vn 0 -1 0
vn 0 -1 0
vn 0 -1 0
vn 0 -1 0
vn 0 -1 0
vn 0 -1 0
vn 0 -1 0
vn 0 -1 0
vn 0 -1 0
vn 0 -1 0
vn 0 -1 0
vn 0 -1 0
vn 0 -1 0
vn 0 -1 0
vn 0 -1 0
vn 0 -1 0
vn 0 -1 0
vn 0 -1 0
vn 0 -1 0
vn 0 -1 0
vn 0 -1 0
vn 0 -1 0
vn 0 -1 0
vn 0 -1 0
vn 0 -1 0
vn 0 -1 0
vn 0 -1 0
vn 0 -1 0
vn 0 -1 0
vn 0 -1 0
vn 0 -1 0
vn 0 -1 0
vn 0 -1 0
vn 0 -1 0
vn 0 -1 0
vn 0 -1 0
vn 0 -1 0
vn 0 -1 0
vn 0 -1 0
vn 0 -1 0
vn 0 -1 0
vn 0 -1 0
vn 0 -1 0
vn 0 -1 0
vn 0 -1 0
vn 0 -1 0
vn 0 -1 0
vn 0 -1 0
vn 0 -1 0
vn 0 -1 0
vn 0 -1 0
vn 0 -1 0
vn 0 -1 0
vn 0 -1 0
vn 0 -1 0
vn 0 -1 0
vn 0 -1 0
vn 0 -1 0
vn 0 -1 0
vn 0 -1 0
vn 0 -1 0
vn 0 -1 0
vn 0 -1 0
vn 0 -1 0
vn 0 -1 0
vn 0 -1 0
vn 0 -1 0
vn 0 -1 0
vn 0 -1 0
vn 0 -1 0
vn 0 -1 0
vn 0 -1 0
vn 0 -1 0
vn 0 -1 0
vn 0 -1 0
vn 0 -1 0
vn 0 -1 0
vn 0 -1 0
vn 0 -1 0
vn 0 -1 0
vn 0 -1 0
vn 0 -1 0
vn 0 -1 0
vn 0 -1 0
vn 0 -1 0
vn 0 -1 0
vn 0 -1 0
vn 0 -1 0
vn 0 -1 0
vn 0 -1 0
vn 0 -1 0
vn 0 -1 0
vn 0 -1 0
vn 0 -1 0
vn 0 -1 0
vn 0 -1 0
vn 0 -1 0
vn 0 -1 0
vn 0 -1 0
vn 0 -1 0
vn 0 -1 0
vn 0 -1 0
vn 0 -1 0
vn 0 -1 0
vn 0 -1 0
vn 0 -1 0
vn 0 -1 0
vn 0 -1 0
vn 0 -1 0
vn 0 -1 0
vn 0 -1 0
vn 0 -1 0
vn 0 -1 0
vn 0 -1 0
vn 0 -1 0
vn 0 -1 0
vn 0 -1 0
vn 0 -1 0
vn 0 -1 0
vn 0 -1 0
vn 0 -1 0
vn 0 -1 0
vn 0 -1 0
vn 0 -1 0
vn 0 -1 0
vn 0 -1 0
vn 0 -1 0
vn 0 -1 0
vn 0 -1 0
vn 0 -1 0
vn 0 -1 0
vn 0 -1 0
vn 0 -1 0
vn 0 -1 0
vn 0 -1 0
vn 0 -1 0
vn 0 -1 0
vn 0 -1 0
vn 0 -1 0
vn 0 -1 0
vn 0 -1 0
vn 0 -1 0
vn 0 -1 0
vn 0 -1 0
vn 0 -1 0
vn 0 -1 0
vn 0 -1 0
vn 0 -1 0
vn 0 -1 0
vn 0 -1 0
vn 0 -1 0
vn 0 -1 0
vn 0 -1 0
vn 0 -1 0
vn 0 -1 0
vn 0 -1 0
vn 0 -1 0
vn 0 -1 0
vn 0 -1 0
vn 0 -1 0
vn 0 -1 0
vn 0 -1 0
vn 0 -1 0
vn 0 -1 0
vn 0 -1 0
vn 0 -1 0
vn 0 -1 0
vn 0 -1 0
vn 0 -1 0
vn 0 -1 0
vn 0 -1 0
vn 0 -1 0
vn 0 -1 0
vn 0 -1 0
vn 0 0 1
vn 0 0 1
vn 0 0 1
vn 0 1 0
vn 0 1 0
vn 0 1 0
vn 0 1 0
vn 0 1 0
vn 0 1 0
vn 0 1 0
vn 0 1 0
vn 0 1 0
vn 0 1 0
vn 0 1 0
vn 0 1 0
vn 0 1 0
vn 0 1 0
vn 0 1 0
vn 0 1 0
vn 0 1 0
vn 0 1 0
vn 0 1 0
vn 0 1 0
vn 0 1 0
vn 0 1 0
vn 0 1 0
vn 0 1 0
vn 0 1 0
vn 0 1 0
vn 0 1 0
vn 0 1 0
vn 0 1 0
vn 0 1 0
vn 0 1 0
vn 0 1 0
vn 0 1 0
vn 0 1 0
vn 0 1 0
vn 0 1 0
vn 0 1 0
vn 0 1 0
vn 0 1 0
vn 0 1 0
vn 0 1 0
vn 0 1 0
vn 0 1 0
vn 0 1 0
vn 0 1 0
vn 0 1 0
vn 0 1 0
vn 0 1 0
vn 0 1 0
vn 0 1 0
vn 0 1 0
vn 0 1 0
vn 0 1 0
vn 0 1 0
vn 0 1 0
vn 0 1 0
vn 0 1 0
vn 0 1 0
vn -1 0 0
vn -1 0 0
vn -1 0 0
vn 0 1 0
vn 0 1 0
vn 0 1 0
vn 0 1 0
vn 0 1 0
vn 0 1 0
vn 0 1 0
vn 0 1 0
vn 0 1 0
vn 0 1 0
vn 0 1 0
vn 0 1 0
vn 0 1 0
vn 0 1 0
vn 0 1 0
vn 0 1 0
vn 0 1 0
vn 0 1 0
vn 0 1 0
vn 0 1 0
vn 0 1 0
vn 0 1 0
vn 0 1 0
vn 0 1 0
vn 0 1 0
vn 0 1 0
vn 0 1 0
vn 0 1 0
vn 0 1 0
vn 0 1 0
vn 0 1 0
vn 0 1 0
vn 0 1 0
vn 0 1 0
vn 0 1 0
vn 0 1 0
vn 0 1 0
vn 0 1 0
vn 0 1 0
vn 0 1 0
vn 0 1 0
vn 0 1 0
vn 0 1 0
vn 0 1 0
vn 0 1 0
vn 0 1 0
vn 0 1 0
vn 0 1 0
vn 0 1 0
vn 0 1 0
vn 0 1 0
vn 0 1 0
vn 0 1 0
vn 0 1 0
vn 0 1 0
vn 0 1 0
vn 0 1 0
vn 0 1 0
vn 0 1 0
vn 0 1 0
vn 0 1 0
vn 0 1 0
vn 0 1 0
vn 0 1 0
vn 0 1 0
vn 0 1 0
vn 0 1 0
vn 0 1 0
vn 0 1 0
vn 0 1 0
vn 0 1 0
vn 0 1 0
vn 0 1 0
vn 0 1 0
vn 0 1 0
vn 0 1 0
vn 0 1 0
vn 0 1 0
vn 0 1 0
vn 0 1 0
vn 0 1 0
vn 0 1 0
vn 0 1 0
vn 0 1 0
vn 0 1 0
vn 0 1 0
vn 0 1 0
vn 0 1 0
vn 0 1 0
vn 0 1 0
vn 0 1 0
vn 0 1 0
vn 0 0 -1
vn 0 0 -1
vn 0 0 -1
vn 0 1 0
vn 0 1 0
vn 0 1 0
vn 0 1 0
vn 0 1 0
vn 0 1 0
vn 0 1 0
vn 0 1 0
vn 0 1 0
vn 0 1 0
vn 0 1 0
vn 0 1 0
vn 0 1 0
vn 0 1 0
vn 0 1 0
vn 0 1 0
vn 0 1 0
vn 0 1 0
vn 0 1 0
vn 0 1 0
vn 0 1 0
vn 0 1 0
vn 0 1 0
vn 0 1 0
vn 0 1 0
vn 0 1 0
vn 0 1 0
vn 0 1 0
vn 0 1 0
vn 0 1 0
vn 0 1 0
vn 0 1 0
vn 0 1 0
vn 0 1 0
vn 0 1 0
vn 0 1 0
vn 0 1 0
vn 0 1 0
vn 0 1 0
vn 0 1 0
vn 0 1 0
vn 0 1 0
vn 0 1 0
vn 0 1 0
vn 0 1 0
vn 0 1 0
vn 0 1 0
vn 0 1 0
vn 0 1 0
vn 0 1 0
vn 0 1 0
vn 0 1 0
vn 0 1 0
vn 0 1 0
vn 0 1 0
vn 0 1 0
vn 0 1 0
vn 0 1 0
vn 0 1 0
vn 0 1 0
vn 0 1 0
vn 0 1 0
vn 0 1 0
vn 0 1 0
vn 0 1 0
vn 0 1 0
vn 0 1 0
vn 0 1 0
vn 0 1 0
vn 0 1 0
vn 0 1 0
vn 0 1 0
vn 0 1 0
vn 0 1 0
vn 0 1 0
vn 0 1 0
vn 0 1 0
vn 0 1 0
vn 0 1 0
vn 0 1 0
vn 0 1 0
vn 0 1 0
vn 0 1 0
vn 0 1 0
vn 0 1 0
vn 0 1 0
vn 0 1 0
vn 0 1 0
vn 0 1 0
vn 0 1 0
vn 0 1 0
vn 0 1 0
vn 0 1 0
vn 0 1 0
vn 0 1 0
vn 0 1 0
vn 0 1 0
vn 0 1 0
vn 0 1 0
vn 0 1 0
vn 0 1 0
vn 0 1 0
vn 0 1 0
vn 0 1 0
vn 0 1 0
vn 0 1 0
vn 0 1 0
vn 0 1 0
vn 0 1 0
vn 0 1 0
vn 0 1 0
vn 0 1 0
vn 0 1 0
vn 0 1 0
vn 0 1 0
vn 0 1 0
vn 0 1 0
vn 0 1 0
vn 0 1 0
vn 0 1 0
vn 0 1 0
vn 0 1 0
vn 0 1 0
vn 0 1 0
vn 0 1 0
vn 0 1 0
vn 0 1 0
vn 0 1 0
vn 0 1 0
vn 0 1 0
vn 0 1 0
vn 0 1 0
vn 0 1 0
vn 0 1 0
vn 0 1 0
vn 0 1 0
vn 0 1 0
vn 0 1 0
vn 0 1 0
vn 0 1 0
vn 0 1 0
vn 0 1 0
vn 0 1 0
vn 0 1 0
vn 0 1 0
vn 0 1 0
vn 0 1 0
vn 0 1 0
vn 0 1 0
vn 0 1 0
vn 0 0 1
vn 0 0 1
vn 0 0 1
vn 0 1 0
vn 0 1 0
vn 0 1 0
vn 0 1 0
vn 0 1 0
vn 0 1 0
vn 0 1 0
vn 0 1 0
vn 0 1 0
vn 0 1 0
vn 0 1 0
vn 0 1 0
vn 0 1 0
vn 0 1 0
vn 0 1 0
vn 0 1 0
vn 0 1 0
vn 0 1 0
vn 0 1 0
vn 0 1 0
vn 0 1 0
vn 0 1 0
vn 0 1 0
vn 0 1 0
vn 0 1 0
vn 0 1 0
vn 0 1 0
vn 1 0 0
vn 0 1 0
vn 0 1 0
vn 0 1 0
vn 0 1 0
vn 0 1 0
vn 0 1 0
vn 0 1 0
vn 0 1 0
vn 0 1 0
vn 0 1 0
vn 0 1 0
vn 0 1 0
vn 0 1 0
vn 0 1 0
vn 0 1 0
vn 0 1 0
vn 0 1 0
vn 0 1 0
vn 0 1 0
vn 0 1 0
vn 0 1 0
vn 0 1 0
vn 0 1 0
vn 0 1 0
vn 0 1 0
vn 0 1 0
vn 0 1 0
vn 0 1 0
vn 0 1 0
vn 0 1 0
vn 0 1 0
vn 0 1 0
vn 0 1 0
vn 0 1 0
vn 0 1 0
vn 0 1 0
vn 0 1 0
vn 0 1 0
vn 0 1 0
vn 0 1 0
vn 0 1 0
vn 0 1 0
vn 0 1 0
vn 0 1 0
vn 0 1 0
vn 0 1 0
vn 0 1 0
vn 0 1 0
vn 0 1 0
vn 0 1 0
vn 0 1 0
vn 0 1 0
vn 0 1 0
vn 0 1 0
vn 0 1 0
vn 0 1 0
vn 0 1 0
vn 0 1 0
vn 0 1 0
vn 0 1 0
vn 0 1 0
vn 0 1 0
vn 0 1 0
vn 0 1 0
vn 0 1 0
vn 0 1 0
vn 0 1 0
vn 0 1 0
vn 0 1 0
vn 0 1 0
vn 0 1 0
vn 0 1 0
vn 0 1 0
vn 0 1 0
vn 0 1 0
vn 0 1 0
vn 0 1 0
vn 0 1 0
vn 0 1 0
vn 0 1 0
vn 0 1 0
vn -1 0 0
vn 0 1 0
vn 0 1 0
vn 0 1 0
vn 0 1 0
vn 0 1 0
vn 0 1 0
vn 0 1 0
vn 0 1 0
vn 0 1 0
vn 0 1 0
vn 0 1 0
vn 0 1 0
vn 0 1 0
vn 0 1 0
vn 0 1 0
vn 0 1 0
vn 0 1 0
vn 0 1 0
vn 0 1 0
vn 0 1 0
vn 0 1 0
vn 0 1 0
vn 0 1 0
vn 0 1 0
vn 0 1 0
vn 0 1 0
vn 0 1 0
vn 0 1 0
vn 0 1 0
vn 0 1 0
vn 0 1 0
vn 0 1 0
vn 0 1 0
vn 0 1 0
vn 0 1 0
vn 0 1 0
vn 0 1 0
vn 0 1 0
vn 0 1 0
vn 0 1 0
vn 0 1 0
vn 0 1 0
vn 0 1 0
vn 0 1 0
vn 0 1 0
vn 0 1 0
vn 0 1 0
vn 0 1 0
vn 0 1 0
vn 0 1 0
vn 0 1 0
vn 0 1 0
vn 0 1 0
vn 0 1 0
vn 0 1 0
vn 0 1 0
vn 0 1 0
vn 0 1 0
vn 0 1 0
vn 0 1 0
vn 0 1 0
vn 0 1 0
vn 0 1 0
vn 0 1 0
vn 0 1 0
vn 0 1 0
vn 0 1 0
vn 0 1 0
vn 0 1 0
vn 0 1 0
vn 0 1 0
vn 0 1 0
vn 0 1 0
vn 0 1 0
vn 0 1 0
vn 0 1 0
vn 0 1 0
vn 0 1 0
vn 0 1 0
vn 0 1 0
vn 0 1 0
vn 0 1 0
vn 0 1 0
vn 0 1 0
vn 0 1 0
vn 0 1 0
vn 0 1 0
vn 0 1 0
vn 0 1 0
vn 0 1 0
vn 0 1 0
vn 0 1 0
vn 0 1 0
vn 0 1 0
vn 0 1 0
vn 0 1 0
vn 0 1 0
vn 0 1 0
vn 0 1 0
vn 0 1 0
vn 0 1 0
vn 0 1 0
vn 0 1 0
vn 0 1 0
vn 0 1 0
vn 0 1 0
vn 0 1 0
vn 0 1 0
vn 0 1 0
vn 0 1 0
vn 0 1 0
vn 0 1 0
vn 0 1 0
vn 0 1 0
vn 0 1 0
vn 0 1 0
vn 0 1 0
vn 0 1 0
vn 0 1 0
vn 0 1 0
vn 0 1 0
vn 0 1 0
vn 0 1 0
vn 0 1 0
vn 0 1 0
vn 0 1 0
vn 0 1 0
vn 0 1 0
vn 0 1 0
vn 0 1 0
vn 0 1 0
vn 0 1 0
vn 0 1 0
vn 0 1 0
vn 0 1 0
vn 0 1 0
vn 0 1 0
vn 0 1 0
vn 0 1 0
vn 0 1 0
vn 0 1 0
vn 0 1 0
vn 0 1 0
vn 0 1 0
vn 0 1 0
vn 0 1 0
vn 0 1 0
vn 0 1 0
vn 0 1 0
vn 0 1 0
vn 0 1 0
vn 0 1 0
vn 0 1 0
vn 0 1 0
vn 0 1 0
vn 0 1 0
vn 0 1 0
vn 0 1 0
vn 0 1 0
vn 0 1 0
vn 0 1 0
vn 0 1 0
vn 0 0 -1
vn 0 0 -1
vn 0 0 -1
vn 0 1 0
vn 0 1 0
vn 0 1 0
vn 0 1 0
vn 0 1 0
vn 0 1 0
vn 0 1 0
vn 0 1 0
vn 0 1 0
vn 0 1 0
vn 0 1 0
vn 0 1 0
vn 0 1 0
vn 0 1 0
vn 0 1 0
vn 0 1 0
vn 0 1 0
vn 0 1 0
vn 0 1 0
vn 0 1 0
vn 0 1 0
vn 0 -1 0
vn 0 -1 0
vn 0 -1 0
vn 0 -1 0
vn 0 -1 0
vn 0 -1 0
vn 0 -1 0
vn 0 -1 0
vn 0 -1 0
vn 0 -1 0
vn 0 -1 0
vn 0 -1 0
vn 0 -1 0
vn 0 -1 0
vn 0 -1 0
vn 0 -1 0
vn 0 -1 0
vn 0 -1 0
vn 0 -1 0
vn 0 -1 0
vn 0 -1 0
vn 0 -1 0
vn 0 -1 0
vn 0 -1 0
vn 0 -1 0
vn 0 -1 0
vn 0 -1 0
vn 0 -1 0
vn 0 -1 0
vn 0 -1 0
vn 0 -1 0
vn 0 -1 0
vn 0 -1 0
vn 0 -1 0
vn 0 -1 0
vn 0 -1 0
vn 0 -1 0
vn 0 -1 0
vn 0 -1 0
vn 0 -1 0
vn 0 -1 0
vn 0 -1 0
vn 0 -1 0
vn 0 -1 0
vn 0 -1 0
vn 0 -1 0
vn 0 -1 0
vn 0 -1 0
vn 0 -1 0
vn 0 -1 0
vn 0 -1 0
vn 0 -1 0
vn 0 -1 0
vn 0 -1 0
vn 0 -1 0
vn 0 -1 0
vn 0 -1 0
vn 0 -1 0
vn 0 -1 0
vn 0 -1 0
vn 0 -1 0
vn 0 -1 0
vn 0 -1 0
vn 0 -1 0
vn 0 -1 0
vn 0 -1 0
vn 0 -1 0
vn 0 0 -1
vn 0 -1 0
vn 0 -1 0
vn 0 -1 0
vn 0 -1 0
vn 0 -1 0
vn 0 -1 0
vn 0 -1 0
vn 0 -1 0
vn 0 -1 0
vn 0 -1 0
vn 0 -1 0
vn 0 -1 0
vn 0 -1 0
vn 0 -1 0
vn 0 -1 0
vn 0 -1 0
vn 0 -1 0
vn 0 -1 0
vn 0 -1 0
vn 0 -1 0
vn 0 -1 0
vn 0 -1 0
vn 0 -1 0
vn 0 -1 0
vn 0 -1 0
vn 0 -1 0
vn 0 -1 0
vn 0 -1 0
vn 0 -1 0
vn 0 -1 0
vn 0 -1 0
vn 0 -1 0
vn 0 -1 0
vn 0 -1 0
vn 0 -1 0
vn 0 -1 0
vn 0 -1 0
vn 0 -1 0
vn 0 -1 0
vn 0 -1 0
vn 0 -1 0
vn 0 -1 0
vn 0 -1 0
vn 0 -1 0
vn 0 -1 0
vn 0 -1 0
vn 0 -1 0
vn 0 -1 0
vn 0 -1 0
vn 0 -1 0
vn 0 -1 0
vn 0 -1 0
vn 0 -1 0
vn 0 -1 0
vn 0 -1 0
vn 0 -1 0
vn 0 -1 0
vn 0 -1 0
vn 0 -1 0
vn 0 -1 0
vn 0 -1 0
vn 0 -1 0
vn 0 -1 0
vn 0 -1 0
vn 0 -1 0
vn 0 -1 0
vn 0 -1 0
vn 0 -1 0
vn 0 -1 0
vn 0 -1 0
vn 0 -1 0
vn 0 -1 0
vn 0 -1 0
vn 0 -1 0
vn 0 -1 0
vn 0 -1 0
vn 0 -1 0
vn 0 -1 0
vn 0 -1 0
vn 0 -1 0
vn 0 -1 0
vn 0 -1 0
vn 0 -1 0
vn 0 -1 0
vn 0 -1 0
vn 0 -1 0
vn 0 -1 0
vn 0 -1 0
vn 0 -1 0
vn 0 -1 0
vn 0 -1 0
vn 0 -1 0
vn 0 -1 0
vn 0 -1 0
vn 0 -1 0
vn 0 -1 0
vn 0 -1 0
vn 0 -1 0
vn 0 -1 0
vn 0 -1 0
vn 0 -1 0
vn 0 -1 0
vn 0 -1 0
vn 0 -1 0
vn 0 -1 0
vn 0 -1 0
vn 0 -1 0
vn 0 -1 0
vn 0 -1 0
vn 0 -1 0
vn 0 -1 0
vn 0 -1 0
vn 0 -1 0
vn 0 -1 0
vn 0 -1 0
vn 0 -1 0
vn 0 -1 0
vn 0 -1 0
vn 0 -1 0
vn 0 -1 0
vn 0 -1 0
vn 0 -1 0
vn 0 -1 0
vn 0 -1 0
vn 0 -1 0
vn 0 -1 0
vn 0 -1 0
vn 0 -1 0
vn 0 -1 0
vn 0 -1 0
vn 0 -1 0
vn 0 -1 0
vn 0 -1 0
vn 0 -1 0
vn 0 -1 0
vn 0 -1 0
vn 0 -1 0
vn 0 -1 0
vn 0 -1 0
vn 0 -1 0
vn 0 -1 0
vn 0 -1 0
vn 0 -1 0
vn 0 -1 0
vn 0 -1 0
vn 0 -1 0
vn 0 -1 0
vn 0 -1 0
vn 0 -1 0
vn -1 0 0
vn -1 0 0
vn -1 0 0
vn 0 1 0
vn 0 1 0
vn 0 1 0
vn 0 1 0
vn 0 1 0
vn 0 1 0
vn 0 1 0
vn 0 1 0
vn 0 1 0
vn 0 1 0
vn 0 1 0
vn 0 1 0
vn 0 1 0
vn 0 1 0
vn 0 1 0
vn 0 1 0
vn 0 1 0
vn 0 1 0
vn 0 1 0
vn 0 1 0
vn 0 1 0
vn 0 1 0
vn 0 1 0
vn 0 1 0
vn 0 1 0
vn 0 1 0
vn 0 1 0
vn 0 1 0
vn 0 1 0
vn 0 1 0
vn 0 1 0
vn 0 1 0
vn 0 1 0
vn 0 1 0
vn 0 1 0
vn 0 1 0
vn 0 1 0
vn 0 1 0
vn 0 1 0
vn 0 1 0
vn 0 1 0
vn 0 1 0
vn 0 1 0
vn 0 1 0
vn 0 1 0
vn 0 1 0
vn 0 1 0
vn 0 1 0
vn 0 1 0
vn 0 1 0
vn 0 1 0
vn 0 1 0
vn 0 1 0
vn 0 1 0
vn 0 1 0
vn 0 0 1
vn 0 1 0
vn 0 1 0
vn 0 1 0
vn 0 1 0
vn 0 1 0
vn 0 1 0
vn 0 1 0
vn 0 1 0
vn 0 1 0
vn 0 1 0
vn 0 1 0
vn 0 1 0
vn 0 1 0
vn 0 1 0
vn 0 1 0
vn 0 1 0
vn 0 1 0
vn 0 1 0
vn 0 1 0
vn 0 1 0
vn 0 1 0
vn 0 1 0
vn 0 1 0
vn 0 1 0
vn 0 1 0
vn 0 1 0
vn 0 1 0
vn 0 1 0
vn 0 1 0
vn 0 1 0
vn 0 1 0
vn 0 1 0
vn 0 1 0
vn 0 1 0
vn 0 1 0
vn 0 1 0
vn 0 1 0
vn 0 1 0
vn 0 1 0
vn 0 1 0
vn 0 1 0
vn 0 1 0
vn 0 1 0
vn 0 1 0
vn 0 1 0
vn 0 1 0
vn 0 1 0
vn 0 1 0
vn 0 1 0
vn 0 1 0
vn 0 1 0
vn 0 1 0
vn 0 1 0
vn 0 1 0
vn 0 1 0
vn 0 1 0
vn 0 1 0
vn 0 1 0
vn 0 1 0
vn 0 1 0
vn 0 1 0
vn 0 1 0
vn 0 1 0
vn 0 1 0
vn 0 1 0
vn 0 1 0
vn 0 1 0
vn 0 1 0
vn 0 1 0
vn 0 1 0
vn 0 1 0
vn 0 1 0
vn 0 1 0
vn 0 1 0
vn 0 1 0
vn 0 1 0
vn 0 1 0
vn 0 1 0
vn 0 1 0
vn 0 1 0
vn 0 1 0
vn 0 1 0
vn 0 1 0
vn 0 1 0
vn 0 1 0
vn 0 1 0
vn 0 1 0
vn 0 1 0
vn 0 1 0
vn 0 1 0
vn 0 1 0
vn 0 1 0
vn 0 1 0
vn 0 1 0
vn 0 1 0
vn 0 1 0
vn 0 1 0
vn 0 1 0
vn 0 1 0
vn 0 1 0
vn 0 1 0
vn 0 1 0
vn 0 1 0
vn 0 1 0
vn 0 1 0
vn 0 1 0
vn 0 1 0
vn 0 1 0
vn 0 1 0
vn 0 1 0
vn 0 1 0
vn 0 1 0
vn 0 1 0
vn 0 1 0
vn 0 1 0
vn 0 1 0
vn 0 1 0
vn 0 1 0
vn 0 1 0
vn 0 1 0
vn 0 1 0
vn 0 1 0
vn 0 1 0
vn 0 1 0
vn 0 1 0
vn 0 1 0
vn 0 1 0
vn 0 1 0
vn 0 1 0
vn 0 1 0
vn 0 1 0
vn 0 1 0
vn 0 1 0
vn 0 1 0
vn 0 1 0
vn 0 1 0
vn 0 1 0
vn 0 1 0
vn 0 1 0
vn 0 1 0
vn 0 1 0
vn 0 1 0
vn 0 1 0
vn 0 1 0
vn 0 1 0
vn 0 1 0
vn 0 1 0
vn 0 1 0
vn 0 1 0
vn 0 1 0
vn 0 1 0
vn 0 1 0
vn 0 1 0
vn 0 1 0
vn 0 1 0
vn 0 1 0
vn 0 1 0
vn 0 1 0
vn 0 1 0
vn 0 1 0
vn 0 1 0
vn 0 1 0
vn 0 1 0
vn 0 1 0
vn 0 1 0
vn 0 1 0
vn 0 1 0
vn 0 1 0
vn 0 1 0
vn 0 1 0
vn 0 1 0
vn 0 1 0
vn 0 1 0
vn 0 1 0
vn 0 1 0
vn 0 1 0
vn 0 1 0
vn 0 1 0
vn 0 1 0
vn 0 1 0
vn 0 1 0
vn 0 1 0
vn 0 1 0
vn 0 1 0
vn 0 1 0
vn 0 1 0
vn 0 1 0
vn 0 1 0
vn 0 1 0
vn 0 1 0
vn 0 1 0
vn 0 1 0
vn 0 1 0
vn 0 1 0
vn 0 1 0
vn 0 1 0
vn 0 1 0
vn 0 1 0
vn 0 1 0
vn 0 1 0
vn 0 1 0
vn 0 1 0
vn 0 1 0
vn 0 1 0
vn 0 1 0
vn 0 1 0
vn 0 1 0
vn 0 1 0
vn 0 1 0
vn 0 1 0
vn 0 1 0
vn 0 1 0
vn 0 1 0
vn 0 1 0
vn 0 1 0
vn 0 1 0
vn 0 1 0
vn 0 1 0
vn 0 1 0
vn 0 1 0
vn 0 1 0
vn 0 1 0
vn 0 1 0
vn 0 1 0
vn 0 1 0
vn 0 1 0
vn 0 1 0
vn 0 1 0
vn 0 1 0
vn 0 1 0
vn 0 1 0
vn 0 1 0
vn 0 1 0
vn 0 1 0
vn 0 1 0
vn 0 1 0
vn 0 1 0
vn 0 1 0
vn -1 0 0
vn 1 0 0
vn 1 0 0
vn 1 0 0
vn 0 1 0
vn 0 1 0
vn 0 1 0
vn 0 1 0
vn 0 1 0
vn 0 1 0
vn 0 1 0
vn 0 1 0
vn 0 1 0
vn 0 1 0
vn 0 1 0
vn 0 1 0
vn 0 1 0
vn 0 1 0
vn 0 1 0
vn 0 1 0
vn 0 1 0
vn 0 1 0
vn 0 1 0
vn 0 1 0
vn 0 1 0
vn 0 1 0
vn 0 1 0
vn 0 1 0
vn 0 1 0
vn 0 1 0
vn 0 1 0
vn 0 1 0
vn 0 1 0
vn 0 1 0
vn 0 1 0
vn 0 1 0
vn 0 1 0
vn 0 1 0
vn 0 1 0
vn 0 1 0
vn 0 1 0
vn 0 1 0
vn 0 1 0
vn 0 1 0
vn 0 1 0
vn 0 1 0
vn 0 1 0
vn 0 1 0
vn 0 1 0
vn 0 1 0
vn 0 1 0
vn 0 1 0
vn 0 1 0
vn 0 1 0
vn 0 1 0
vn 0 1 0
vn 0 1 0
vn 0 1 0
vn 0 1 0
vn 0 1 0
vn 0 1 0
vn 0 1 0
vn 0 1 0
vn 0 1 0
vn 0 1 0
vn 0 1 0
vn 0 1 0
vn 0 1 0
vn 0 1 0
vn 0 1 0
vn 0 1 0
vn 0 1 0
vn 0 1 0
vn 0 1 0
vn 0 1 0
vn 0 1 0
vn 0 1 0
vn 0 1 0
vn 0 1 0
vn 0 1 0
vn 0 1 0
vn 0 1 0
vn 0 1 0
vn 0 1 0
vn 0 1 0
vn 0 1 0
vn 0 1 0
vn 0 1 0
vn 0 1 0
vn 0 1 0
vn 0 1 0
vn 0 1 0
vn 0 1 0
vn 0 1 0
vn 0 1 0
vn 0 1 0
vn 0 1 0
vn 0 1 0
vn 0 1 0
vn 0 1 0
vn 0 1 0
vn 0 1 0
vn 0 1 0
vn 0 1 0
vn 0 1 0
vn 0 1 0
vn 0 1 0
vn 0 1 0
vn 0 1 0
vn 0 1 0
vn 0 1 0
vn 0 1 0
vn 0 1 0
vn 0 1 0
vn 0 1 0
vn 0 1 0
vn 0 1 0
vn 0 1 0
vn 0 1 0
vn 0 1 0
vn 0 1 0
vn 0 1 0
vn 0 1 0
vn 0 1 0
vn 0 1 0
vn 0 1 0
vn 0 1 0
vn 0 1 0
vn 0 1 0
vn 0 1 0
vn 0 1 0
vn 0 1 0
vn 0 1 0
vn 0 1 0
vn 0 1 0
vn 0 1 0
vn 0 1 0
vn 0 1 0
vn 0 1 0
vn 0 1 0
vn 0 1 0
vn 0 1 0
vn 0 1 0
vn 0 1 0
vn 0 1 0
vn 0 1 0
vn 0 1 0
vn 0 1 0
vn 0 1 0
vn 0 1 0
vn 0 1 0
vn 0 1 0
vn 0 1 0
vn 0 1 0
vn 0 1 0
vn 0 1 0
vn 0 1 0
vn 0 1 0
vn 0 1 0
vn 0 1 0
vn 0 1 0
vn 0 1 0
vn 0 1 0
vn 0 1 0
vn 0 1 0
vn 0 1 0
vn 0 1 0
vn 0 1 0
vn 0 1 0
vn 0 1 0
vn 0 1 0
vn 0 1 0
vn 0 0 1
vn 0 0 -1
vn 0 1 0
vn 0 1 0
vn 0 1 0
vn 0 1 0
vn 0 1 0
vn 0 1 0
vn 0 1 0
vn 0 1 0
vn 0 1 0
vn 0 1 0
vn 0 1 0
vn 0 1 0
vn 0 1 0
vn 0 1 0
vn 0 1 0
vn 0 1 0
vn 0 1 0
vn 0 1 0
vn 0 1 0
vn 0 1 0
vn 0 1 0
vn 0 1 0
vn 0 1 0
vn 0 1 0
vn 0 1 0
vn 0 1 0
vn 0 1 0
vn 0 1 0
vn 0 1 0
vn 0 1 0
vn 0 1 0
vn 0 1 0
vn 0 1 0
vn 0 1 0
vn 0 1 0
vn 0 1 0
vn 0 1 0
vn 0 1 0
vn 0 1 0
vn 0 1 0
vn 0 1 0
vn 0 1 0
vn 0 1 0
vn 0 1 0
vn 0 1 0
vn 0 1 0
vn 0 1 0
vn 0 1 0
vn 0 1 0
vn 0 1 0
vn 0 1 0
vn 0 1 0
vn 0 1 0
vn 0 1 0
vn 0 1 0
vn 0 1 0
vn 0 1 0
vn 0 1 0
vn 0 1 0
vn 0 1 0
vn 0 1 0
vn 0 1 0
vn 0 1 0
vn 0 1 0
vn 0 1 0
vn 0 1 0
vn 0 1 0
vn 0 1 0
vn 0 1 0
vn 0 1 0
vn 0 1 0
vn 0 1 0
vn 0 1 0
vn 0 1 0
vn 0 1 0
vn 0 1 0
vn 0 1 0
vn 0 1 0
vn 0 1 0
vn 0 1 0
vn 0 1 0
vn 0 1 0
vn 0 1 0
vn 0 1 0
vn 1 0 0
vn 0 1 0
vn 0 1 0
vn 0 1 0
vn 0 1 0
vn 0 1 0
vn 0 1 0
vn 0 1 0
vn 0 1 0
vn 0 1 0
vn 0 1 0
vn 0 1 0
vn 0 1 0
vn 0 1 0
vn 0 1 0
vn 0 1 0
vn 0 1 0
vn 0 1 0
vn 0 1 0
vn 0 1 0
vn 0 1 0
vn 0 0 1
vn 0 0 1
vn 0 0 1
vn 1 0 0
vn 1 0 0
vn 1 0 0
vn -1 0 0
vn -1 0 0
vn -1 0 0
vn 0 0 -1
vn 0 0 -1
vn 0 0 -1
vn 1 0 0
vn 1 0 0
vn 1 0 0
vn 0 0 1
vn 1 0 0
vn -1 0 0
vn 1 0 0
vn 0 0 -1
vn 0 0 1
vn 0 0 1
vn 0 0 1
vn 1 0 0
vn 1 0 0
vn 1 0 0
vn 0 0 -1
vn 0 0 -1
vn 0 0 -1
vn 1 0 0
vn 0 0 -1
vn 1 0 0
vn 0 0 1
vn 0 0 -1
vn 1 0 0
vn 0 0 -1
vn 0 0 1
vn 0 0 1
vn 0 0 1
vn -1 0 0
vn -1 0 0
vn -1 0 0
vn 0 0 -1
vn 0 0 -1
vn 0 0 -1
vn 0 0 1
vn -1 0 0
vn 0 0 -1
vn 1 0 0
vn 1 0 0
vn 1 0 0
vn 1 0 0
vn 1 0 0
vn 1 0 0
vn 1 0 0
vn 1 0 0
vn 0 0 1
vn 0 0 1
vn 0 0 1
vn 1 0 0
vn 1 0 0
vn 1 0 0
vn 0 0 -1
vn 0 0 -1
vn 0 0 -1
vn 1 0 0
vn 0 0 -1
vn 1 0 0
vn 0 0 1
vn 0 0 -1
vn 1 0 0
vn 0 0 -1
vn -1 0 0
vn -1 0 0
vn -1 0 0
vn 0 0 1
vn 0 0 1
vn 0 0 1
vn 1 0 0
vn 1 0 0
vn 1 0 0
vn 0 0 -1
vn 0 0 -1
vn 0 0 -1
vn 1 0 0
vn 1 0 0
vn 1 0 0
vn -1 0 0
vn 0 0 1
vn 1 0 0
vn 1 0 0
vn 0 0 -1
vn 0 0 1
vn 0 0 1
vn 0 0 1
vn 1 0 0
vn 1 0 0
vn 1 0 0
vn 0 0 -1
vn 0 0 -1
vn 0 0 -1
vn 1 0 0
vn 0 0 -1
vn 1 0 0
vn 0 0 1
vn 0 0 -1
vn 1 0 0
vn 0 0 -1
vn 0 0 1
vn 0 0 1
vn 0 0 1
vn -1 0 0
vn -1 0 0
vn -1 0 0
vn 1 0 0
vn 1 0 0
vn 1 0 0
vn 0 0 -1
vn 0 0 -1
vn 0 0 -1
vn 1 0 0
vn 1 0 0
vn 1 0 0
vn 0 0 1
vn -1 0 0
vn 1 0 0
vn 1 0 0
vn 0 0 -1
vn 0 0 1
vn 0 0 1
vn 0 0 1
vn 1 0 0
vn 1 0 0
vn 1 0 0
vn 0 0 -1
vn 0 0 -1
vn 0 0 -1
vn 1 0 0
vn 0 0 -1
vn 1 0 0
vn 0 0 1
vn 0 0 -1
vn 1 0 0
vn 0 0 -1
vn -1 0 0
vn -1 0 0
vn -1 0 0
vn 0 0 -1
vn 0 0 -1
vn 0 0 -1
vn 0 0 1
vn 0 0 1
vn 0 0 1
vn -1 0 0
vn 0 0 1
vn 1 0 0
vn 1 0 0
vn 1 0 0
vn 1 0 0
vn 1 0 0
vn 1 0 0
vn 1 0 0
vn 1 0 0
vn 0 0 -1
vn 0 0 1
vn 0 0 1
vn 0 0 1
vn 1 0 0
vn 1 0 0
vn 1 0 0
vn 0 0 -1
vn 0 0 -1
vn 0 0 -1
vn 1 0 0
vn 0 0 -1
vn 1 0 0
vn 0 0 1
vn 0 0 -1
vn 1 0 0
vn 0 0 -1
vn 0 0 1
vn 0 0 1
vn 0 0 1
vn 1 0 0
vn 1 0 0
vn 1 0 0
vn -1 0 0
vn -1 0 0
vn -1 0 0
vn 0 0 -1
vn 0 0 -1
vn 0 0 -1
vn 1 0 0
vn 1 0 0
vn 1 0 0
vn 0 0 1
vn 1 0 0
vn -1 0 0
vn 1 0 0
vn 0 0 -1
vn 0 0 1
vn 0 0 1
vn 0 0 1
vn 1 0 0
vn 1 0 0
vn 1 0 0
vn 0 0 -1
vn 0 0 -1
vn 0 0 -1
vn 0 0 1
vn 0 0 -1
vn 1 0 0
vn 0 0 -1
vn 1 0 0
vn 1 0 0
vn 0 0 -1
vn -1 0 0
vn -1 0 0
vn -1 0 0
vn 0 0 1
vn 0 0 1
vn 0 0 1
vn 1 0 0
vn 1 0 0
vn 1 0 0
vn 0 0 -1
vn 0 0 -1
vn 0 0 -1
vn 1 0 0
vn 1 0 0
vn 1 0 0
vn 0 0 1
vn -1 0 0
vn 1 0 0
vn 1 0 0
vn 0 0 -1
vn 0 0 1
vn 0 0 1
vn 0 0 1
vn 1 0 0
vn 1 0 0
vn 1 0 0
vn 0 0 -1
vn 0 0 -1
vn 0 0 -1
vn 1 0 0
vn 0 0 -1
vn 1 0 0
vn 0 0 1
vn 0 0 -1
vn 1 0 0
vn 0 0 -1
vn -1 0 0
vn -1 0 0
vn -1 0 0
vn -1 0 0
vn 0 0 1
vn 0 0 1
vn 0 0 1
vn 1 0 0
vn 1 0 0
vn 1 0 0
vn 0 0 -1
vn 0 0 -1
vn 0 0 -1
vn 1 0 0
vn 1 0 0
vn 1 0 0
vn 0 0 1
vn 1 0 0
vn 1 0 0
vn 0 0 -1
vn 0 0 1
vn 0 0 1
vn 0 0 1
vn 1 0 0
vn 1 0 0
vn 1 0 0
vn 0 0 -1
vn 0 0 -1
vn 0 0 -1
vn 1 0 0
vn 0 0 -1
vn 1 0 0
vn 0 0 1
vn 0 0 -1
vn 1 0 0
vn 0 0 -1
vn 0 0 1
vn 0 0 1
vn 0 0 1
vn -1 0 0
vn -1 0 0
vn -1 0 0
vn 1 0 0
vn 1 0 0
vn 1 0 0
vn 0 0 -1
vn 0 0 -1
vn 0 0 -1
vn 1 0 0
vn 1 0 0
vn 1 0 0
vn 0 0 1
vn -1 0 0
vn 1 0 0
vn 1 0 0
vn 0 0 -1
vn 0 0 1
vn 0 0 1
vn 0 0 1
vn 1 0 0
vn 1 0 0
vn 1 0 0
vn 0 0 -1
vn 0 0 -1
vn 0 0 -1
vn 1 0 0
vn 0 0 -1
vn 1 0 0
vn 0 0 1
vn 0 0 -1
vn 1 0 0
vn 0 0 -1
vn -1 0 0
vn -1 0 0
vn -1 0 0
vn 0 0 1
vn 0 0 1
vn 0 0 1
vn 1 0 0
vn 1 0 0
vn 1 0 0
vn 0 0 -1
vn 0 0 -1
vn 0 0 -1
vn 1 0 0
vn 1 0 0
vn 1 0 0
vn 0 0 1
vn -1 0 0
vn 1 0 0
vn 1 0 0
vn 0 0 -1
vn 1 0 0
vn 1 0 0
vn 1 0 0
vn 0 0 -1
vn 0 0 -1
vn 0 0 -1
vn 0 0 1
vn 0 0 1
vn 0 0 1
vn 1 0 0
vn 0 0 -1
vn 1 0 0
vn 0 0 -1
vn 0 0 1
vn 1 0 0
vn 0 0 -1
vn -1 0 0
vn -1 0 0
vn -1 0 0
vn 0 0 1
vn 0 0 1
vn 0 0 1
vn 0 0 -1
vn 0 0 -1
vn 0 0 -1
vn -1 0 0
vn 0 0 1
vn 0 0 -1
vn 1 0 0
vn 1 0 0
vn 1 0 0
vn 1 0 0
vn 1 0 0
vn 1 0 0
vn 1 0 0
vn 1 0 0
vn 1 0 0
vn 1 0 0
vn 1 0 0
vn 0 0 -1
vn 0 0 -1
vn 0 0 -1
vn 0 0 1
vn 0 0 1
vn 0 0 1
vn 1 0 0
vn 0 0 -1
vn 1 0 0
vn 0 0 -1
vn 0 0 1
vn 1 0 0
vn 0 0 -1
vn -1 0 0
vn -1 0 0
vn -1 0 0
vn 0 0 1
vn 0 0 1
vn 0 0 1
vn 1 0 0
vn 1 0 0
vn 1 0 0
vn 0 0 -1
vn 0 0 -1
vn 0 0 -1
vn 1 0 0
vn 1 0 0
vn 1 0 0
vn -1 0 0
vn 0 0 1
vn 1 0 0
vn 1 0 0
vn 0 0 -1
vn 1 0 0
vn 1 0 0
vn 1 0 0
vn 0 0 -1
vn 0 0 -1
vn 0 0 -1
vn 0 0 1
vn 0 0 1
vn 0 0 1
vn 1 0 0
vn 0 0 -1
vn 1 0 0
vn 0 0 -1
vn 0 0 1
vn 1 0 0
vn 0 0 -1
vn -1 0 0
vn -1 0 0
vn -1 0 0
vn 0 0 1
vn 0 0 1
vn 0 0 1
vn 1 0 0
vn 1 0 0
vn 1 0 0
vn 0 0 -1
vn 0 0 -1
vn 0 0 -1
vn 1 0 0
vn 1 0 0
vn 1 0 0
vn -1 0 0
vn 0 0 1
vn 1 0 0
vn 1 0 0
vn 0 0 -1
vn 1 0 0
vn 1 0 0
vn 1 0 0
vn 0 0 -1
vn 0 0 -1
vn 0 0 -1
vn 0 0 1
vn 0 0 1
vn 0 0 1
vn 1 0 0
vn 0 0 -1
vn 1 0 0
vn 0 0 -1
vn 0 0 1
vn 1 0 0
vn 0 0 -1
vn -1 0 0
vn -1 0 0
vn -1 0 0
vn 0 0 -1
vn 0 0 -1
vn 0 0 -1
vn 0 0 1
vn 0 0 1
vn 0 0 1
vn -1 0 0
vn 0 0 1
vn 1 0 0
vn 1 0 0
vn 1 0 0
vn 1 0 0
vn 1 0 0
vn 1 0 0
vn 1 0 0
vn 1 0 0
vn 0 0 -1
vn 1 0 0
vn 1 0 0
vn 1 0 0
vn 0 0 -1
vn 0 0 -1
vn 0 0 -1
vn 0 0 1
vn 0 0 1
vn 0 0 1
vn 1 0 0
vn 0 0 -1
vn 1 0 0
vn 0 0 -1
vn 0 0 1
vn 1 0 0
vn 0 0 -1
vn -1 0 0
vn -1 0 0
vn -1 0 0
vn 0 0 1
vn 0 0 1
vn 0 0 1
vn 1 0 0
vn 1 0 0
vn 1 0 0
vn 0 0 -1
vn 0 0 -1
vn 0 0 -1
vn 1 0 0
vn 1 0 0
vn 1 0 0
vn 0 0 1
vn -1 0 0
vn 1 0 0
vn 1 0 0
vn 0 0 -1
vn 1 0 0
vn 1 0 0
vn 1 0 0
vn 0 0 -1
vn 0 0 -1
vn 0 0 -1
vn 0 0 1
vn 0 0 1
vn 0 0 1
vn 0 0 -1
vn 0 0 1
vn 1 0 0
vn 0 0 -1
vn 1 0 0
vn 1 0 0
vn 0 0 -1
vn 0 0 1
vn 0 0 1
vn 0 0 1
vn -1 0 0
vn -1 0 0
vn -1 0 0
vn 1 0 0
vn 1 0 0
vn 1 0 0
vn 0 0 -1
vn 0 0 -1
vn 0 0 -1
vn 1 0 0
vn 1 0 0
vn 1 0 0
vn -1 0 0
vn 0 0 1
vn 1 0 0
vn 1 0 0
vn 0 0 -1
vn 1 0 0
vn 1 0 0
vn 1 0 0
vn 0 0 -1
vn 0 0 -1
vn 0 0 -1
vn 0 0 1
vn 0 0 1
vn 0 0 1
vn 1 0 0
vn 0 0 -1
vn 1 0 0
vn 0 0 -1
vn 0 0 1
vn 1 0 0
vn 0 0 -1
vn -1 0 0
vn -1 0 0
vn -1 0 0
vn -1 0 0
vn 0 0 1
vn 0 0 1
vn 0 0 1
vn 1 0 0
vn 1 0 0
vn 1 0 0
vn 0 0 -1
vn 0 0 -1
vn 0 0 -1
vn 1 0 0
vn 1 0 0
vn 1 0 0
vn 0 0 1
vn 1 0 0
vn 1 0 0
vn 0 0 -1
vn 1 0 0
vn 1 0 0
vn 1 0 0
vn 0 0 -1
vn 0 0 -1
vn 0 0 -1
vn 0 0 1
vn 0 0 1
vn 0 0 1
vn 1 0 0
vn 0 0 -1
vn 1 0 0
vn 0 0 -1
vn 0 0 1
vn 1 0 0
vn 0 0 -1
vn -1 0 0
vn -1 0 0
vn -1 0 0
vn 0 0 1
vn 0 0 1
vn 0 0 1
vn 0 0 -1
vn 0 0 -1
vn 0 0 -1
vn 1 0 0
vn 1 0 0
vn 1 0 0
vn 1 0 0
vn 1 0 0
vn 1 0 0
vn -1 0 0
vn 0 0 1
vn 0 0 -1
vn 1 0 0
vn 1 0 0
vn 1 0 0
vn 1 0 0
vn 1 0 0
vn 0 0 -1
vn 0 0 -1
vn 0 0 -1
vn 0 0 1
vn 0 0 1
vn 0 0 1
vn 1 0 0
vn 0 0 -1
vn 1 0 0
vn 0 0 -1
vn 0 0 1
vn 1 0 0
vn 0 0 -1
vn -1 0 0
vn -1 0 0
vn -1 0 0
vn 0 0 1
vn 0 0 1
vn 0 0 1
vn 1 0 0
vn 1 0 0
vn 1 0 0
vn 0 0 1
vn 1 0 0
vn 0 0 -1
vn 0 0 -1
vn 0 0 -1
vn 1 0 0
vn 1 0 0
vn 1 0 0
vn -1 0 0
vn 1 0 0
vn 0 0 -1
vn 1 0 0
vn 1 0 0
vn 1 0 0
vn 0 0 -1
vn 0 0 -1
vn 0 0 -1
vn 0 0 1
vn 0 0 1
vn 0 0 1
vn 1 0 0
vn 0 0 -1
vn 1 0 0
vn 0 0 -1
vn 0 0 1
vn 1 0 0
vn 0 0 -1
vn -1 0 0
vn -1 0 0
vn -1 0 0
vn 0 0 1
vn 0 0 1
vn 0 0 1
vn 0 0 1
vn 1 0 0
vn 1 0 0
vn 1 0 0
vn 1 0 0
vn 0 0 -1
vn 0 0 -1
vn 0 0 -1
vn -1 0 0
vn 0 0 -1
vn 1 0 0
vn 1 0 0
vn 1 0 0
vn 1 0 0
vn 1 0 0
vn 1 0 0
vn 1 0 0
vn 0 0 -1
vn 0 0 -1
vn 0 0 -1
vn 0 0 1
vn 0 0 1
vn 0 0 1
vn 1 0 0
vn 0 0 -1
vn 1 0 0
vn 0 0 -1
vn 0 0 1
vn 1 0 0
vn 0 0 -1
vn -1 0 0
vn -1 0 0
vn -1 0 0
vn 0 0 1
vn 0 0 1
vn 0 0 1
vn 1 0 0
vn 1 0 0
vn 1 0 0
vn 0 0 1
vn 1 0 0
vn 0 0 -1
vn 0 0 -1
vn 0 0 -1
vn 1 0 0
vn 1 0 0
vn 1 0 0
vn -1 0 0
vn 0 0 -1
vn 1 0 0
vn 0 0 -1
vn 0 0 -1
vn 0 0 -1
vn 1 0 0
vn 1 0 0
vn 1 0 0
vn 0 0 1
vn 0 0 1
vn 0 0 1
vn 1 0 0
vn 0 0 -1
vn 1 0 0
vn 0 0 -1
vn 0 0 1
vn 1 0 0
vn 0 0 -1
vn -1 0 0
vn -1 0 0
vn -1 0 0
vn 0 0 1
vn 0 0 1
vn 0 0 1
vn 1 0 0
vn 1 0 0
vn 1 0 0
vn 0 0 1
vn 1 0 0
vn 0 0 -1
vn 0 0 -1
vn 0 0 -1
vn 1 0 0
vn 1 0 0
vn 1 0 0
vn -1 0 0
vn 0 0 -1
vn 1 0 0
vn 1 0 0
vn 1 0 0
vn 1 0 0
vn 0 0 -1
vn 0 0 -1
vn 0 0 -1
vn 0 0 1
vn 0 0 1
vn 0 0 1
vn 1 0 0
vn 0 0 -1
vn 1 0 0
vn 0 0 -1
vn 0 0 1
vn 1 0 0
vn 0 0 -1
vn -1 0 0
vn -1 0 0
vn -1 0 0
vn 0 0 1
vn 0 0 1
vn 0 0 1
vn 0 0 -1
vn 0 0 -1
vn 0 0 -1
vn -1 0 0
vn 0 0 1
vn 1 0 0
vn 1 0 0
vn 1 0 0
vn 1 0 0
vn 1 0 0
vn 1 0 0
vn 1 0 0
vn 0 0 -1
vn 1 0 0
vn 1 0 0
vn 1 0 0
vn 1 0 0
vn 0 0 -1
vn 0 0 -1
vn 0 0 -1
vn 0 0 1
vn 0 0 1
vn 0 0 1
vn 1 0 0
vn 0 0 -1
vn 1 0 0
vn 0 0 -1
vn 0 0 1
vn 1 0 0
vn 0 0 -1
vn -1 0 0
vn -1 0 0
vn -1 0 0
vn 0 0 1
vn 0 0 1
vn 0 0 1
vn 1 0 0
vn 1 0 0
vn 1 0 0
vn 0 0 1
vn 1 0 0
vn 0 0 -1
vn 0 0 -1
vn 0 0 -1
vn 1 0 0
vn 1 0 0
vn 1 0 0
vn -1 0 0
vn 1 0 0
vn 0 0 -1
vn 1 0 0
vn 1 0 0
vn 1 0 0
vn 0 0 -1
vn 0 0 -1
vn 0 0 -1
vn 0 0 1
vn 0 0 1
vn 0 0 1
vn 0 0 -1
vn 0 0 1
vn 1 0 0
vn 0 0 -1
vn 1 0 0
vn 1 0 0
vn 0 0 -1
vn 0 0 1
vn 0 0 1
vn 0 0 1
vn -1 0 0
vn -1 0 0
vn -1 0 0
vn 1 0 0
vn 1 0 0
vn 1 0 0
vn 0 0 1
vn 1 0 0
vn 0 0 -1
vn 0 0 -1
vn 0 0 -1
vn 1 0 0
vn 1 0 0
vn 1 0 0
vn -1 0 0
vn 1 0 0
vn 0 0 -1
vn 1 0 0
vn 1 0 0
vn 1 0 0
vn 0 0 -1
vn 0 0 -1
vn 0 0 -1
vn 0 0 1
vn 0 0 1
vn 0 0 1
vn 1 0 0
vn 0 0 -1
vn 1 0 0
vn 0 0 -1
vn 0 0 1
vn 1 0 0
vn 0 0 -1
vn -1 0 0
vn -1 0 0
vn -1 0 0
vn 0 0 1
vn 0 0 1
vn 0 0 1
vn 1 0 0
vn 1 0 0
vn 1 0 0
vn 0 0 1
vn 1 0 0
vn -1 0 0
vn 0 0 -1
vn 0 0 -1
vn 0 0 -1
vn 1 0 0
vn 1 0 0
vn 1 0 0
vn 1 0 0
vn 0 0 -1
vn 1 0 0
vn 1 0 0
vn 1 0 0
vn 0 0 -1
vn 0 0 -1
vn 0 0 -1
vn 0 0 1
vn 0 0 1
vn 0 0 1
vn 1 0 0
vn 0 0 -1
vn 1 0 0
vn 0 0 -1
vn 0 0 1
vn 1 0 0
vn 0 0 -1
vn -1 0 0
vn -1 0 0
vn -1 0 0
vn 0 0 1
vn 0 0 1
vn 0 0 1
vn 1 0 0
vn 1 0 0
vn 1 0 0
vn 0 0 1
vn 1 0 0
vn 0 0 -1
vn 0 0 -1
vn 0 0 -1
vn 1 0 0
vn 1 0 0
vn 1 0 0
vn -1 0 0
vn 0 0 -1
vn 1 0 0
vn 1 0 0
vn 1 0 0
vn 1 0 0
vn 0 0 -1
vn 0 0 -1
vn 0 0 -1
vn 0 0 1
vn 0 0 1
vn 0 0 1
vn 1 0 0
vn 0 0 -1
vn 1 0 0
vn 0 0 -1
vn 0 0 1
vn 1 0 0
vn 0 0 -1
vn -1 0 0
vn -1 0 0
vn -1 0 0
vn 0 0 1
vn 0 0 1
vn 0 0 1
vn 1 0 0
vn 1 0 0
vn 1 0 0
vn 0 0 -1
vn 0 0 -1
vn 0 0 -1
vn 1 0 0
vn 1 0 0
vn 1 0 0
vn 0 0 1
vn 1 0 0
vn -1 0 0
vn 1 0 0
vn 0 0 -1
vn 1 0 0
vn 1 0 0
vn 1 0 0
vn 0 0 1
vn 0 0 1
vn 0 0 1
vn 0 0 -1
vn 0 0 -1
vn 0 0 -1
vn 1 0 0
vn 1 0 0
vn 0 0 1
vn 0 0 -1
vn 0 0 -1
vn 1 0 0
vn 0 0 -1
vn -1 0 0
vn -1 0 0
vn -1 0 0
vn 0 0 1
vn 0 0 1
vn 0 0 1
vn 0 0 -1
vn 0 0 -1
vn 0 0 -1
vn 0 0 1
vn -1 0 0
vn 0 0 -1
vn 1 0 0
vn 1 0 0
vn 1 0 0
vn 1 0 0
vn 1 0 0
vn 1 0 0
vn 1 0 0
vn 1 0 0
vn 1 0 0
vn 1 0 0
vn 1 0 0
vn 0 0 1
vn 0 0 1
vn 0 0 1
vn 0 0 -1
vn 0 0 -1
vn 0 0 -1
vn 1 0 0
vn 1 0 0
vn 0 0 1
vn 0 0 -1
vn 0 0 -1
vn 1 0 0
vn 0 0 -1
vn -1 0 0
vn -1 0 0
vn -1 0 0
vn 0 0 1
vn 0 0 1
vn 0 0 1
vn 1 0 0
vn 1 0 0
vn 1 0 0
vn 0 0 -1
vn 0 0 -1
vn 0 0 -1
vn 1 0 0
vn 1 0 0
vn 1 0 0
vn 0 0 1
vn 1 0 0
vn -1 0 0
vn 0 0 -1
vn 1 0 0
vn 1 0 0
vn 1 0 0
vn 1 0 0
vn 0 0 1
vn 0 0 1
vn 0 0 1
vn 0 0 -1
vn 0 0 -1
vn 0 0 -1
vn 1 0 0
vn 1 0 0
vn 0 0 1
vn 0 0 -1
vn 0 0 -1
vn 1 0 0
vn 0 0 -1
vn -1 0 0
vn -1 0 0
vn -1 0 0
vn 0 0 1
vn 0 0 1
vn 0 0 1
vn 1 0 0
vn 1 0 0
vn 1 0 0
vn 0 0 -1
vn 0 0 -1
vn 0 0 -1
vn 1 0 0
vn 1 0 0
vn 1 0 0
vn 0 0 1
vn 1 0 0
vn -1 0 0
vn 0 0 -1
vn 1 0 0
vn 1 0 0
vn 1 0 0
vn 1 0 0
vn 0 0 1
vn 0 0 1
vn 0 0 1
vn 0 0 -1
vn 0 0 -1
vn 0 0 -1
vn 1 0 0
vn 1 0 0
vn 0 0 1
vn 0 0 -1
vn 0 0 -1
vn 1 0 0
vn 0 0 -1
vn 0 0 1
vn 0 0 1
vn 0 0 1
vn -1 0 0
vn -1 0 0
vn -1 0 0
vn 0 0 -1
vn 0 0 -1
vn 0 0 -1
vn -1 0 0
vn 1 0 0
vn 1 0 0
vn 1 0 0
vn 1 0 0
vn 1 0 0
vn 1 0 0
vn 0 0 1
vn 1 0 0
vn 0 0 -1
vn 1 0 0
vn 1 0 0
vn 1 0 0
vn 1 0 0
vn 0 0 1
vn 0 0 1
vn 0 0 1
vn 0 0 -1
vn 0 0 -1
vn 0 0 -1
vn 1 0 0
vn 1 0 0
vn 0 0 1
vn 0 0 -1
vn 0 0 -1
vn 1 0 0
vn 0 0 -1
vn -1 0 0
vn -1 0 0
vn -1 0 0
vn 0 0 1
vn 0 0 1
vn 0 0 1
vn 1 0 0
vn 1 0 0
vn 1 0 0
vn 0 0 -1
vn 0 0 -1
vn 0 0 -1
vn 1 0 0
vn 1 0 0
vn 1 0 0
vn 0 0 1
vn 1 0 0
vn -1 0 0
vn 1 0 0
vn 0 0 -1
vn 1 0 0
vn 1 0 0
vn 1 0 0
vn 0 0 1
vn 0 0 1
vn 0 0 1
vn 0 0 -1
vn 0 0 -1
vn 0 0 -1
vn 0 0 1
vn 0 0 -1
vn 1 0 0
vn 1 0 0
vn 0 0 -1
vn 1 0 0
vn 0 0 -1
vn -1 0 0
vn -1 0 0
vn -1 0 0
vn 0 0 1
vn 0 0 1
vn 0 0 1
vn 1 0 0
vn 1 0 0
vn 1 0 0
vn 0 0 -1
vn 0 0 -1
vn 0 0 -1
vn 1 0 0
vn 1 0 0
vn 1 0 0
vn 0 0 1
vn 1 0 0
vn -1 0 0
vn 1 0 0
vn 0 0 -1
vn 1 0 0
vn 1 0 0
vn 1 0 0
vn 0 0 1
vn 0 0 1
vn 0 0 1
vn 0 0 -1
vn 0 0 -1
vn 0 0 -1
vn 1 0 0
vn 1 0 0
vn 0 0 1
vn 0 0 -1
vn 0 0 -1
vn 1 0 0
vn 0 0 -1
vn -1 0 0
vn -1 0 0
vn -1 0 0
vn -1 0 0
vn 0 0 1
vn 0 0 1
vn 0 0 1
vn 1 0 0
vn 1 0 0
vn 1 0 0
vn 0 0 -1
vn 0 0 -1
vn 0 0 -1
vn 1 0 0
vn 1 0 0
vn 1 0 0
vn 0 0 1
vn 1 0 0
vn 1 0 0
vn 0 0 -1
vn 1 0 0
vn 1 0 0
vn 1 0 0
vn 0 0 1
vn 0 0 1
vn 0 0 1
vn 0 0 -1
vn 0 0 -1
vn 0 0 -1
vn 1 0 0
vn 1 0 0
vn 0 0 1
vn 0 0 -1
vn 0 0 -1
vn 1 0 0
vn 0 0 -1
vn -1 0 0
vn -1 0 0
vn -1 0 0
vn 0 0 1
vn 0 0 1
vn 0 0 1
vn 0 0 -1
vn 0 0 -1
vn 0 0 -1
vn 1 0 0
vn 1 0 0
vn 1 0 0
vn 1 0 0
vn 1 0 0
vn 1 0 0
vn 0 0 1
vn -1 0 0
vn 0 0 -1
vn 1 0 0
vn 1 0 0
vn 1 0 0
vn 1 0 0
vn 1 0 0
vn 0 0 1
vn 0 0 1
vn 0 0 1
vn 0 0 -1
vn 0 0 -1
vn 0 0 -1
vn 1 0 0
vn 1 0 0
vn 0 0 1
vn 0 0 -1
vn 0 0 -1
vn 1 0 0
vn 0 0 -1
vn 0 0 1
vn 0 0 1
vn 0 0 1
vn 1 0 0
vn 1 0 0
vn 1 0 0
vn -1 0 0
vn -1 0 0
vn -1 0 0
vn 1 0 0
vn 1 0 0
vn 1 0 0
vn 0 0 -1
vn 0 0 -1
vn 0 0 -1
vn 0 0 1
vn 1 0 0
vn -1 0 0
vn 1 0 0
vn 0 0 -1
vn 0 0 1
vn 0 0 1
vn 0 0 1
vn 1 0 0
vn 1 0 0
vn 1 0 0
vn 0 0 -1
vn 0 0 -1
vn 0 0 -1
vn 1 0 0
vn 1 0 0
vn 0 0 1
vn 0 0 -1
vn 0 0 -1
vn 1 0 0
vn 0 0 -1
vn 0 0 1
vn 0 0 1
vn 0 0 1
vn -1 0 0
vn -1 0 0
vn -1 0 0
vn 0 0 -1
vn 0 0 -1
vn 0 0 -1
vn 0 0 1
vn -1 0 0
vn 0 0 -1
vn 1 0 0
vn 1 0 0
vn 1 0 0
vn 1 0 0
vn 1 0 0
vn 1 0 0
vn 1 0 0
vn 1 0 0
vn 0 0 1
vn 0 0 1
vn 0 0 1
vn 1 0 0
vn 1 0 0
vn 1 0 0
vn 0 0 -1
vn 0 0 -1
vn 0 0 -1
vn 1 0 0
vn 1 0 0
vn 0 0 1
vn 0 0 -1
vn 0 0 -1
vn 1 0 0
vn 0 0 -1
vn 0 0 1
vn 0 0 1
vn 0 0 1
vn 1 0 0
vn 1 0 0
vn 1 0 0
vn -1 0 0
vn -1 0 0
vn -1 0 0
vn 1 0 0
vn 1 0 0
vn 1 0 0
vn 0 0 -1
vn 0 0 -1
vn 0 0 -1
vn 0 0 1
vn 1 0 0
vn -1 0 0
vn 1 0 0
vn 0 0 -1
vn 0 0 1
vn 0 0 1
vn 0 0 1
vn 0 0 -1
vn 0 0 -1
vn 0 0 -1
vn 1 0 0
vn 1 0 0
vn 1 0 0
vn 1 0 0
vn 1 0 0
vn 0 0 1
vn 0 0 -1
vn 0 0 -1
vn 1 0 0
vn 0 0 -1
vn 0 0 1
vn 0 0 1
vn 0 0 1
vn 1 0 0
vn 1 0 0
vn 1 0 0
vn -1 0 0
vn -1 0 0
vn -1 0 0
vn 0 0 -1
vn 0 0 -1
vn 0 0 -1
vn 1 0 0
vn 1 0 0
vn 1 0 0
vn 0 0 1
vn 1 0 0
vn -1 0 0
vn 0 0 -1
vn 1 0 0
vn 0 0 1
vn 0 0 1
vn 0 0 1
vn 1 0 0
vn 1 0 0
vn 1 0 0
vn 0 0 -1
vn 0 0 -1
vn 0 0 -1
vn 1 0 0
vn 1 0 0
vn 0 0 1
vn 0 0 -1
vn 0 0 -1
vn 1 0 0
vn 0 0 -1
vn -1 0 0
vn -1 0 0
vn -1 0 0
vn 0 0 -1
vn 0 0 -1
vn 0 0 -1
vn 0 0 1
vn 0 0 1
vn 0 0 1
vn -1 0 0
vn 0 0 1
vn 1 0 0
vn 1 0 0
vn 1 0 0
vn 1 0 0
vn 1 0 0
vn 1 0 0
vn 1 0 0
vn 1 0 0
vn 0 0 -1
vn 0 0 1
vn 0 0 1
vn 0 0 1
vn 1 0 0
vn 1 0 0
vn 1 0 0
vn 0 0 -1
vn 0 0 -1
vn 0 0 -1
vn 1 0 0
vn 1 0 0
vn 0 0 1
vn 0 0 -1
vn 0 0 -1
vn 1 0 0
vn 0 0 -1
vn 0 0 1
vn 0 0 1
vn 0 0 1
vn 1 0 0
vn 1 0 0
vn 1 0 0
vn -1 0 0
vn -1 0 0
vn -1 0 0
vn 1 0 0
vn 1 0 0
vn 1 0 0
vn 0 0 -1
vn 0 0 -1
vn 0 0 -1
vn 0 0 1
vn 1 0 0
vn -1 0 0
vn 1 0 0
vn 0 0 -1
vn 0 0 1
vn 0 0 1
vn 0 0 1
vn 1 0 0
vn 1 0 0
vn 1 0 0
vn 0 0 -1
vn 0 0 -1
vn 0 0 -1
vn 1 0 0
vn 1 0 0
vn 0 0 1
vn 0 0 -1
vn 0 0 -1
vn 1 0 0
vn 0 0 -1
vn 0 0 1
vn 0 0 1
vn 0 0 1
vn 1 0 0
vn 1 0 0
vn 1 0 0
vn -1 0 0
vn -1 0 0
vn -1 0 0
vn 0 0 -1
vn 0 0 -1
vn 0 0 -1
vn 1 0 0
vn 1 0 0
vn 1 0 0
vn 0 0 1
vn 1 0 0
vn -1 0 0
vn 1 0 0
vn 0 0 -1
vn 0 0 1
vn 0 0 1
vn 0 0 1
vn 1 0 0
vn 1 0 0
vn 1 0 0
vn 0 0 -1
vn 0 0 -1
vn 0 0 -1
vn 1 0 0
vn 1 0 0
vn 0 0 1
vn 0 0 -1
vn 0 0 -1
vn 1 0 0
vn 0 0 -1
vn -1 0 0
vn -1 0 0
vn -1 0 0
vn -1 0 0
vn 0 0 1
vn 0 0 1
vn 0 0 1
vn 1 0 0
vn 1 0 0
vn 1 0 0
vn 1 0 0
vn 1 0 0
vn 1 0 0
vn 0 0 -1
vn 0 0 -1
vn 0 0 -1
vn 0 0 1
vn 1 0 0
vn 1 0 0
vn 0 0 -1
vn 0 0 1
vn 0 0 1
vn 0 0 1
vn 1 0 0
vn 1 0 0
vn 1 0 0
vn 0 0 -1
vn 0 0 -1
vn 0 0 -1
vn 1 0 0
vn 1 0 0
vn 0 0 1
vn 0 0 -1
vn 0 0 -1
vn 1 0 0
vn 0 0 -1
vn 0 0 1
vn 0 0 1
vn 0 0 1
vn 1 0 0
vn 1 0 0
vn 1 0 0
vn -1 0 0
vn -1 0 0
vn -1 0 0
vn 0 0 -1
vn 0 0 -1
vn 0 0 -1
vn 1 0 0
vn 1 0 0
vn 1 0 0
vn 0 0 1
vn 1 0 0
vn -1 0 0
vn 0 0 -1
vn 1 0 0
vn 0 0 1
vn 0 0 1
vn 0 0 1
vn 1 0 0
vn 1 0 0
vn 1 0 0
vn 0 0 -1
vn 0 0 -1
vn 0 0 -1
vn 1 0 0
vn 1 0 0
vn 0 0 1
vn 0 0 -1
vn 0 0 -1
vn 1 0 0
vn 0 0 -1
vn -0.6754248738288879 0 0.7374288439750671
vn -0.7374288439750671 0 0.6754248142242432
vn -0.8432722687721252 0 0.5374866127967834
vn -0.887112557888031 0 0.4615531265735626
vn -0.9536492824554443 0 0.3009203374385834
vn -0.999038577079773 0 0.04384021461009979
vn -0.9763445258140564 0 0.21622057259082794
vn -0.999038577079773 0 -0.04384021461009979
vn -0.9763445258140564 0 -0.21622057259082794
vn -0.9536492824554443 0 -0.3009203374385834
vn -0.887112557888031 0 -0.4615531265735626
vn -0.46154776215553284 0 0.8871153593063354
vn -0.5374840497970581 0 0.8432738780975342
vn -0.21622397005558014 0 0.9763438105583191
vn -0.3009176254272461 0 0.9536501169204712
vn 0.04384433105587959 0 0.9990383982658386
vn -0.04384305328130722 0 0.9990384578704834
vn 0.3009156286716461 0 0.9536507725715637
vn 0.2162235975265503 0 0.9763438701629639
vn 0.5374864339828491 0 0.8432723879814148
vn 0.46154728531837463 0 0.8871155977249146
vn 0.7374266982078552 0 0.6754271984100342
vn 0.6754258871078491 0 0.7374278903007507
vn 0.8871141672134399 0 0.4615500569343567
vn 0.8432710766792297 0 0.5374884605407715
vn 0.9763438105583191 0 0.21622397005558014
vn 0.9536501169204712 0 0.3009176254272461
vn 0.9914442896842957 0 0.13053061068058014
vn 0.9914442896842957 0 0.13053061068058014
vn 0.9914442896842957 0 -0.13053061068058014
vn 0.9536501169204712 0 -0.3009176254272461
vn 0.9763438105583191 0 -0.21622397005558014
vn 0.8432710766792297 0 -0.5374884605407715
vn 0.8871141672134399 0 -0.4615500271320343
vn -0.8432722687721252 0 -0.5374866127967834
vn 0.9914442896842957 0 -0.13053061068058014
vn -0.7374288439750671 0 -0.6754248738288879
vn -0.6754248738288879 0 -0.7374288439750671
vn -0.5374840497970581 0 -0.8432738780975342
vn -0.46154776215553284 0 -0.8871153593063354
vn -0.3009176254272461 0 -0.9536501169204712
vn -0.21622397005558014 0 -0.9763438105583191
vn -0.04384305328130722 0 -0.9990384578704834
vn 0.04384433105587959 0 -0.9990383982658386
vn 0.2162235826253891 0 -0.9763438701629639
vn 0.3009156286716461 0 -0.9536507725715637
vn 0.46154728531837463 0 -0.8871155977249146
vn 0.6754258275032043 0 -0.7374279499053955
vn 0.7374266982078552 0 -0.6754271984100342
vn 0.5374864339828491 0 -0.8432723879814148
vn -0.46154776215553284 0 0.8871153593063354
vn -0.5374840497970581 0 0.8432738780975342
vn -0.6754229664802551 0 0.7374305725097656
vn -0.7374253869056702 0 0.6754286289215088
vn -0.8432710766792297 0 0.5374884605407715
vn -0.21622397005558014 0 0.9763438105583191
vn -0.3009176254272461 0 0.9536501169204712
vn -0.8871141672134399 0 0.4615500271320343
vn -0.9536510705947876 0 0.30091458559036255
vn -0.9763451814651489 0 0.21621765196323395
vn -0.999038577079773 0 0.04384021461009979
vn -0.999038577079773 0 -0.04384021461009979
vn -0.9763451814651489 0 -0.21621765196323395
vn -0.9536510705947876 0 -0.30091458559036255
vn -0.8871141672134399 0 -0.4615500271320343
vn 0.043843481689691544 0 0.9990383982658386
vn -0.043843477964401245 0 0.9990383982658386
vn 0.3009176254272461 0 0.9536501169204712
vn 0.21622397005558014 0 0.9763438105583191
vn 0.5374841094017029 0 0.8432738780975342
vn 0.46154776215553284 0 0.8871153593063354
vn 0.7374253869056702 0 0.6754286289215088
vn 0.6754229664802551 0 0.7374305725097656
vn 0.8871141672134399 0 0.4615500569343567
vn 0.8432710766792297 0 0.5374884605407715
vn 0.9763451814651489 0 0.21621766686439514
vn 0.9536510705947876 0 0.30091458559036255
vn 0.9914455413818359 0 0.1305210441350937
vn 0.9914455413818359 0 0.1305210441350937
vn 0.8432710766792297 0 -0.5374884605407715
vn 0.8871141672134399 0 -0.4615500271320343
vn 0.9536510705947876 0 -0.30091458559036255
vn 0.9914455413818359 0 -0.1305210441350937
vn 0.9763451814651489 0 -0.21621765196323395
vn -0.8432710766792297 0 -0.5374884605407715
vn 0.9914455413818359 0 -0.1305210441350937
vn -0.7374253869056702 0 -0.6754286289215088
vn -0.6754229664802551 0 -0.7374305725097656
vn -0.5374840497970581 0 -0.8432738780975342
vn -0.46154776215553284 0 -0.8871153593063354
vn -0.3009176254272461 0 -0.9536501169204712
vn -0.21622397005558014 0 -0.9763438105583191
vn -0.043843477964401245 0 -0.9990383982658386
vn 0.043843477964401245 0 -0.9990383982658386
vn 0.21622397005558014 0 -0.9763438105583191
vn 0.3009176254272461 0 -0.9536501169204712
vn 0.46154776215553284 0 -0.8871153593063354
vn 0.5374840497970581 0 -0.8432738780975342
vn 0.6754229664802551 0 -0.7374305725097656
vn 0.7374253869056702 0 -0.6754286289215088
vn -0.6754298210144043 0 0.7374243140220642
vn -0.7374316453933716 0 0.6754217743873596
vn -0.8432736396789551 0 0.5374844670295715
vn -0.2162194699048996 0 0.9763447642326355
vn -0.3009127676486969 0 0.9536516666412354
vn -0.4615471661090851 0 0.8871156573295593
vn -0.5374877452850342 0 0.8432715535163879
vn -0.953649640083313 0 0.30091920495033264
vn -0.9763440489768982 0 0.21622271835803986
vn -0.9914448261260986 0 0.13052652776241302
vn -0.8871142268180847 0 0.46154993772506714
vn -0.9914448261260986 0 -0.13052652776241302
vn -0.9990384578704834 0 -0.04384208470582962
vn -0.9763440489768982 0 -0.21622273325920105
vn -0.953649640083313 0 -0.30091920495033264
vn -0.8871142268180847 0 -0.46154993772506714
vn -0.8432736396789551 0 -0.5374844670295715
vn -0.7374315857887268 0 -0.6754218339920044
vn -0.6754298210144043 0 -0.7374243140220642
vn -0.5374877452850342 0 -0.8432715535163879
vn -0.4615471661090851 0 -0.8871156573295593
vn -0.3009127676486969 0 -0.9536516666412354
vn -0.2162194550037384 0 -0.9763447642326355
vn -0.04384208470582962 0 -0.9990384578704834
vn 0.04384208098053932 0 0.9990384578704834
vn -0.13052652776241302 0 0.9914448261260986
vn 0.3009127378463745 0 0.9536516666412354
vn 0.2162194550037384 0 0.9763447642326355
vn 0.5374877452850342 0 0.8432715535163879
vn 0.4615471661090851 0 0.8871156573295593
vn 0.7374316453933716 0 0.6754217743873596
vn 0.6754297614097595 0 0.7374243140220642
vn 0.8871142268180847 0 0.46154993772506714
vn 0.8432736396789551 0 0.5374844670295715
vn 0.9763440489768982 0 0.21622273325920105
vn 0.953649640083313 0 0.30091920495033264
vn 0.9914448261260986 0 0.13052652776241302
vn 0.9914448261260986 0 0.13052652776241302
vn 0.953649640083313 0 -0.30091920495033264
vn 0.9763440489768982 0 -0.21622271835803986
vn 0.9914448261260986 0 -0.13052652776241302
vn 0.13052652776241302 0 -0.9914448261260986
vn 0.2162194550037384 0 -0.9763447642326355
vn 0.3009127676486969 0 -0.9536516666412354
vn 0.4615471661090851 0 -0.8871156573295593
vn 0.8432736396789551 0 -0.5374844670295715
vn 0.8871142268180847 0 -0.4615499675273895
vn 0.6754298210144043 0 -0.7374243140220642
vn 0.7374315857887268 0 -0.6754218339920044
vn 0.5374877452850342 0 -0.8432715535163879
vn 0.13052652776241302 0 0.9914448261260986
vn 0.9914448261260986 0 -0.13052652776241302
vn -0.13052652776241302 0 -0.9914448261260986
vn -0.46155035495758057 0 0.8871139883995056
vn -0.5374826192855835 0 0.8432748317718506
vn -0.6754209399223328 0 0.7374324202537537
vn -0.8432725071907043 0 0.5374862551689148
vn -0.7374260425567627 0 0.6754279136657715
vn -0.887114405632019 0 0.4615496098995209
vn -0.9536522030830383 0 0.3009110689163208
vn -0.21622301638126373 0 0.9763439893722534
vn -0.3009207546710968 0 0.9536491632461548
vn 0.04388293996453285 0 0.9990366697311401
vn -0.04382137581706047 0 0.9990394115447998
vn 0.13053759932518005 0 0.9914433360099792
vn 0.13053759932518005 0 0.9914433360099792
vn 0.1305067539215088 0 0.9914474487304688
vn -0.9763471484184265 0 0.21620884537696838
vn -0.991446316242218 0 0.13051515817642212
vn -0.9990383386611938 0 0.043845511972904205
vn -0.9914452433586121 0 0.13052338361740112
vn -0.999038577079773 0 -0.04384038969874382
vn -0.9763442873954773 0 -0.21622177958488464
vn -0.9536502361297607 0 -0.30091729760169983
vn -0.887114405632019 0 -0.4615496098995209
vn 0.30091866850852966 0 0.9536498188972473
vn 0.2162216752767563 0 0.9763442873954773
vn 0.5374871492385864 0 0.8432719707489014
vn 0.46155136823654175 0 0.8871134519577026
vn 0.7374253869056702 0 0.6754286289215088
vn 0.6754240989685059 0 0.7374295592308044
vn 0.8871099948883057 0 0.46155810356140137
vn 0.8432682752609253 0 0.5374928712844849
vn 0.9238758087158203 0 0.3826923668384552
vn 0.9238758087158203 0 0.3826923668384552
vn -0.8432725071907043 0 -0.5374862551689148
vn -0.7374209761619568 0 -0.6754333972930908
vn -0.6754097938537598 0 -0.7374426126480103
vn -0.6087350249290466 0 -0.7933736443519592
vn 0.1305067539215088 0 0.9914474487304688
vn -0.6087350249290466 0 -0.7933736443519592
vn 0.6087818741798401 0 0.7933376431465149
vn 0.7071141600608826 0 0.7070993781089783
vn 0.6087818741798401 0 0.7933376431465149
vn 0.8871128559112549 0 0.46155259013175964
vn 0.843269944190979 0 0.5374903082847595
vn 0.9238793849945068 0 0.38268378376960754
vn 0.9238793849945068 0 0.38268378376960754
vn -0.923882246017456 0 -0.38267695903778076
vn -0.8660274744033813 0 -0.4999963939189911
vn -0.8660274744033813 0 -0.4999963641166687
vn -0.7374197840690613 0 -0.6754347085952759
vn -0.6754071712493896 0 -0.737445056438446
vn -0.608730673789978 0 -0.7933769226074219
vn 0.7071141600608826 0 0.7070993781089783
vn -0.923882246017456 0 -0.38267695903778076
vn -0.608730673789978 0 -0.7933769226074219
vn 0.608773410320282 0 0.7933441400527954
vn 0.7254737019538879 -9.594185712558101e-8 0.6882498860359192
vn 0.608773410320282 0 0.7933441400527954
vn 0.7933490872383118 -6.859773407086323e-7 0.6087669134140015
vn 0.831310510635376 -1.1970998059496196e-7 0.5558082461357117
vn 0.8871116042137146 0 0.46155500411987305
vn 0.9238763451576233 0 0.3826911151409149
vn 0.9238763451576233 0 0.3826911151409149
vn -0.9238860011100769 0 -0.38266780972480774
vn -0.8525682091712952 -2.2307370173280106e-8 -0.5226159691810608
vn -0.8660292625427246 0 -0.49999335408210754
vn -0.7933538556098938 1.0418163753911358e-7 -0.6087607741355896
vn -0.7520248293876648 -2.7833623406081642e-8 -0.6591348052024841
vn -0.6754223704338074 0 -0.7374311089515686
vn -0.6087544560432434 0 -0.7933586835861206
vn 0.7071061134338379 0 0.7071074843406677
vn 0.7933490872383118 4.480919244542747e-7 0.6087669134140015
vn -0.9238860011100769 0 -0.38266780972480774
vn -0.7933538556098938 -1.5949206044751918e-7 -0.6087607741355896
vn -0.6087544560432434 0 -0.7933586835861206
vn 0.6087937951087952 0 0.7933285236358643
vn 0.7071194648742676 0 0.7070940732955933
vn 0.6087937951087952 0 0.7933285236358643
vn 0.887115478515625 0 0.4615475535392761
vn 0.8432714343070984 0 0.5374879240989685
vn -0.9238831996917725 0 -0.38267454504966736
vn -0.8660265803337097 0 -0.49999791383743286
vn -0.8660265803337097 0 -0.49999791383743286
vn -0.7374211549758911 0 -0.6754332184791565
vn -0.6754148602485657 0 -0.7374379634857178
vn -0.6087454557418823 0 -0.7933655977249146
vn 0.9238826632499695 0 0.3826759159564972
vn 0.9238826632499695 0 0.3826759159564972
vn 0.7071195244789124 0 0.7070940732955933
vn -0.9238831996917725 0 -0.38267454504966736
vn -0.6087454557418823 0 -0.7933655977249146
vn -0.9238826632499695 0 -0.3826759159564972
vn -0.8660262227058411 0 -0.4999985694885254
vn -0.8660262227058411 0 -0.4999985694885254
vn -0.7374253273010254 0 -0.6754286885261536
vn -0.6754239797592163 0 -0.7374296188354492
vn -0.6087601780891418 0 -0.7933542728424072
vn 0.6087454557418823 0 0.7933655977249146
vn 0.7070979475975037 0 0.7071155905723572
vn 0.6087454557418823 0 0.7933655977249146
vn 0.887115478515625 0 0.46154752373695374
vn 0.8432714343070984 0 0.5374879240989685
vn 0.9238826632499695 0 0.38267579674720764
vn 0.9238826632499695 0 0.38267579674720764
vn -0.9238826632499695 0 -0.3826759159564972
vn -0.6087601780891418 0 -0.7933542728424072
vn 0.7070979475975037 0 0.7071155905723572
vn -0.9238826632499695 0 -0.38267579674720764
vn -0.8660262823104858 0 -0.4999985098838806
vn -0.8660262823104858 0 -0.4999985098838806
vn 0.6087468266487122 0 0.7933645248413086
vn 0.7071007490158081 0 0.7071128487586975
vn 0.6087468266487122 0 0.7933645248413086
vn 0.887114405632019 0 0.4615495800971985
vn 0.8432725071907043 0 0.5374862551689148
vn 0.9763442873954773 0 0.21622177958488464
vn 0.9536502361297607 0 0.3009173274040222
vn 0.9914448261260986 0 0.13052652776241302
vn 0.9914448261260986 0 0.13052652776241302
vn 0.9914448261260986 0 -0.13052652776241302
vn 0.9536502361297607 0 -0.30091729760169983
vn 0.9763442873954773 0 -0.21622177958488464
vn 0.8432725071907043 0 -0.5374863147735596
vn 0.887114405632019 0 -0.4615496098995209
vn -0.7374243140220642 0 -0.6754298210144043
vn -0.5374844670295715 0 -0.8432736396789551
vn -0.6754218339920044 0 -0.7374315857887268
vn -0.30091920495033264 0 -0.953649640083313
vn -0.46154993772506714 0 -0.8871142268180847
vn -0.04384208470582962 0 -0.9990384578704834
vn -0.21622273325920105 0 -0.9763440489768982
vn 0.675423264503479 0 -0.7374302744865417
vn 0.46154993772506714 0 -0.8871142268180847
vn 0.5374844670295715 0 -0.8432736396789551
vn 0.04384208470582962 0 -0.9990384578704834
vn 0.21622273325920105 0 -0.9763440489768982
vn 0.30091920495033264 0 -0.953649640083313
vn 0.7374271154403687 0 -0.675426721572876
vn -0.9238826632499695 0 -0.38267579674720764
vn 0.7071007490158081 0 0.7071128487586975
vn 0.9914448261260986 0 -0.13052652776241302
vt 0.6294095516204834 0.017037086188793182
vt 0.5301165580749512 0.1402433067560196
vt 0.5074094533920288 0.11065103858709335
vt 0.5395205616950989 0.16294682025909424
vt 0.638562023639679 0.020828165113925934
vt 0.5488154888153076 0.17007902264595032
vt 0.75 0.0669872984290123
vt 0.5863553285598755 0.2190016508102417
vt 0.5954047441482544 0.24084924161434174
vt 0.6054473519325256 0.24855518341064453
vt 0.8304814696311951 0.12874290347099304
vt 0.13580308854579926 0.3957946300506592
vt 0.1585104912519455 0.42538732290267944
vt 0 0.5
vt 0.167805477976799 0.4325195550918579
vt 0.214749276638031 0.504145622253418
vt 0.0012931510573253036 0.5098224878311157
vt 0.2713811695575714 0.5826215147972107
vt 0.017037086188793182 0.6294095516204834
vt 0.17720945179462433 0.45522305369377136
vt 0.22479188442230225 0.5118514895439148
vt 0.23384132981300354 0.5336989760398865
vt 0.06325072795152664 0.7409791350364685
vt 0.2850815951824188 0.5931341052055359
vt 0.2954270839691162 0.6181105971336365
vt 0.3329668939113617 0.6670330762863159
vt 0.0669872984290123 0.75
vt 0.1464466154575348 0.8535534143447876
vt 0.6429871916770935 0.2974778711795807
vt 0.9330127239227295 0.25
vt 0.6533326506614685 0.3224543333053589
vt 0.6670330762863159 0.3329668939113617
vt 0.3818897604942322 0.7045725584030151
vt 0.25 0.9330127239227295
vt 0.4388616383075714 0.7281714081764221
vt 0.370590478181839 0.9829629063606262
vt 0.5 0.7362203598022461
vt 0.5 1
vt 0.6294095516204834 0.9829629063606262
vt 0.561138391494751 0.7281714081764221
vt 0.6181102395057678 0.7045726776123047
vt 0.75 0.9330127239227295
vt 0.6670330762863159 0.6670330762863159
vt 0.8535534143447876 0.8535534143447876
vt 0.7045729160308838 0.6181105375289917
vt 0.8535534143447876 0.1464466154575348
vt 0.9537234902381897 0.30000030994415283
vt 0.7045729160308838 0.3818894028663635
vt 0.9829629063606262 0.370590478181839
vt 1 0.5
vt 0.7281714677810669 0.4388618767261505
vt 0.7362204790115356 0.4999999403953552
vt 0.9829629063606262 0.6294095516204834
vt 0.7281714677810669 0.5611380338668823
vt 0.9330127239227295 0.75
vt 0.5802164077758789 0
vt 0.5833333134651184 0
vt 0.5833333134651184 1
vt 0.625 0
vt 0.6666666865348816 0
vt 0.625 1
vt 0.7083333134651184 0
vt 0.6666666865348816 1
vt 0.75 0
vt 0.7083333134651184 1
vt 0.7916666865348816 0
vt 0.75 1
vt 0.8333333134651184 0
vt 0.7916666865348816 1
vt 0.06605713069438934 0
vt 0.06605713069438934 1
vt 0.0416666679084301 0
vt 0 1
vt 0 0
vt 1 0
vt 0.9583333134651184 1
vt 0.9583333134651184 0
vt 0.9166666865348816 1
vt 0.9166666865348816 0
vt 0.875 1
vt 0.875 0
vt 0.8333333134651184 1
vt 0.5802164077758789 1
vt 0.0416666679084301 1
vt 1 1
vt 0.6294095516204834 0.017037086188793182
vt 0.5074094533920288 0.11065103858709335
vt 0.5301165580749512 0.1402433067560196
vt 0.5395205616950989 0.16294682025909424
vt 0.5488154888153076 0.17007902264595032
vt 0.5863553285598755 0.2190016359090805
vt 0.638562023639679 0.020828165113925934
vt 0.75 0.0669872984290123
vt 0.5954047441482544 0.24084924161434174
vt 0.6054473519325256 0.24855518341064453
vt 0.6429871916770935 0.2974778711795807
vt 0.8304814696311951 0.12874290347099304
vt 0.13580308854579926 0.3957946300506592
vt 0 0.5
vt 0.1585104912519455 0.42538732290267944
vt 0.167805477976799 0.4325195550918579
vt 0.0012931510573253036 0.5098224878311157
vt 0.17720945179462433 0.45522305369377136
vt 0.017037086188793182 0.6294095516204834
vt 0.214749276638031 0.504145622253418
vt 0.22479188442230225 0.5118514895439148
vt 0.23384132981300354 0.5336989760398865
vt 0.06325072795152664 0.7409791350364685
vt 0.0669872984290123 0.75
vt 0.2713811695575714 0.5826215147972107
vt 0.1464466154575348 0.8535534143447876
vt 0.2850815951824188 0.5931341052055359
vt 0.25 0.9330127239227295
vt 0.2954270839691162 0.6181105375289917
vt 0.6533326506614685 0.3224543333053589
vt 0.6670330762863159 0.33296695351600647
vt 0.7045729160308838 0.3818894028663635
vt 0.3329668939113617 0.6670330762863159
vt 0.370590478181839 0.9829629063606262
vt 0.3818897604942322 0.7045726776123047
vt 0.4388616383075714 0.7281713485717773
vt 0.5 1
vt 0.5 0.7362203598022461
vt 0.9330127239227295 0.75
vt 0.7045729160308838 0.6181105971336365
vt 0.6670330762863159 0.6670331358909607
vt 0.75 0.9330127239227295
vt 0.6181102395057678 0.7045725584030151
vt 0.561138391494751 0.7281713485717773
vt 0.8535534143447876 0.8535534143447876
vt 0.6294095516204834 0.9829629063606262
vt 0.8535534143447876 0.1464466154575348
vt 0.9330127239227295 0.25
vt 0.7281714677810669 0.4388619065284729
vt 0.9537234902381897 0.30000030994415283
vt 0.9829629063606262 0.370590478181839
vt 0.7362204790115356 0.5
vt 1 0.5
vt 0.7281714677810669 0.5611380338668823
vt 0.9829629063606262 0.6294095516204834
vt 0.7001477479934692 0.10524027794599533
vt 0.75 0.0669872984290123
vt 0.7587178349494934 0.07367672771215439
vt 0.8115857839584351 0.15139900147914886
vt 0.8535534143447876 0.1464466154575348
vt 0.017037086188793182 0.6294095516204834
vt 0.06287889927625656 0.5942338705062866
vt 0.07862281054258347 0.7138213515281677
vt 0.06278235465288162 0.7398483753204346
vt 0.0669872984290123 0.75
vt 0.12483645975589752 0.8253905177116394
vt 0.8920672535896301 0.21315452456474304
vt 0.5798256993293762 0
vt 0.5833333134651184 0
vt 0.5833333134651184 1
vt 0.6136681437492371 0
vt 0.5798256993293762 1
vt 0.6136681437492371 1
vt 0.7001477479934692 0.10524027794599533
vt 0.7587178349494934 0.07367672771215439
vt 0.75 0.0669872984290123
vt 0.8115857839584351 0.15139900147914886
vt 0.8535534143447876 0.1464466154575348
vt 0.017037086188793182 0.6294095516204834
vt 0.07862281054258347 0.7138213515281677
vt 0.06287889927625656 0.5942338705062866
vt 0.06278235465288162 0.7398483753204346
vt 0.12483645975589752 0.8253905177116394
vt 0.0669872984290123 0.75
vt 0.8920672535896301 0.21315452456474304
vt 0.0669872984290123 0.25
vt 0.10263832658529282 0.21434897184371948
vt 0.09624802321195602 0.26288795471191406
vt 0.10429703444242477 0.32402610778808594
vt 0.3437539041042328 0.028153162449598312
vt 0.370590478181839 0.017037086188793182
vt 0.39360687136650085 0.034716423600912094
vt 0.806631863117218 0.1454632580280304
vt 0.4505787491798401 0.0583152249455452
vt 0.6294095516204834 0.017037086188793182
vt 0.49950161576271057 0.09585496783256531
vt 0.7476271390914917 0.17992520332336426
vt 0.537041425704956 0.14477753639221191
vt 0.5471524000167847 0.16918785870075226
vt 0.5549499988555908 0.1751711070537567
vt 0.7358478903770447 0.06112530454993248
vt 0.75 0.0669872984290123
vt 0.8153496980667114 0.1521526724100113
vt 0.7567796111106873 0.18371623754501343
vt 0.5924898386001587 0.22409361600875854
vt 0.6022472977638245 0.24765047430992126
vt 0.6107943058013916 0.2542087435722351
vt 0.6256270408630371 0.2735390365123749
vt 0.11821760982275009 0.6628875136375427
vt 0.033034972846508026 0.33196815848350525
vt 0.017037086188793182 0.370590478181839
vt 0.0736689493060112 0.7078856825828552
vt 0.017037086188793182 0.6294095516204834
vt 0.0620671845972538 0.7381218075752258
vt 0.0669872984290123 0.75
vt 0.11941422522068024 0.818324089050293
vt 0.12789559364318848 0.3809986114501953
vt 0.16543540358543396 0.42992115020751953
vt 0.1732330024242401 0.4359044134616852
vt 0.1833440065383911 0.4603147804737091
vt 0.2208838164806366 0.5092372894287109
vt 0.22943082451820374 0.5157955884933472
vt 0.2391882836818695 0.5393524169921875
vt 0.25402069091796875 0.5586823225021362
vt 0.11951076239347458 0.6727100014686584
vt 0.5792291164398193 0
vt 0.5833333134651184 0
vt 0.5833333134651184 1
vt 0.6108248233795166 0
vt 0.5792291164398193 1
vt 0.6108248233795166 1
vt 0.0669872984290123 0.25
vt 0.09624802321195602 0.26288798451423645
vt 0.10263832658529282 0.21434897184371948
vt 0.3437539041042328 0.028153162449598312
vt 0.39360687136650085 0.03471634164452553
vt 0.370590478181839 0.017037086188793182
vt 0.7476271390914917 0.17992520332336426
vt 0.4505787491798401 0.05831509083509445
vt 0.6294095516204834 0.017037086188793182
vt 0.49950161576271057 0.09585465490818024
vt 0.537041425704956 0.14477726817131042
vt 0.5471524000167847 0.16918766498565674
vt 0.5549499988555908 0.1751709133386612
vt 0.7358478903770447 0.06112530454993248
vt 0.7567796111106873 0.18371623754501343
vt 0.806631863117218 0.1454632580280304
vt 0.75 0.0669872984290123
vt 0.8153496980667114 0.1521526724100113
vt 0.5924898386001587 0.22409354150295258
vt 0.6022472977638245 0.2476504147052765
vt 0.6107943058013916 0.2542087137699127
vt 0.6256270408630371 0.2735390365123749
vt 0.033034972846508026 0.33196815848350525
vt 0.0736689493060112 0.7078856825828552
vt 0.10429703444242477 0.3240261375904083
vt 0.017037086188793182 0.370590478181839
vt 0.017037086188793182 0.6294095516204834
vt 0.0620671845972538 0.7381218075752258
vt 0.11941422522068024 0.818324089050293
vt 0.0669872984290123 0.75
vt 0.12789559364318848 0.3809986710548401
vt 0.11821760982275009 0.6628875136375427
vt 0.16543540358543396 0.4299212098121643
vt 0.1732330024242401 0.43590444326400757
vt 0.1833440065383911 0.4603147506713867
vt 0.2208838164806366 0.5092372298240662
vt 0.22943082451820374 0.5157955288887024
vt 0.2391882836818695 0.5393524169921875
vt 0.25402069091796875 0.5586822628974915
vt 0.11951076239347458 0.6727100014686584
vt 0.07327589392662048 0.44934844970703125
vt 0 0.5
vt 0.08927378058433533 0.4107262194156647
vt 0.3938916325569153 0.10610836744308472
vt 0.4268292486667633 0.0957956314086914
vt 0.3999926745891571 0.10691158473491669
vt 0.5 0
vt 0.5102195143699646 0.001345423050224781
vt 0.6856483221054077 0.09579568356275558
vt 0.6294095516204834 0.017037086188793182
vt 0.7365784049034119 0.06142789497971535
vt 0.792086660861969 0.13988356292247772
vt 0.75 0.0669872984290123
vt 0.07327588647603989 0.7081679701805115
vt 0.0013454192085191607 0.5102194547653198
vt 0.017037086188793182 0.6294095516204834
vt 0.06135287880897522 0.7363973259925842
vt 0.0669872984290123 0.75
vt 0.1183059886097908 0.8168798089027405
vt 0.5786333084106445 0
vt 0.5833333134651184 0
vt 0.5833333134651184 1
vt 0.6102436780929565 0
vt 0.5786333084106445 1
vt 0.6102436780929565 1
vt 0.07327589392662048 0.44934844970703125
vt 0.08927378058433533 0.4107262194156647
vt 0 0.5
vt 0.3938916325569153 0.10610836744308472
vt 0.3999926745891571 0.10691158473491669
vt 0.4268292486667633 0.0957956314086914
vt 0.5 0
vt 0.6856483221054077 0.09579568356275558
vt 0.5102195143699646 0.001345423050224781
vt 0.6294095516204834 0.017037086188793182
vt 0.7365784049034119 0.06142789497971535
vt 0.792086660861969 0.13988356292247772
vt 0.75 0.0669872984290123
vt 0.0013454192085191607 0.5102194547653198
vt 0.07327588647603989 0.7081679701805115
vt 0.017037086188793182 0.6294095516204834
vt 0.06135287880897522 0.7363973259925842
vt 0.1183059886097908 0.8168798089027405
vt 0.0669872984290123 0.75
vt 0.5660638213157654 0.0803828164935112
vt 0.6294095516204834 0.017037086188793182
vt 0.6852537989616394 0.09607511013746262
vt 0.7227259278297424 0.055690016597509384
vt 0.7924227118492126 0.14046558737754822
vt 0.75 0.0669872984290123
vt 0.05718971788883209 0.5892569422721863
vt 0.07288137078285217 0.7084473967552185
vt 0.017037086188793182 0.6294095516204834
vt 0.06063785031437874 0.7346710562705994
vt 0.0669872984290123 0.75
vt 0.11719715595245361 0.8154347538948059
vt 0.5780368447303772 0
vt 0.5833333134651184 0
vt 0.5833333134651184 1
vt 0.6096622347831726 0
vt 0.5780368447303772 1
vt 0.6096622347831726 1
vt 0.5660638213157654 0.0803828164935112
vt 0.6852537989616394 0.09607511013746262
vt 0.6294095516204834 0.017037086188793182
vt 0.7227259278297424 0.055690016597509384
vt 0.7924227118492126 0.14046558737754822
vt 0.75 0.0669872984290123
vt 0.05718971788883209 0.5892569422721863
vt 0.017037086188793182 0.6294095516204834
vt 0.07288137078285217 0.7084473967552185
vt 0.06063785031437874 0.7346710562705994
vt 0.11719715595245361 0.8154347538948059
vt 0.0669872984290123 0.75
vt 0.370590478181839 0.017037086188793182
vt 0.5 0
vt 0.684857964515686 0.09635358303785324
vt 0.25 0.0669872984290123
vt 0.3818897604942322 0.2954273819923401
vt 0.3329668939113617 0.3329668641090393
vt 0.4388616383075714 0.27182871103286743
vt 0.6112927198410034 0.15835385024547577
vt 0.5051843523979187 0.2644622027873993
vt 0.5 0.2637796700000763
vt 0.1464466154575348 0.1464466154575348
vt 0.07248547673225403 0.7087258696556091
vt 0.0669872984290123 0.25
vt 0.23451879620552063 0.48711204528808594
vt 0.20056647062301636 0.5690799951553345
vt 0.27016982436180115 0.45146098732948303
vt 0.017037086188793182 0.370590478181839
vt 0 0.5
vt 0.017037086188793182 0.6294095516204834
vt 0.11129269003868103 0.6583537459373474
vt 0.2954270839691162 0.38188937306404114
vt 0.2718285322189331 0.4388618767261505
vt 0.6294095516204834 0.017037086188793182
vt 0.6409565806388855 0.02182002179324627
vt 0.621512234210968 0.15969929099082947
vt 0.75 0.0669872984290123
vt 0.7781743407249451 0.13500621914863586
vt 0.0669872984290123 0.75
vt 0.11263810843229294 0.668573260307312
vt 0.11608625948429108 0.8139870166778564
vt 0.375 0
vt 0.4166666567325592 0
vt 0.375 1
vt 0.3333333432674408 0
vt 0.3333333432674408 1
vt 0.2916666567325592 1
vt 0.2916666567325592 0
vt 0.25 1
vt 0.25 0
vt 0.4583333432674408 0
vt 0.4166666567325592 1
vt 0.5 0
vt 0.4583333432674408 1
vt 0.5416666865348816 0
vt 0.5 1
vt 0.2083333283662796 1
vt 0.2083333283662796 0
vt 0.20434357225894928 0
vt 0.5833333134651184 0
vt 0.5416666865348816 1
vt 0.6090797185897827 0
vt 0.5833333134651184 1
vt 0.20434357225894928 1
vt 0.6090797185897827 1
vt 0.370590478181839 0.017037086188793182
vt 0.3329668939113617 0.332966685295105
vt 0.3818897604942322 0.29542723298072815
vt 0.6112927198410034 0.15835382044315338
vt 0.5 0
vt 0.5 0.2637796401977539
vt 0.5051843523979187 0.2644621729850769
vt 0.4388616383075714 0.2718285918235779
vt 0.1464466154575348 0.1464466154575348
vt 0.0669872984290123 0.25
vt 0.07248547673225403 0.7087258696556091
vt 0.25 0.0669872984290123
vt 0.11129269003868103 0.6583537459373474
vt 0.20056647062301636 0.5690799951553345
vt 0.017037086188793182 0.370590478181839
vt 0 0.5
vt 0.017037086188793182 0.6294095516204834
vt 0.23451879620552063 0.4871119558811188
vt 0.27016982436180115 0.45146089792251587
vt 0.2718285322189331 0.43886175751686096
vt 0.2954270839691162 0.3818892240524292
vt 0.6294095516204834 0.017037086188793182
vt 0.684857964515686 0.09635358303785324
vt 0.6409565806388855 0.02182002179324627
vt 0.621512234210968 0.15969929099082947
vt 0.75 0.0669872984290123
vt 0.7781743407249451 0.13500621914863586
vt 0.0669872984290123 0.75
vt 0.11263810843229294 0.668573260307312
vt 0.11608625948429108 0.8139870166778564
vt 0.1464466154575348 0.1464466154575348
vt 0.29542744159698486 0.3818897604942322
vt 0.0669872984290123 0.25
vt 0.2718285024166107 0.4388616383075714
vt 0.017037086188793182 0.370590478181839
vt 0.25 0.0669872984290123
vt 0.33296698331832886 0.3329668939113617
vt 0.370590478181839 0.017037086188793182
vt 0.38188934326171875 0.2954270541667938
vt 0.5 0
vt 0.4388619661331177 0.2718285322189331
vt 0.2637796401977539 0.5
vt 0 0.5
vt 0.27182865142822266 0.5611383318901062
vt 0.2954273223876953 0.6181102395057678
vt 0.5 1
vt 0.33296680450439453 0.6670330762863159
vt 0.6294095516204834 0.017037086188793182
vt 0.5 0.26377952098846436
vt 0.5611380338668823 0.2718285322189331
vt 0.75 0.0669872984290123
vt 0.6181106567382812 0.2954270541667938
vt 0.8535534143447876 0.1464466154575348
vt 0.6670330166816711 0.3329668939113617
vt 0.9330127239227295 0.25
vt 0.7045730352401733 0.3818897604942322
vt 0.9829629063606262 0.370590478181839
vt 0.6670330166816711 0.6670330762863159
vt 0.75 0.9330127239227295
vt 0.6181106567382812 0.7045729160308838
vt 0.7281710505485535 0.4388616383075714
vt 1 0.5
vt 0.7362203598022461 0.5
vt 0.7281710505485535 0.561138391494751
vt 0.9829629063606262 0.6294095516204834
vt 0.9330127239227295 0.75
vt 0.7045730352401733 0.6181102395057678
vt 0.8535534143447876 0.8535534143447876
vt 0.38188934326171875 0.7045729160308838
vt 0.4388618469238281 0.7281714677810669
vt 0.5 0.7362204790115356
vt 0.5611380338668823 0.7281714677810669
vt 0.6294095516204834 0.9829629063606262
vt 0.375 0
vt 0.4166666567325592 0
vt 0.375 1
vt 0.4583333432674408 0
vt 0.4166666567325592 1
vt 0.3333333432674408 1
vt 0.3333333432674408 0
vt 0.2916666567325592 1
vt 0.2916666567325592 0
vt 0.25 1
vt 0.25 0
vt 0.5 0
vt 0.4583333432674408 1
vt 0.2083333283662796 1
vt 0.2083333283662796 0
vt 0.1666666716337204 1
vt 0.1666666716337204 0
vt 0.125 1
vt 0.125 0
vt 0.0833333358168602 1
vt 0.0833333358168602 0
vt 0.0416666679084301 1
vt 0.0416666679084301 0
vt 0 1
vt 0 0
vt 1 0
vt 0.9583333134651184 1
vt 0.9583333134651184 0
vt 0.9166666865348816 1
vt 0.9166666865348816 0
vt 0.7916666865348816 0
vt 0.8333333134651184 0
vt 0.7916666865348816 1
vt 0.75 0
vt 0.75 1
vt 0.875 0
vt 0.8333333134651184 1
vt 0.875 1
vt 0.5 1
vt 1 1
vt 0.1464466154575348 0.1464466154575348
vt 0.0669872984290123 0.25
vt 0.33296698331832886 0.3329668939113617
vt 0.017037086188793182 0.370590478181839
vt 0.29542744159698486 0.3818897604942322
vt 0.38188934326171875 0.2954270541667938
vt 0.25 0.0669872984290123
vt 0.370590478181839 0.017037086188793182
vt 0.5 0.26377952098846436
vt 0.5 0
vt 0.4388619661331177 0.2718285322189331
vt 0 0.5
vt 0.2718285024166107 0.4388616383075714
vt 0.2637796401977539 0.5
vt 0.27182871103286743 0.561138391494751
vt 0.29542744159698486 0.6181102395057678
vt 0.1464466154575348 0.8535534143447876
vt 0.33296698331832886 0.6670330762863159
vt 0.3818894624710083 0.7045729160308838
vt 0.4388619065284729 0.7281714677810669
vt 0.5611380338668823 0.2718285322189331
vt 0.6294095516204834 0.017037086188793182
vt 0.6181106567382812 0.2954270541667938
vt 0.75 0.0669872984290123
vt 0.6670330166816711 0.3329668939113617
vt 0.8535534143447876 0.1464466154575348
vt 0.7045730352401733 0.3818897604942322
vt 0.9330127239227295 0.25
vt 0.7281710505485535 0.4388616383075714
vt 0.9829629063606262 0.370590478181839
vt 0.6670330166816711 0.6670330762863159
vt 0.6181106567382812 0.7045729160308838
vt 0.8535534143447876 0.8535534143447876
vt 0.7362203598022461 0.5
vt 0.7281710505485535 0.561138391494751
vt 1 0.5
vt 0.9829629063606262 0.6294095516204834
vt 0.9330127239227295 0.75
vt 0.7045730352401733 0.6181102395057678
vt 0.5 1
vt 0.5 0.7362204790115356
vt 0.6294095516204834 0.9829629063606262
vt 0.5611380338668823 0.7281714677810669
vt 0.75 0.9330127239227295
vt 0.875 0.2500000596046448
vt 0.1250000298023224 0.2500000596046448
vt 0.5 1
vt 0.7499999403953552 1
vt 0.7499999403953552 0
vt 0 1
vt 0.2500000596046448 1
vt 1 0
vt 0.2500000596046448 0
vt 1 1
vt 0 0
vt 0.1250000298023224 0.7499999403953552
vt 0.5 0
vt 0.875 0.7499999403953552
vt 0.875 0.2500000596046448
vt 0.1250000298023224 0.2500000596046448
vt 0.5 1
vt 0.7499999403953552 1
vt 0.7499999403953552 0
vt 0 1
vt 0.2500000596046448 1
vt 1 0
vt 0.2500000596046448 0
vt 1 1
vt 0 0
vt 0.1250000298023224 0.7499999403953552
vt 0.5 0
vt 0.875 0.7499999403953552
vt 0 1
vt 0.30000096559524536 1
vt 0.30000096559524536 0.5299997329711914
vt 0 0
vt 0.30000096559524536 0.2500000596046448
vt 0.30000096559524536 0
vt 0 0.5299997329711914
vt 1 1
vt 1 0.5299997329711914
vt 0.7499999403953552 0.5299997329711914
vt 0.5 1
vt 0.875 0.2500000596046448
vt 0 0
vt 0.7499999403953552 0
vt 0.2500000596046448 1
vt 1 0
vt 0.2500000596046448 0
vt 0.875 0.7499999403953552
vt 0.1250000298023224 0.7499999403953552
vt 0.5 0
vt 0 1
vt 1 1
vt 0.1250000298023224 0.2500000596046448
vt 0.5 1
vt 0.875 0.2500000596046448
vt 0.7499999403953552 1
vt 0.7499999403953552 0
vt 0 1
vt 0.875 0.7499999403953552
vt 0.1250000298023224 0.7499999403953552
vt 0.5 0
vt 0.2500000596046448 1
vt 1 0
vt 0.2500000596046448 0
vt 1 1
vt 0 0
vt 0.875 0.2500000596046448
vt 0.1250000298023224 0.2500000596046448
vt 0.5 1
vt 0.7499999403953552 1
vt 0.7499999403953552 0
vt 0 1
vt 0.2500000596046448 1
vt 1 0
vt 0.2500000596046448 0
vt 0.1250000298023224 0.7499999403953552
vt 0.5 0
vt 0.875 0.7499999403953552
vt 1 1
vt 0 0
vt 0.875 0.2500000596046448
vt 0.1250000298023224 0.2500000596046448
vt 0.5 1
vt 0.7499999403953552 1
vt 0.7499999403953552 0
vt 0 1
vt 0.2500000596046448 1
vt 1 0
vt 0.2500000596046448 0
vt 0.1250000298023224 0.7499999403953552
vt 0.5 0
vt 0.875 0.7499999403953552
vt 1 1
vt 0 0
vt 0 1
vt 0.30000096559524536 1
vt 0.30000096559524536 0.5299997329711914
vt 0 0
vt 0.30000096559524536 0.2500000596046448
vt 0.30000096559524536 0
vt 0 0.5299997329711914
vt 1 1
vt 1 0.5299997329711914
vt 0.7499999403953552 0.5299997329711914
vt 0.5 1
vt 0.875 0.2500000596046448
vt 0 0
vt 0.2500000596046448 1
vt 1 0
vt 0.2500000596046448 0
vt 0.7499999403953552 0
vt 0.875 0.7499999403953552
vt 0.1250000298023224 0.7499999403953552
vt 0.5 0
vt 0 1
vt 1 1
vt 0.1250000298023224 0.2500000596046448
vt 0.5 1
vt 0.875 0.2500000596046448
vt 0.7499999403953552 1
vt 0.7499999403953552 0
vt 0 1
vt 0.2500000596046448 1
vt 1 0
vt 0.2500000596046448 0
vt 0.875 0.7499999403953552
vt 0.1250000298023224 0.7499999403953552
vt 0.5 0
vt 1 1
vt 0 0
vt 0.875 0.2500000596046448
vt 0.1250000298023224 0.2500000596046448
vt 0.5 1
vt 0.7499999403953552 1
vt 0.7499999403953552 0
vt 0 1
vt 0.2500000596046448 1
vt 1 1
vt 1 0
vt 0.2500000596046448 0
vt 0.1250000298023224 0.7499999403953552
vt 0.5 0
vt 0.875 0.7499999403953552
vt 0 0
vt 0.875 0.2500000596046448
vt 0.1250000298023224 0.2500000596046448
vt 0.5 1
vt 0.7499999403953552 1
vt 0.7499999403953552 0
vt 0 1
vt 0.2500000596046448 1
vt 1 1
vt 1 0
vt 0.2500000596046448 0
vt 0.1250000298023224 0.7499999403953552
vt 0.5 0
vt 0.875 0.7499999403953552
vt 0 0
vt 0 1
vt 0.30000096559524536 1
vt 0.30000096559524536 0.5299997329711914
vt 0 0
vt 0.30000096559524536 0.2500000596046448
vt 0.30000096559524536 0
vt 0 0.5299997329711914
vt 1 1
vt 1 0.5299997329711914
vt 0.7499999403953552 0.5299997329711914
vt 0.5 1
vt 0.875 0.2500000596046448
vt 0 0
vt 0.7499999403953552 0
vt 0.2500000596046448 1
vt 1 0
vt 0.2500000596046448 0
vt 0.875 0.7499999403953552
vt 0.1250000298023224 0.7499999403953552
vt 0.5 0
vt 0 1
vt 1 1
vt 0.1250000298023224 0.2500000596046448
vt 0.5 1
vt 0.875 0.2500000596046448
vt 0.7499999403953552 1
vt 0.7499999403953552 0
vt 0 1
vt 0.2500000596046448 1
vt 1 0
vt 0.2500000596046448 0
vt 0.875 0.7499999403953552
vt 0.1250000298023224 0.7499999403953552
vt 0.5 0
vt 1 1
vt 0 0
vt 0.875 0.2500000596046448
vt 0.1250000298023224 0.2500000596046448
vt 0.5 1
vt 0.7499999403953552 1
vt 0.7499999403953552 0
vt 0 1
vt 0.2500000596046448 1
vt 1 0
vt 0.2500000596046448 0
vt 0.1250000298023224 0.7499999403953552
vt 0.5 0
vt 0.875 0.7499999403953552
vt 1 1
vt 0 0
vt 0.875 0.2500000596046448
vt 0.1250000298023224 0.2500000596046448
vt 0.5 1
vt 0.7499999403953552 1
vt 0.7499999403953552 0
vt 0 1
vt 0.2500000596046448 1
vt 1 0
vt 0.2500000596046448 0
vt 0.1250000298023224 0.7499999403953552
vt 0.5 0
vt 0.875 0.7499999403953552
vt 1 1
vt 0 0
vt 0 1
vt 0.30000096559524536 1
vt 0.30000096559524536 0.5299997329711914
vt 0 0
vt 0.30000096559524536 0.2500000596046448
vt 0.30000096559524536 0
vt 0 0.5299997329711914
vt 1 1
vt 1 0.5299997329711914
vt 0.7499999403953552 0.5299997329711914
vt 0.5 1
vt 0.875 0.2500000596046448
vt 0 0
vt 0.7499999403953552 0
vt 0.2500000596046448 1
vt 1 0
vt 0.2500000596046448 0
vt 0.875 0.7499999403953552
vt 0.1250000298023224 0.7499999403953552
vt 0.5 0
vt 0 1
vt 1 1
vt 0.1250000298023224 0.2500000596046448
vt 0.5 1
vt 0.875 0.2500000596046448
vt 0.7499999403953552 1
vt 0.7499999403953552 0
vt 0 1
vt 0.875 0.7499999403953552
vt 0.1250000298023224 0.7499999403953552
vt 0.5 0
vt 0.2500000596046448 1
vt 1 1
vt 1 0
vt 0 0
vt 0.2500000596046448 0
vt 0.875 0.2500000596046448
vt 0.1250000298023224 0.2500000596046448
vt 0.5 1
vt 0.7499999403953552 1
vt 0.7499999403953552 0
vt 0 1
vt 0.2500000596046448 1
vt 1 1
vt 1 0
vt 0.2500000596046448 0
vt 0.1250000298023224 0.7499999403953552
vt 0.5 0
vt 0.875 0.7499999403953552
vt 0 0
vt 0.875 0.2500000596046448
vt 0.1250000298023224 0.2500000596046448
vt 0.5 1
vt 0.7499999403953552 1
vt 0.7499999403953552 0
vt 0 1
vt 0.2500000596046448 1
vt 1 1
vt 1 0
vt 0.2500000596046448 0
vt 0.1250000298023224 0.7499999403953552
vt 0.5 0
vt 0.875 0.7499999403953552
vt 0 0
vt 0 1
vt 0.30000096559524536 1
vt 0.30000096559524536 0.5299997329711914
vt 0 0
vt 0.30000096559524536 0.2500000596046448
vt 0.30000096559524536 0
vt 0 0.5299997329711914
vt 1 1
vt 1 0.5299997329711914
vt 0.7499999403953552 0.5299997329711914
vt 0.5 1
vt 0.875 0.2500000596046448
vt 0 0
vt 0.2500000596046448 1
vt 1 0
vt 0.2500000596046448 0
vt 0.7499999403953552 0
vt 0.875 0.7499999403953552
vt 0.1250000298023224 0.7499999403953552
vt 0.5 0
vt 0 1
vt 1 1
vt 0.1250000298023224 0.2500000596046448
vt 0.5 1
vt 0.875 0.2500000596046448
vt 0.7499999403953552 1
vt 0.7499999403953552 0
vt 0 1
vt 0.2500000596046448 1
vt 1 0
vt 0.2500000596046448 0
vt 0.875 0.7499999403953552
vt 0.1250000298023224 0.7499999403953552
vt 0.5 0
vt 1 1
vt 0 0
vt 0.875 0.2500000596046448
vt 0.1250000298023224 0.2500000596046448
vt 0.5 1
vt 0.7499999403953552 1
vt 0.7499999403953552 0
vt 0 1
vt 0.2500000596046448 1
vt 1 0
vt 0.2500000596046448 0
vt 1 1
vt 0 0
vt 0.1250000298023224 0.7499999403953552
vt 0.5 0
vt 0.875 0.7499999403953552
vt 0.875 0.2500000596046448
vt 0.1250000298023224 0.2500000596046448
vt 0.5 1
vt 0.7499999403953552 1
vt 0.7499999403953552 0
vt 0 1
vt 0.2500000596046448 1
vt 1 0
vt 0.2500000596046448 0
vt 1 1
vt 0 0
vt 0.1250000298023224 0.7499999403953552
vt 0.5 0
vt 0.875 0.7499999403953552
vt 0 1
vt 0.30000001192092896 1
vt 0.30000001192092896 0.5299997329711914
vt 0 0
vt 0.30000001192092896 0.2500000596046448
vt 0.30000001192092896 0
vt 0 0.5299997329711914
vt 1 1
vt 1 0.5299997329711914
vt 0.7499999403953552 0.5299997329711914
vt 0.5 1
vt 0.875 0.2500000596046448
vt 0 0
vt 0.7499999403953552 0
vt 0.2500000596046448 1
vt 1 0
vt 0.2500000596046448 0
vt 0.875 0.7499999403953552
vt 0.1250000298023224 0.7499999403953552
vt 0.5 0
vt 0 1
vt 1 1
vt 0.1250000298023224 0.2500000596046448
vt 0.5 1
vt 0.875 0.2500000596046448
vt 0.7499999403953552 1
vt 0.7499999403953552 0
vt 0 1
vt 0.2500000596046448 1
vt 1 0
vt 0.2500000596046448 0
vt 0.875 0.7499999403953552
vt 0.1250000298023224 0.7499999403953552
vt 0.5 0
vt 1 1
vt 0 0
vt 0.875 0.2500000596046448
vt 0.1250000298023224 0.2500000596046448
vt 0.5 1
vt 0.7499999403953552 1
vt 0.7499999403953552 0
vt 0 1
vt 0.2500000596046448 1
vt 1 0
vt 0.2500000596046448 0
vt 0.1250000298023224 0.7499999403953552
vt 0.5 0
vt 0.875 0.7499999403953552
vt 1 1
vt 0 0
vt 0.875 0.2500000596046448
vt 0.1250000298023224 0.2500000596046448
vt 0.5 1
vt 0.7499999403953552 1
vt 0.7499999403953552 0
vt 0 1
vt 0.2500000596046448 1
vt 1 0
vt 0.2500000596046448 0
vt 0.1250000298023224 0.7499999403953552
vt 0.5 0
vt 0.875 0.7499999403953552
vt 1 1
vt 0 0
vt 0 1
vt 0.30000001192092896 1
vt 0.30000001192092896 0.5299997329711914
vt 0 0
vt 0.30000001192092896 0.2500000596046448
vt 0.30000001192092896 0
vt 0 0.5299997329711914
vt 1 1
vt 1 0.5299997329711914
vt 0.7499999403953552 0.5299997329711914
vt 0.5 1
vt 0.875 0.2500000596046448
vt 0 0
vt 0.7499999403953552 0
vt 0.2500000596046448 1
vt 1 0
vt 0.2500000596046448 0
vt 0.875 0.7499999403953552
vt 0.1250000298023224 0.7499999403953552
vt 0.5 0
vt 0 1
vt 1 1
vt 0.1250000298023224 0.2500000596046448
vt 0.5 1
vt 0.875 0.2500000596046448
vt 0.7499999403953552 1
vt 0.7499999403953552 0
vt 0 1
vt 0.875 0.7499999403953552
vt 0.1250000298023224 0.7499999403953552
vt 0.5 0
vt 0.2500000596046448 1
vt 1 0
vt 0.2500000596046448 0
vt 1 1
vt 0 0
vt 0.875 0.2500000596046448
vt 0.1250000298023224 0.2500000596046448
vt 0.5 1
vt 0.7499999403953552 1
vt 0.7499999403953552 0
vt 0 1
vt 0.2500000596046448 1
vt 1 0
vt 0.2500000596046448 0
vt 1 1
vt 0 0
vt 0.1250000298023224 0.7499999403953552
vt 0.5 0
vt 0.875 0.7499999403953552
vt 0.875 0.2500000596046448
vt 0.1250000298023224 0.2500000596046448
vt 0.5 1
vt 0.7499999403953552 1
vt 0.7499999403953552 0
vt 0 1
vt 0.2500000596046448 1
vt 1 0
vt 0.2500000596046448 0
vt 1 1
vt 0 0
vt 0.1250000298023224 0.7499999403953552
vt 0.5 0
vt 0.875 0.7499999403953552
vt 0 1
vt 0.29999881982803345 1
vt 0.29999881982803345 0.5299997329711914
vt 0 0
vt 0.29999881982803345 0.2500000596046448
vt 0.29999881982803345 0
vt 0 0.5299997329711914
vt 1 1
vt 1 0.5299997329711914
vt 0.7499999403953552 0.5299997329711914
vt 0.5 1
vt 0.875 0.2500000596046448
vt 0 0
vt 0.7499999403953552 0
vt 0.2500000596046448 1
vt 1 0
vt 0.2500000596046448 0
vt 0.875 0.7499999403953552
vt 0.1250000298023224 0.7499999403953552
vt 0.5 0
vt 0 1
vt 1 1
vt 0.1250000298023224 0.2500000596046448
vt 0.5 1
vt 0.875 0.2500000596046448
vt 0.7499999403953552 1
vt 0.7499999403953552 0
vt 0 1
vt 0.2500000596046448 1
vt 1 0
vt 0.2500000596046448 0
vt 0.875 0.7499999403953552
vt 0.1250000298023224 0.7499999403953552
vt 0.5 0
vt 1 1
vt 0 0
vt 0.875 0.2500000596046448
vt 0.1250000298023224 0.2500000596046448
vt 0.5 1
vt 0.7499999403953552 1
vt 0.7499999403953552 0
vt 0 1
vt 0.2500000596046448 1
vt 1 0
vt 0.2500000596046448 0
vt 0.1250000298023224 0.7499999403953552
vt 0.5 0
vt 0.875 0.7499999403953552
vt 1 1
vt 0 0
vt 0.875 0.2500000596046448
vt 0.1250000298023224 0.2500000596046448
vt 0.5 1
vt 0.7499999403953552 1
vt 0.7499999403953552 0
vt 0 1
vt 0.2500000596046448 1
vt 1 0
vt 0.2500000596046448 0
vt 0.1250000298023224 0.7499999403953552
vt 0.5 0
vt 0.875 0.7499999403953552
vt 1 1
vt 0 0
vt 0 1
vt 0.29999881982803345 1
vt 0.29999881982803345 0.5299997329711914
vt 0 0
vt 0.29999881982803345 0.2500000596046448
vt 0.29999881982803345 0
vt 0 0.5299997329711914
vt 1 1
vt 1 0.5299997329711914
vt 0.7499999403953552 0.5299997329711914
vt 0.5 1
vt 0.875 0.2500000596046448
vt 0 0
vt 0.7499999403953552 0
vt 0.875 0.7499999403953552
vt 0.1250000298023224 0.7499999403953552
vt 0.5 0
vt 0 1
vt 0.2500000596046448 1
vt 1 0
vt 0.2500000596046448 0
vt 1 1
vt 0.1250000298023224 0.2500000596046448
vt 0.5 1
vt 0.875 0.2500000596046448
vt 0.7499999403953552 1
vt 0.7499999403953552 0
vt 0 1
vt 0.2500000596046448 1
vt 1 0
vt 0.2500000596046448 0
vt 0.875 0.7499999403953552
vt 0.1250000298023224 0.7499999403953552
vt 0.5 0
vt 1 1
vt 0 0
vt 0.875 0.2500000596046448
vt 0.1250000298023224 0.2500000596046448
vt 0.5 1
vt 0.7499999403953552 1
vt 0.7499999403953552 0
vt 0 1
vt 0.2500000596046448 1
vt 1 0
vt 0.2500000596046448 0
vt 1 1
vt 0 0
vt 0.1250000298023224 0.7499999403953552
vt 0.5 0
vt 0.875 0.7499999403953552
vt 0.2500000596046448 1
vt 1 0
vt 0.2500000596046448 0
vt 0.875 0.2500000596046448
vt 0.1250000298023224 0.2500000596046448
vt 0.5 1
vt 0.7499999403953552 1
vt 0.7499999403953552 0
vt 0 1
vt 1 1
vt 0 0
vt 0.1250000298023224 0.7499999403953552
vt 0.5 0
vt 0.875 0.7499999403953552
vt 0 1
vt 0.30000096559524536 1
vt 0.30000096559524536 0.5300002098083496
vt 0 0.5300002098083496
vt 0 0
vt 0.30000096559524536 0.2500000596046448
vt 0.30000096559524536 0
vt 1 1
vt 1 0.5300002098083496
vt 0.7499999403953552 0.5300002098083496
vt 0.5 1
vt 0 0
vt 0.875 0.2500000596046448
vt 0 1
vt 0.2500000596046448 1
vt 1 1
vt 1 0
vt 0.2500000596046448 0
vt 0.7499999403953552 0
vt 0.875 0.7499999403953552
vt 0.1250000298023224 0.7499999403953552
vt 0.5 0
vt 0.1250000298023224 0.2500000596046448
vt 0.5 1
vt 0.875 0.2500000596046448
vt 0.7499999403953552 1
vt 0.7499999403953552 0
vt 0 1
vt 0.2500000596046448 1
vt 1 1
vt 1 0
vt 0.2500000596046448 0
vt 0.875 0.7499999403953552
vt 0.1250000298023224 0.7499999403953552
vt 0.5 0
vt 0 0
vt 0.875 0.2500000596046448
vt 0.1250000298023224 0.2500000596046448
vt 0.5 1
vt 0.7499999403953552 1
vt 0.7499999403953552 0
vt 0 1
vt 0.2500000596046448 1
vt 1 0
vt 0.2500000596046448 0
vt 0.1250000298023224 0.7499999403953552
vt 0.5 0
vt 0.875 0.7499999403953552
vt 1 1
vt 0 0
vt 0.875 0.2500000596046448
vt 0.1250000298023224 0.2500000596046448
vt 0.5 1
vt 0.2500000596046448 1
vt 1 0
vt 0.2500000596046448 0
vt 0.7499999403953552 1
vt 0.7499999403953552 0
vt 0 1
vt 0.1250000298023224 0.7499999403953552
vt 0.5 0
vt 0.875 0.7499999403953552
vt 1 1
vt 0 0
vt 0 1
vt 0.30000096559524536 1
vt 0.30000096559524536 0.5300002098083496
vt 0 0.5300002098083496
vt 0 0
vt 0.30000096559524536 0.2500000596046448
vt 0.30000096559524536 0
vt 1 1
vt 1 0.5300002098083496
vt 0.7499999403953552 0.5300002098083496
vt 0.5 1
vt 0 0
vt 0.875 0.2500000596046448
vt 0 1
vt 0.2500000596046448 1
vt 1 1
vt 1 0
vt 0.2500000596046448 0
vt 0.7499999403953552 0
vt 0.875 0.7499999403953552
vt 0.1250000298023224 0.7499999403953552
vt 0.5 0
vt 0.1250000298023224 0.2500000596046448
vt 0.5 1
vt 0.875 0.2500000596046448
vt 0.7499999403953552 1
vt 0.7499999403953552 0
vt 0 1
vt 0.2500000596046448 1
vt 1 1
vt 1 0
vt 0.2500000596046448 0
vt 0.875 0.7499999403953552
vt 0.1250000298023224 0.7499999403953552
vt 0.5 0
vt 0 0
vt 0.875 0.2500000596046448
vt 0.1250000298023224 0.2500000596046448
vt 0.5 1
vt 0.7499999403953552 1
vt 0.7499999403953552 0
vt 0 1
vt 0.2500000596046448 1
vt 1 1
vt 1 0
vt 0.2500000596046448 0
vt 0.1250000298023224 0.7499999403953552
vt 0.5 0
vt 0.875 0.7499999403953552
vt 0 0
vt 0.875 0.2500000596046448
vt 0.1250000298023224 0.2500000596046448
vt 0.5 1
vt 0.7499999403953552 1
vt 0.7499999403953552 0
vt 0 1
vt 0.2500000596046448 1
vt 1 1
vt 1 0
vt 0.2500000596046448 0
vt 0.1250000298023224 0.7499999403953552
vt 0.5 0
vt 0.875 0.7499999403953552
vt 0 0
vt 0 1
vt 0.30000096559524536 1
vt 0.30000096559524536 0.5300002098083496
vt 0 0.5300002098083496
vt 0 0
vt 0.30000096559524536 0.2500000596046448
vt 0.30000096559524536 0
vt 1 1
vt 1 0.5300002098083496
vt 0.7499999403953552 0.5300002098083496
vt 0.5 1
vt 0 0
vt 0.875 0.2500000596046448
vt 0 1
vt 0.2500000596046448 1
vt 1 1
vt 1 0
vt 0.7499999403953552 0
vt 0.2500000596046448 0
vt 0.875 0.7499999403953552
vt 0.1250000298023224 0.7499999403953552
vt 0.5 0
vt 0.1250000298023224 0.2500000596046448
vt 0.5 1
vt 0.875 0.2500000596046448
vt 0.7499999403953552 1
vt 0.7499999403953552 0
vt 0 1
vt 0.2500000596046448 1
vt 1 1
vt 1 0
vt 0.2500000596046448 0
vt 0.875 0.7499999403953552
vt 0.1250000298023224 0.7499999403953552
vt 0.5 0
vt 0 0
vt 0.875 0.2500000596046448
vt 0.1250000298023224 0.2500000596046448
vt 0.5 1
vt 0.7499999403953552 1
vt 0.7499999403953552 0
vt 0 1
vt 0.2500000596046448 1
vt 1 0
vt 0.2500000596046448 0
vt 0.1250000298023224 0.7499999403953552
vt 0.5 0
vt 0.875 0.7499999403953552
vt 1 1
vt 0 0
vt 0.2500000596046448 1
vt 1 0
vt 0.2500000596046448 0
vt 0.875 0.2500000596046448
vt 0.1250000298023224 0.2500000596046448
vt 0.5 1
vt 0.7499999403953552 1
vt 0.7499999403953552 0
vt 0 1
vt 0.1250000298023224 0.7499999403953552
vt 0.5 0
vt 0.875 0.7499999403953552
vt 1 1
vt 0 0
vt 0 1
vt 0.30000096559524536 1
vt 0.30000096559524536 0.5300002098083496
vt 0 0.5300002098083496
vt 0 0
vt 0.30000096559524536 0.2500000596046448
vt 0.30000096559524536 0
vt 1 1
vt 1 0.5300002098083496
vt 0.7499999403953552 0.5300002098083496
vt 0.5 1
vt 0 0
vt 0.875 0.2500000596046448
vt 0 1
vt 0.2500000596046448 1
vt 1 1
vt 1 0
vt 0.2500000596046448 0
vt 0.7499999403953552 0
vt 0.875 0.7499999403953552
vt 0.1250000298023224 0.7499999403953552
vt 0.5 0
vt 0.1250000298023224 0.2500000596046448
vt 0.5 1
vt 0.875 0.2500000596046448
vt 0.7499999403953552 1
vt 0.7499999403953552 0
vt 0 1
vt 0.2500000596046448 1
vt 1 1
vt 1 0
vt 0.875 0.7499999403953552
vt 0.1250000298023224 0.7499999403953552
vt 0.5 0
vt 0 0
vt 0.2500000596046448 0
vt 0.875 0.2500000596046448
vt 0.1250000298023224 0.2500000596046448
vt 0.5 1
vt 0.7499999403953552 1
vt 0.7499999403953552 0
vt 0 1
vt 0.2500000596046448 1
vt 1 1
vt 1 0
vt 0.2500000596046448 0
vt 0.1250000298023224 0.7499999403953552
vt 0.5 0
vt 0.875 0.7499999403953552
vt 0 0
vt 0.875 0.2500000596046448
vt 0.1250000298023224 0.2500000596046448
vt 0.5 1
vt 0.7499999403953552 1
vt 0.7499999403953552 0
vt 0 1
vt 0.2500000596046448 1
vt 1 1
vt 1 0
vt 0.2500000596046448 0
vt 0.1250000298023224 0.7499999403953552
vt 0.5 0
vt 0.875 0.7499999403953552
vt 0 0
vt 0 1
vt 0.30000096559524536 1
vt 0.30000096559524536 0.5300002098083496
vt 0 0.5300002098083496
vt 0 0
vt 0.30000096559524536 0.2500000596046448
vt 0.30000096559524536 0
vt 1 1
vt 1 0.5300002098083496
vt 0.7499999403953552 0.5300002098083496
vt 0.5 1
vt 0 0
vt 0.875 0.2500000596046448
vt 0 1
vt 0.2500000596046448 1
vt 1 1
vt 1 0
vt 0.2500000596046448 0
vt 0.7499999403953552 0
vt 0.875 0.7499999403953552
vt 0.1250000298023224 0.7499999403953552
vt 0.5 0
vt 0.7499999403953552 1
vt 0.7499999403953552 0
vt 0 1
vt 0.1250000298023224 0.2500000596046448
vt 0.5 1
vt 0.875 0.2500000596046448
vt 0.2500000596046448 1
vt 1 1
vt 1 0
vt 0.2500000596046448 0
vt 0.875 0.7499999403953552
vt 0.1250000298023224 0.7499999403953552
vt 0.5 0
vt 0 0
vt 0.875 0.2500000596046448
vt 0.1250000298023224 0.2500000596046448
vt 0.5 1
vt 0.7499999403953552 1
vt 0.7499999403953552 0
vt 0 1
vt 0.2500000596046448 1
vt 1 0
vt 0.2500000596046448 0
vt 1 1
vt 0 0
vt 0.1250000298023224 0.7499999403953552
vt 0.5 0
vt 0.875 0.7499999403953552
vt 0.2500000596046448 1
vt 1 0
vt 0.2500000596046448 0
vt 0.875 0.2500000596046448
vt 0.1250000298023224 0.2500000596046448
vt 0.5 1
vt 0.7499999403953552 1
vt 0.7499999403953552 0
vt 0 1
vt 1 1
vt 0 0
vt 0.1250000298023224 0.7499999403953552
vt 0.5 0
vt 0.875 0.7499999403953552
vt 0 1
vt 0.30000001192092896 1
vt 0.30000001192092896 0.5300002098083496
vt 0 0.5300002098083496
vt 0 0
vt 0.30000001192092896 0.2500000596046448
vt 0.30000001192092896 0
vt 1 1
vt 1 0.5300002098083496
vt 0.7499999403953552 0.5300002098083496
vt 0.5 1
vt 0 0
vt 0.875 0.2500000596046448
vt 0 1
vt 0.2500000596046448 1
vt 1 1
vt 1 0
vt 0.2500000596046448 0
vt 0.7499999403953552 0
vt 0.875 0.7499999403953552
vt 0.1250000298023224 0.7499999403953552
vt 0.5 0
vt 0.1250000298023224 0.2500000596046448
vt 0.5 1
vt 0.875 0.2500000596046448
vt 0.7499999403953552 1
vt 0.7499999403953552 0
vt 0 1
vt 0.2500000596046448 1
vt 1 1
vt 1 0
vt 0.2500000596046448 0
vt 0.875 0.7499999403953552
vt 0.1250000298023224 0.7499999403953552
vt 0.5 0
vt 0 0
vt 0.875 0.2500000596046448
vt 0.1250000298023224 0.2500000596046448
vt 0.5 1
vt 0.7499999403953552 1
vt 0.7499999403953552 0
vt 0 1
vt 0.2500000596046448 1
vt 1 0
vt 0.2500000596046448 0
vt 0.1250000298023224 0.7499999403953552
vt 0.5 0
vt 0.875 0.7499999403953552
vt 1 1
vt 0 0
vt 0.875 0.2500000596046448
vt 0.1250000298023224 0.2500000596046448
vt 0.5 1
vt 0.2500000596046448 1
vt 1 0
vt 0.2500000596046448 0
vt 0.7499999403953552 1
vt 0.7499999403953552 0
vt 0 1
vt 0.1250000298023224 0.7499999403953552
vt 0.5 0
vt 0.875 0.7499999403953552
vt 1 1
vt 0 0
vt 0 1
vt 0.30000001192092896 1
vt 0.30000001192092896 0.5300002098083496
vt 0 0.5300002098083496
vt 0 0
vt 0.30000001192092896 0.2500000596046448
vt 0.30000001192092896 0
vt 1 1
vt 1 0.5300002098083496
vt 0.7499999403953552 0.5300002098083496
vt 0.5 1
vt 0 0
vt 0.875 0.2500000596046448
vt 0 1
vt 0.2500000596046448 1
vt 1 1
vt 1 0
vt 0.2500000596046448 0
vt 0.7499999403953552 0
vt 0.875 0.7499999403953552
vt 0.1250000298023224 0.7499999403953552
vt 0.5 0
vt 0.1250000298023224 0.2500000596046448
vt 0.5 1
vt 0.875 0.2500000596046448
vt 0.7499999403953552 1
vt 0.7499999403953552 0
vt 0 1
vt 0.2500000596046448 1
vt 1 1
vt 1 0
vt 0.2500000596046448 0
vt 0.875 0.7499999403953552
vt 0.1250000298023224 0.7499999403953552
vt 0.5 0
vt 0 0
vt 0.875 0.2500000596046448
vt 0.1250000298023224 0.2500000596046448
vt 0.5 1
vt 0.7499999403953552 1
vt 0.7499999403953552 0
vt 0 1
vt 0.2500000596046448 1
vt 1 0
vt 0.2500000596046448 0
vt 1 1
vt 0 0
vt 0.1250000298023224 0.7499999403953552
vt 0.5 0
vt 0.875 0.7499999403953552
vt 0.2500000596046448 1
vt 1 0
vt 0.2500000596046448 0
vt 0.875 0.2500000596046448
vt 0.1250000298023224 0.2500000596046448
vt 0.5 1
vt 0.7499999403953552 1
vt 0.7499999403953552 0
vt 0 1
vt 1 1
vt 0 0
vt 0.1250000298023224 0.7499999403953552
vt 0.5 0
vt 0.875 0.7499999403953552
vt 0 1
vt 0.29999881982803345 1
vt 0.29999881982803345 0.5300002098083496
vt 0 0.5300002098083496
vt 0 0
vt 0.29999881982803345 0.2500000596046448
vt 0.29999881982803345 0
vt 1 1
vt 1 0.5300002098083496
vt 0.7499999403953552 0.5300002098083496
vt 0.5 1
vt 0 0
vt 0.875 0.2500000596046448
vt 0 1
vt 0.2500000596046448 1
vt 1 1
vt 1 0
vt 0.2500000596046448 0
vt 0.7499999403953552 0
vt 0.875 0.7499999403953552
vt 0.1250000298023224 0.7499999403953552
vt 0.5 0
vt 0.1250000298023224 0.2500000596046448
vt 0.5 1
vt 0.875 0.2500000596046448
vt 0.7499999403953552 1
vt 0.7499999403953552 0
vt 0 1
vt 0.2500000596046448 1
vt 1 1
vt 1 0
vt 0.2500000596046448 0
vt 0.875 0.7499999403953552
vt 0.1250000298023224 0.7499999403953552
vt 0.5 0
vt 0 0
vt 0.875 0.2500000596046448
vt 0.1250000298023224 0.2500000596046448
vt 0.5 1
vt 0.7499999403953552 1
vt 0.7499999403953552 0
vt 0 1
vt 0.2500000596046448 1
vt 1 0
vt 0.2500000596046448 0
vt 0.1250000298023224 0.7499999403953552
vt 0.5 0
vt 0.875 0.7499999403953552
vt 1 1
vt 0 0
vt 0.2500000596046448 1
vt 1 0
vt 0.2500000596046448 0
vt 0.875 0.2500000596046448
vt 0.1250000298023224 0.2500000596046448
vt 0.5 1
vt 0.7499999403953552 1
vt 0.7499999403953552 0
vt 0 1
vt 0.1250000298023224 0.7499999403953552
vt 0.5 0
vt 0.875 0.7499999403953552
vt 1 1
vt 0 0
vt 0 1
vt 0.29999881982803345 1
vt 0.29999881982803345 0.5300002098083496
vt 0 0.5300002098083496
vt 0 0
vt 0.29999881982803345 0.2500000596046448
vt 0.29999881982803345 0
vt 1 1
vt 1 0.5300002098083496
vt 0.7499999403953552 0.5300002098083496
vt 0.5 1
vt 0 0
vt 0 1
vt 0.875 0.2500000596046448
vt 0.2500000596046448 1
vt 1 1
vt 1 0
vt 0.7499999403953552 0
vt 0.875 0.7499999403953552
vt 0.1250000298023224 0.7499999403953552
vt 0.5 0
vt 0.2500000596046448 0
vt 0.1250000298023224 0.2500000596046448
vt 0.5 1
vt 0.875 0.2500000596046448
vt 0.7499999403953552 1
vt 0.7499999403953552 0
vt 0 1
vt 0.2500000596046448 1
vt 1 1
vt 1 0
vt 0.2500000596046448 0
vt 0.875 0.7499999403953552
vt 0.1250000298023224 0.7499999403953552
vt 0.5 0
vt 0 0
vt 0.2500000596046448 1
vt 1 0
vt 0.2500000596046448 0
vt 0.875 0.2500000596046448
vt 0.1250000298023224 0.2500000596046448
vt 0.5 1
vt 0.7499999403953552 1
vt 0.7499999403953552 0
vt 0 1
vt 1 1
vt 0 0
vt 0.1250000298023224 0.7499999403953552
vt 0.5 0
vt 0.875 0.7499999403953552
vt 0.875 0.2500000596046448
vt 0.1250000298023224 0.2500000596046448
vt 0.5 1
vt 0.7499999403953552 1
vt 0.7499999403953552 0
vt 0 1
vt 0.2500000596046448 1
vt 1 0
vt 0.2500000596046448 0
vt 1 1
vt 0 0
vt 0.1250000298023224 0.7499999403953552
vt 0.5 0
vt 0.875 0.7499999403953552
vt 0 1
vt 0.30000096559524536 1
vt 0.30000096559524536 0.5300002098083496
vt 0 0.5300002098083496
vt 0 0
vt 0.30000096559524536 0.2500000596046448
vt 0.30000096559524536 0
vt 1 1
vt 1 0.5300002098083496
vt 0.7499999403953552 0.5300002098083496
vt 0.5 1
vt 0 0
vt 0.3211633861064911 0.2500000596046448
vt 0.875 0.2500000596046448
vt 0 1
vt 0.2500000596046448 1
vt 1 1
vt 1 0
vt 0.2500000596046448 0
vt 0.7499999403953552 0
vt 0.875 0.7499999403953552
vt 0.1250000298023224 0.7499999403953552
vt 0.5 0
vt 0.1250000298023224 0.2500000596046448
vt 0.5 1
vt 0.875 0.2500000596046448
vt 0.7499999403953552 1
vt 0.7499999403953552 0
vt 0 1
vt 0.2500000596046448 1
vt 1 1
vt 1 0
vt 0.2500000596046448 0
vt 0.875 0.7499999403953552
vt 0.1250000298023224 0.7499999403953552
vt 0.5 0
vt 0 0
vt 0.875 0.2500000596046448
vt 0.1250000298023224 0.2500000596046448
vt 0.5 1
vt 0.2500000596046448 1
vt 1 0
vt 0.2500000596046448 0
vt 0.7499999403953552 1
vt 0.7499999403953552 0
vt 0 1
vt 0.1250000298023224 0.7499999403953552
vt 0.5 0
vt 0.875 0.7499999403953552
vt 1 1
vt 0 0
vt 0.875 0.2500000596046448
vt 0.1250000298023224 0.2500000596046448
vt 0.5 1
vt 0.7499999403953552 1
vt 0.7499999403953552 0
vt 0 1
vt 0.2500000596046448 1
vt 1 0
vt 0.2500000596046448 0
vt 0.1250000298023224 0.7499999403953552
vt 0.5 0
vt 0.875 0.7499999403953552
vt 1 1
vt 0 0
vt 0 1
vt 0.30000096559524536 1
vt 0.30000096559524536 0.5300002098083496
vt 0 0.5300002098083496
vt 0 0
vt 0.30000096559524536 0.2500000596046448
vt 0.30000096559524536 0
vt 1 1
vt 1 0.5300002098083496
vt 0.7499999403953552 0.5300002098083496
vt 0.5 1
vt 0 0
vt 0.875 0.2500000596046448
vt 0 1
vt 0.2500000596046448 1
vt 1 1
vt 1 0
vt 0.2500000596046448 0
vt 0.7499999403953552 0
vt 0.875 0.7499999403953552
vt 0.1250000298023224 0.7499999403953552
vt 0.5 0
vt 0.1250000298023224 0.2500000596046448
vt 0.5 1
vt 0.875 0.2500000596046448
vt 0.7499999403953552 1
vt 0.7499999403953552 0
vt 0 1
vt 0.2500000596046448 1
vt 1 1
vt 1 0
vt 0.2500000596046448 0
vt 0.875 0.7499999403953552
vt 0.1250000298023224 0.7499999403953552
vt 0.5 0
vt 0 0
vt 0.875 0.2500000596046448
vt 0.1250000298023224 0.2500000596046448
vt 0.5 1
vt 0.7499999403953552 1
vt 0.7499999403953552 0
vt 0 1
vt 0.2500000596046448 1
vt 1 1
vt 1 0
vt 0.2500000596046448 0
vt 0.1250000298023224 0.7499999403953552
vt 0.5 0
vt 0.875 0.7499999403953552
vt 0 0
vt 0.875 0.2500000596046448
vt 0.1250000298023224 0.2500000596046448
vt 0.5 1
vt 0.7499999403953552 1
vt 0.7499999403953552 0
vt 0 1
vt 0.2500000596046448 1
vt 1 1
vt 1 0
vt 0.2500000596046448 0
vt 0.1250000298023224 0.7499999403953552
vt 0.5 0
vt 0.875 0.7499999403953552
vt 0 0
vt 0 1
vt 0.30000096559524536 1
vt 0.30000096559524536 0.5300002098083496
vt 0 0.5300002098083496
vt 0 0
vt 0.30000096559524536 0.2500000596046448
vt 0.30000096559524536 0
vt 1 1
vt 1 0.5300002098083496
vt 0.7499999403953552 0.5300002098083496
vt 0.5 1
vt 0 0
vt 0.875 0.2500000596046448
vt 0 1
vt 0.2500000596046448 1
vt 1 1
vt 1 0
vt 0.7499999403953552 0
vt 0.2500000596046448 0
vt 0.875 0.7499999403953552
vt 0.1250000298023224 0.7499999403953552
vt 0.5 0
vt 0.1250000298023224 0.2500000596046448
vt 0.5 1
vt 0.875 0.2500000596046448
vt 0.7499999403953552 1
vt 0.7499999403953552 0
vt 0 1
vt 0.2500000596046448 1
vt 1 1
vt 1 0
vt 0.2500000596046448 0
vt 0.875 0.7499999403953552
vt 0.1250000298023224 0.7499999403953552
vt 0.5 0
vt 0 0
vt 0.2500000596046448 1
vt 1 0
vt 0.2500000596046448 0
vt 0.875 0.2500000596046448
vt 0.1250000298023224 0.2500000596046448
vt 0.5 1
vt 0.7499999403953552 1
vt 0.7499999403953552 0
vt 0 1
vt 0.1250000298023224 0.7499999403953552
vt 0.5 0
vt 0.875 0.7499999403953552
vt 1 1
vt 0 0
vt 0.875 0.2500000596046448
vt 0.1250000298023224 0.2500000596046448
vt 0.5 1
vt 0.7499999403953552 1
vt 0.7499999403953552 0
vt 0 1
vt 0.2500000596046448 1
vt 1 0
vt 0.2500000596046448 0
vt 0.1250000298023224 0.7499999403953552
vt 0.5 0
vt 0.875 0.7499999403953552
vt 1 1
vt 0 0
vt 0 1
vt 0.30000096559524536 1
vt 0.30000096559524536 0.5300002098083496
vt 0 0.5300002098083496
vt 0 0
vt 0.30000096559524536 0.2500000596046448
vt 0.30000096559524536 0
vt 1 1
vt 1 0.5300002098083496
vt 0.7499999403953552 0.5300002098083496
vt 0.5 1
vt 0 0
vt 0.875 0.2500000596046448
vt 0 1
vt 0.2500000596046448 1
vt 1 1
vt 1 0
vt 0.2500000596046448 0
vt 0.7499999403953552 0
vt 0.875 0.7499999403953552
vt 0.1250000298023224 0.7499999403953552
vt 0.5 0
vt 0.1250000298023224 0.2500000596046448
vt 0.5 1
vt 0.875 0.2500000596046448
vt 0.7499999403953552 1
vt 0.7499999403953552 0
vt 0 1
vt 0.2500000596046448 1
vt 1 1
vt 1 0
vt 0.875 0.7499999403953552
vt 0.1250000298023224 0.7499999403953552
vt 0.5 0
vt 0 0
vt 0.2500000596046448 0
vt 0.875 0.2500000596046448
vt 0.1250000298023224 0.2500000596046448
vt 0.5 1
vt 0.7499999403953552 1
vt 0.7499999403953552 0
vt 0 1
vt 0.2500000596046448 1
vt 1 1
vt 1 0
vt 0.2500000596046448 0
vt 0.1250000298023224 0.7499999403953552
vt 0.5 0
vt 0.875 0.7499999403953552
vt 0 0
vt 0.875 0.2500000596046448
vt 0.1250000298023224 0.2500000596046448
vt 0.5 1
vt 0.7499999403953552 1
vt 0.7499999403953552 0
vt 0 1
vt 0.2500000596046448 1
vt 1 1
vt 1 0
vt 0.2500000596046448 0
vt 0.1250000298023224 0.7499999403953552
vt 0.5 0
vt 0.875 0.7499999403953552
vt 0 0
vt 0 1
vt 0.30000096559524536 1
vt 0.30000096559524536 0.5300002098083496
vt 0 0.5300002098083496
vt 0 0
vt 0.30000096559524536 0.2500000596046448
vt 0.30000096559524536 0
vt 1 1
vt 1 0.5300002098083496
vt 0.7499999403953552 0.5300002098083496
vt 0.5 1
vt 0 0
vt 0.875 0.2500000596046448
vt 0 1
vt 0.2500000596046448 1
vt 1 1
vt 1 0
vt 0.2500000596046448 0
vt 0.7499999403953552 0
vt 0.875 0.7499999403953552
vt 0.1250000298023224 0.7499999403953552
vt 0.5 0
vt 0.7499999403953552 1
vt 0.7499999403953552 0
vt 0 1
vt 0.1250000298023224 0.2500000596046448
vt 0.5 1
vt 0.875 0.2500000596046448
vt 0.2500000596046448 1
vt 1 1
vt 1 0
vt 0.2500000596046448 0
vt 0.875 0.7499999403953552
vt 0.1250000298023224 0.7499999403953552
vt 0.5 0
vt 0 0
vt 0.2500000596046448 1
vt 1 0
vt 0.2500000596046448 0
vt 0.875 0.2500000596046448
vt 0.1250000298023224 0.2500000596046448
vt 0.5 1
vt 0.7499999403953552 1
vt 0.7499999403953552 0
vt 0 1
vt 1 1
vt 0 0
vt 0.1250000298023224 0.7499999403953552
vt 0.5 0
vt 0.875 0.7499999403953552
vt 0.875 0.2500000596046448
vt 0.1250000298023224 0.2500000596046448
vt 0.5 1
vt 0.7499999403953552 1
vt 0.7499999403953552 0
vt 0 1
vt 0.2500000596046448 1
vt 1 0
vt 0.2500000596046448 0
vt 1 1
vt 0 0
vt 0.1250000298023224 0.7499999403953552
vt 0.5 0
vt 0.875 0.7499999403953552
vt 0 1
vt 0.30000001192092896 1
vt 0.30000001192092896 0.5300002098083496
vt 0 0.5300002098083496
vt 0 0
vt 0.30000001192092896 0.2500000596046448
vt 0.30000001192092896 0
vt 1 1
vt 1 0.5300002098083496
vt 0.7499999403953552 0.5300002098083496
vt 0.5 1
vt 0 0
vt 0.875 0.2500000596046448
vt 0 1
vt 0.2500000596046448 1
vt 1 1
vt 1 0
vt 0.7499999403953552 0
vt 0.2500000596046448 0
vt 0.875 0.7499999403953552
vt 0.1250000298023224 0.7499999403953552
vt 0.5 0
vt 0.1250000298023224 0.2500000596046448
vt 0.5 1
vt 0.875 0.2500000596046448
vt 0.7499999403953552 1
vt 0.7499999403953552 0
vt 0 1
vt 0.2500000596046448 1
vt 1 1
vt 1 0
vt 0.2500000596046448 0
vt 0.875 0.7499999403953552
vt 0.1250000298023224 0.7499999403953552
vt 0.5 0
vt 0 0
vt 0.875 0.2500000596046448
vt 0.1250000298023224 0.2500000596046448
vt 0.5 1
vt 0.2500000596046448 1
vt 1 0
vt 0.2500000596046448 0
vt 0.7499999403953552 1
vt 0.7499999403953552 0
vt 0 1
vt 0.1250000298023224 0.7499999403953552
vt 0.5 0
vt 0.875 0.7499999403953552
vt 1 1
vt 0 0
vt 0.875 0.2500000596046448
vt 0.1250000298023224 0.2500000596046448
vt 0.5 1
vt 0.7499999403953552 1
vt 0.7499999403953552 0
vt 0 1
vt 0.2500000596046448 1
vt 1 0
vt 0.2500000596046448 0
vt 0.1250000298023224 0.7499999403953552
vt 0.5 0
vt 0.875 0.7499999403953552
vt 1 1
vt 0 0
vt 0 1
vt 0.30000001192092896 1
vt 0.30000001192092896 0.5300002098083496
vt 0 0.5300002098083496
vt 0 0
vt 0.30000001192092896 0.2500000596046448
vt 0.30000001192092896 0
vt 1 1
vt 1 0.5300002098083496
vt 0.7499999403953552 0.5300002098083496
vt 0.5 1
vt 0 0
vt 0.875 0.2500000596046448
vt 0 1
vt 0.2500000596046448 1
vt 1 1
vt 1 0
vt 0.2500000596046448 0
vt 0.7499999403953552 0
vt 0.875 0.7499999403953552
vt 0.1250000298023224 0.7499999403953552
vt 0.5 0
vt 0.1250000298023224 0.2500000596046448
vt 0.5 1
vt 0.875 0.2500000596046448
vt 0.7499999403953552 1
vt 0.7499999403953552 0
vt 0 1
vt 0.2500000596046448 1
vt 1 1
vt 1 0
vt 0.2500000596046448 0
vt 0.875 0.7499999403953552
vt 0.1250000298023224 0.7499999403953552
vt 0.5 0
vt 0 0
vt 0.2500000596046448 1
vt 1 0
vt 0.2500000596046448 0
vt 0.875 0.2500000596046448
vt 0.1250000298023224 0.2500000596046448
vt 0.5 1
vt 0.7499999403953552 1
vt 0.7499999403953552 0
vt 0 1
vt 1 1
vt 0 0
vt 0.1250000298023224 0.7499999403953552
vt 0.5 0
vt 0.875 0.7499999403953552
vt 0.875 0.2500000596046448
vt 0.1250000298023224 0.2500000596046448
vt 0.5 1
vt 0.7499999403953552 1
vt 0.7499999403953552 0
vt 0 1
vt 0.2500000596046448 1
vt 1 0
vt 0.2500000596046448 0
vt 1 1
vt 0 0
vt 0.1250000298023224 0.7499999403953552
vt 0.5 0
vt 0.875 0.7499999403953552
vt 0 1
vt 0.29999881982803345 1
vt 0.29999881982803345 0.5300002098083496
vt 0 0.5300002098083496
vt 0 0
vt 0.29999881982803345 0.2500000596046448
vt 0.29999881982803345 0
vt 1 1
vt 1 0.5300002098083496
vt 0.7499999403953552 0.5300002098083496
vt 0.5 1
vt 0 0
vt 0.875 0.2500000596046448
vt 0 1
vt 0.2500000596046448 1
vt 1 1
vt 1 0
vt 0.2500000596046448 0
vt 0.7499999403953552 0
vt 0.875 0.7499999403953552
vt 0.1250000298023224 0.7499999403953552
vt 0.5 0
vt 0.1250000298023224 0.2500000596046448
vt 0.5 1
vt 0.875 0.2500000596046448
vt 0.7499999403953552 1
vt 0.7499999403953552 0
vt 0 1
vt 0.2500000596046448 1
vt 1 1
vt 1 0
vt 0.2500000596046448 0
vt 0.875 0.7499999403953552
vt 0.1250000298023224 0.7499999403953552
vt 0.5 0
vt 0 0
vt 0.2500000596046448 1
vt 1 0
vt 0.2500000596046448 0
vt 0.875 0.2500000596046448
vt 0.1250000298023224 0.2500000596046448
vt 0.5 1
vt 0.7499999403953552 1
vt 0.7499999403953552 0
vt 0 1
vt 0.1250000298023224 0.7499999403953552
vt 0.5 0
vt 0.875 0.7499999403953552
vt 1 1
vt 0 0
vt 0.875 0.2500000596046448
vt 0.1250000298023224 0.2500000596046448
vt 0.5 1
vt 0.7499999403953552 1
vt 0.7499999403953552 0
vt 0 1
vt 0.2500000596046448 1
vt 1 0
vt 0.2500000596046448 0
vt 0.1250000298023224 0.7499999403953552
vt 0.5 0
vt 0.875 0.7499999403953552
vt 1 1
vt 0 0
vt 0 1
vt 0.29999881982803345 1
vt 0.29999881982803345 0.5300002098083496
vt 0 0.5300002098083496
vt 0 0
vt 0.29999881982803345 0.2500000596046448
vt 0.29999881982803345 0
vt 1 1
vt 1 0.5300002098083496
vt 0.7499999403953552 0.5300002098083496
vt 0.5 1
vt 0 0
vt 0 1
vt 0.875 0.2500000596046448
vt 0.2500000596046448 1
vt 1 1
vt 1 0
vt 0.7499999403953552 0
vt 0.875 0.7499999403953552
vt 0.1250000298023224 0.7499999403953552
vt 0.5 0
vt 0.2500000596046448 0
vt 0.1250000298023224 0.2500000596046448
vt 0.5 1
vt 0.875 0.2500000596046448
vt 0.7499999403953552 1
vt 0.7499999403953552 0
vt 0 1
vt 0.2500000596046448 1
vt 1 1
vt 1 0
vt 0.2500000596046448 0
vt 0.875 0.7499999403953552
vt 0.1250000298023224 0.7499999403953552
vt 0.5 0
vt 0 0
vt 0.875 0.2500000596046448
vt 0.1250000298023224 0.2500000596046448
vt 0.5 1
vt 0.7499999403953552 1
vt 0.7499999403953552 0
vt 0 1
vt 0.2500000596046448 1
vt 1 0
vt 0.2500000596046448 0
vt 1 1
vt 0 0
vt 0.1250000298023224 0.7499999403953552
vt 0.5 0
vt 0.875 0.7499999403953552
vt 0.875 0.2500000596046448
vt 0.1250000298023224 0.2500000596046448
vt 0.5 1
vt 0.7499999403953552 1
vt 0.7499999403953552 0
vt 0 1
vt 0.2500000596046448 1
vt 1 0
vt 0.2500000596046448 0
vt 1 1
vt 0 0
vt 0.1250000298023224 0.7499999403953552
vt 0.5 0
vt 0.875 0.7499999403953552
vt 0 1
vt 0.30000096559524536 1
vt 0.30000096559524536 0.5299999713897705
vt 0 0.5299999713897705
vt 0 0
vt 0.30000096559524536 0.2500000596046448
vt 0.30000096559524536 0
vt 1 1
vt 1 0.5299999713897705
vt 0.7499999403953552 0.5299999713897705
vt 0.5 1
vt 0 0
vt 0.875 0.2500000596046448
vt 0.2500000596046448 1
vt 1 0
vt 0.2500000596046448 0
vt 0 1
vt 1 1
vt 0.7499999403953552 0
vt 0.875 0.7499999403953552
vt 0.1250000298023224 0.7499999403953552
vt 0.5 0
vt 0.1250000298023224 0.2500000596046448
vt 0.5 1
vt 0.875 0.2500000596046448
vt 0.7499999403953552 1
vt 0.7499999403953552 0
vt 0 0
vt 0.2500000596046448 1
vt 1 1
vt 0.2500000596046448 0
vt 0 1
vt 1 0
vt 0.875 0.7499999403953552
vt 0.1250000298023224 0.7499999403953552
vt 0.5 0
vt 0.875 0.2500000596046448
vt 0.1250000298023224 0.2500000596046448
vt 0.5 1
vt 0.7499999403953552 1
vt 0.7499999403953552 0
vt 0 1
vt 0.2500000596046448 1
vt 1 0
vt 0.2500000596046448 0
vt 0.1250000298023224 0.7499999403953552
vt 0.5 0
vt 0.875 0.7499999403953552
vt 1 1
vt 0 0
vt 0.875 0.2500000596046448
vt 0.1250000298023224 0.2500000596046448
vt 0.5 1
vt 0.7499999403953552 1
vt 0.7499999403953552 0
vt 0 1
vt 0.2500000596046448 1
vt 1 0
vt 0.2500000596046448 0
vt 0.1250000298023224 0.7499999403953552
vt 0.5 0
vt 0.875 0.7499999403953552
vt 1 1
vt 0 0
vt 0 1
vt 0.30000096559524536 1
vt 0.30000096559524536 0.5299999713897705
vt 0 0.5299999713897705
vt 0 0
vt 0.30000096559524536 0.2500000596046448
vt 0.30000096559524536 0
vt 1 1
vt 1 0.5299999713897705
vt 0.7499999403953552 0.5299999713897705
vt 0.5 1
vt 0 0
vt 0.875 0.2500000596046448
vt 0.2500000596046448 1
vt 1 0
vt 0.2500000596046448 0
vt 0 1
vt 1 1
vt 0.7499999403953552 0
vt 0.875 0.7499999403953552
vt 0.1250000298023224 0.7499999403953552
vt 0.5 0
vt 0.1250000298023224 0.2500000596046448
vt 0.5 1
vt 0.875 0.2500000596046448
vt 0.7499999403953552 1
vt 0.7499999403953552 0
vt 0 1
vt 0.2500000596046448 1
vt 1 0
vt 0.2500000596046448 0
vt 1 1
vt 0 0
vt 0.875 0.7499999403953552
vt 0.1250000298023224 0.7499999403953552
vt 0.5 0
vt 0.875 0.2500000596046448
vt 0.1250000298023224 0.2500000596046448
vt 0.5 1
vt 0.7499999403953552 1
vt 0.7499999403953552 0
vt 0 1
vt 0.2500000596046448 1
vt 1 1
vt 1 0
vt 0.2500000596046448 0
vt 0.1250000298023224 0.7499999403953552
vt 0.5 0
vt 0.875 0.7499999403953552
vt 0 0
vt 0.875 0.2500000596046448
vt 0.1250000298023224 0.2500000596046448
vt 0.5 1
vt 0.7499999403953552 1
vt 0.7499999403953552 0
vt 0 1
vt 0.2500000596046448 1
vt 1 1
vt 1 0
vt 0.2500000596046448 0
vt 0.1250000298023224 0.7499999403953552
vt 0.5 0
vt 0.875 0.7499999403953552
vt 0 0
vt 0 1
vt 0.30000096559524536 1
vt 0.30000096559524536 0.5299999713897705
vt 0 0.5299999713897705
vt 0 0
vt 0.30000096559524536 0.2500000596046448
vt 0.30000096559524536 0
vt 1 1
vt 1 0.5299999713897705
vt 0.7499999403953552 0.5299999713897705
vt 0.5 1
vt 0 0
vt 0.875 0.2500000596046448
vt 0.2500000596046448 1
vt 1 0
vt 0.2500000596046448 0
vt 0 1
vt 1 1
vt 0.7499999403953552 0
vt 0.875 0.7499999403953552
vt 0.1250000298023224 0.7499999403953552
vt 0.5 0
vt 0.1250000298023224 0.2500000596046448
vt 0.5 1
vt 0.875 0.2500000596046448
vt 0.7499999403953552 1
vt 0.7499999403953552 0
vt 0 1
vt 0.2500000596046448 1
vt 1 0
vt 0.2500000596046448 0
vt 1 1
vt 0 0
vt 0.875 0.7499999403953552
vt 0.1250000298023224 0.7499999403953552
vt 0.5 0
vt 0.875 0.2500000596046448
vt 0.1250000298023224 0.2500000596046448
vt 0.5 1
vt 0.7499999403953552 1
vt 0.7499999403953552 0
vt 0 1
vt 0.2500000596046448 1
vt 1 0
vt 0.2500000596046448 0
vt 0.1250000298023224 0.7499999403953552
vt 0.5 0
vt 0.875 0.7499999403953552
vt 1 1
vt 0 0
vt 0.875 0.2500000596046448
vt 0.1250000298023224 0.2500000596046448
vt 0.5 1
vt 0.7499999403953552 1
vt 0.7499999403953552 0
vt 0 1
vt 0.2500000596046448 1
vt 1 0
vt 0.2500000596046448 0
vt 0.1250000298023224 0.7499999403953552
vt 0.5 0
vt 0.875 0.7499999403953552
vt 1 1
vt 0 0
vt 0 1
vt 0.30000096559524536 1
vt 0.30000096559524536 0.5299999713897705
vt 0 0.5299999713897705
vt 0 0
vt 0.30000096559524536 0.2500000596046448
vt 0.30000096559524536 0
vt 1 1
vt 1 0.5299999713897705
vt 0.7499999403953552 0.5299999713897705
vt 0.5 1
vt 0 0
vt 0.875 0.2500000596046448
vt 0.2500000596046448 1
vt 1 0
vt 0.2500000596046448 0
vt 0 1
vt 1 1
vt 0.7499999403953552 0
vt 0.875 0.7499999403953552
vt 0.1250000298023224 0.7499999403953552
vt 0.5 0
vt 0.1250000298023224 0.2500000596046448
vt 0.5 1
vt 0.875 0.2500000596046448
vt 0.7499999403953552 1
vt 0.7499999403953552 0
vt 0 1
vt 0.2500000596046448 1
vt 1 1
vt 1 0
vt 0 0
vt 0.2500000596046448 0
vt 0.875 0.7499999403953552
vt 0.1250000298023224 0.7499999403953552
vt 0.5 0
vt 0.875 0.2500000596046448
vt 0.1250000298023224 0.2500000596046448
vt 0.5 1
vt 0.7499999403953552 1
vt 0.7499999403953552 0
vt 0 1
vt 0.2500000596046448 1
vt 1 1
vt 1 0
vt 0.2500000596046448 0
vt 0.1250000298023224 0.7499999403953552
vt 0.5 0
vt 0.875 0.7499999403953552
vt 0 0
vt 0.875 0.2500000596046448
vt 0.1250000298023224 0.2500000596046448
vt 0.5 1
vt 0.7499999403953552 1
vt 0.7499999403953552 0
vt 0 1
vt 0.2500000596046448 1
vt 1 1
vt 1 0
vt 0.2500000596046448 0
vt 0.1250000298023224 0.7499999403953552
vt 0.5 0
vt 0.875 0.7499999403953552
vt 0 0
vt 0 1
vt 0.30000096559524536 1
vt 0.30000096559524536 0.5299999713897705
vt 0 0.5299999713897705
vt 0 0
vt 0.30000096559524536 0.2500000596046448
vt 0.30000096559524536 0
vt 1 1
vt 1 0.5299999713897705
vt 0.7499999403953552 0.5299999713897705
vt 0.5 1
vt 0 0
vt 0.875 0.2500000596046448
vt 0.2500000596046448 1
vt 1 0
vt 0.2500000596046448 0
vt 0 1
vt 1 1
vt 0.7499999403953552 0
vt 0.875 0.7499999403953552
vt 0.1250000298023224 0.7499999403953552
vt 0.5 0
vt 0.7499999403953552 1
vt 0.7499999403953552 0
vt 0 1
vt 0.1250000298023224 0.2500000596046448
vt 0.5 1
vt 0.875 0.2500000596046448
vt 0.2500000596046448 1
vt 1 0
vt 0.2500000596046448 0
vt 1 1
vt 0 0
vt 0.875 0.7499999403953552
vt 0.1250000298023224 0.7499999403953552
vt 0.5 0
vt 0.875 0.2500000596046448
vt 0.1250000298023224 0.2500000596046448
vt 0.5 1
vt 0.7499999403953552 1
vt 0.7499999403953552 0
vt 0 1
vt 0.2500000596046448 1
vt 1 0
vt 0.2500000596046448 0
vt 1 1
vt 0 0
vt 0.1250000298023224 0.7499999403953552
vt 0.5 0
vt 0.875 0.7499999403953552
vt 0.875 0.2500000596046448
vt 0.1250000298023224 0.2500000596046448
vt 0.5 1
vt 0.7499999403953552 1
vt 0.7499999403953552 0
vt 0 1
vt 0.2500000596046448 1
vt 1 0
vt 0.2500000596046448 0
vt 1 1
vt 0 0
vt 0.1250000298023224 0.7499999403953552
vt 0.5 0
vt 0.875 0.7499999403953552
vt 0 1
vt 0.30000001192092896 1
vt 0.30000001192092896 0.5299999713897705
vt 0 0.5299999713897705
vt 0 0
vt 0.30000001192092896 0.2500000596046448
vt 0.30000001192092896 0
vt 1 1
vt 1 0.5299999713897705
vt 0.7499999403953552 0.5299999713897705
vt 0.5 1
vt 0 0
vt 0.875 0.2500000596046448
vt 0.2500000596046448 1
vt 1 0
vt 0.2500000596046448 0
vt 0 1
vt 1 1
vt 0.7499999403953552 0
vt 0.875 0.7499999403953552
vt 0.1250000298023224 0.7499999403953552
vt 0.5 0
vt 0.1250000298023224 0.2500000596046448
vt 0.5 1
vt 0.875 0.2500000596046448
vt 0.7499999403953552 1
vt 0.7499999403953552 0
vt 0 1
vt 0.2500000596046448 1
vt 1 0
vt 0.2500000596046448 0
vt 1 1
vt 0 0
vt 0.875 0.7499999403953552
vt 0.1250000298023224 0.7499999403953552
vt 0.5 0
vt 0.875 0.2500000596046448
vt 0.1250000298023224 0.2500000596046448
vt 0.5 1
vt 0.7499999403953552 1
vt 0.7499999403953552 0
vt 0 1
vt 0.2500000596046448 1
vt 1 0
vt 0.2500000596046448 0
vt 0.1250000298023224 0.7499999403953552
vt 0.5 0
vt 0.875 0.7499999403953552
vt 1 1
vt 0 0
vt 0.875 0.2500000596046448
vt 0.1250000298023224 0.2500000596046448
vt 0.5 1
vt 0.7499999403953552 1
vt 0.7499999403953552 0
vt 0 1
vt 0.2500000596046448 1
vt 1 0
vt 0.2500000596046448 0
vt 0.1250000298023224 0.7499999403953552
vt 0.5 0
vt 0.875 0.7499999403953552
vt 1 1
vt 0 0
vt 0 1
vt 0.30000001192092896 1
vt 0.30000001192092896 0.5299999713897705
vt 0 0.5299999713897705
vt 0 0
vt 0.30000001192092896 0.2500000596046448
vt 0.30000001192092896 0
vt 1 1
vt 1 0.5299999713897705
vt 0.7499999403953552 0.5299999713897705
vt 0.5 1
vt 0 0
vt 0.875 0.2500000596046448
vt 0.2500000596046448 1
vt 1 0
vt 0.2500000596046448 0
vt 0 1
vt 1 1
vt 0.7499999403953552 0
vt 0.875 0.7499999403953552
vt 0.1250000298023224 0.7499999403953552
vt 0.5 0
vt 0.1250000298023224 0.2500000596046448
vt 0.5 1
vt 0.875 0.2500000596046448
vt 0.7499999403953552 1
vt 0.7499999403953552 0
vt 0 1
vt 0.2500000596046448 1
vt 1 0
vt 0.2500000596046448 0
vt 1 1
vt 0 0
vt 0.875 0.7499999403953552
vt 0.1250000298023224 0.7499999403953552
vt 0.5 0
vt 0.875 0.2500000596046448
vt 0.1250000298023224 0.2500000596046448
vt 0.5 1
vt 0.7499999403953552 1
vt 0.7499999403953552 0
vt 0 1
vt 0.2500000596046448 1
vt 1 0
vt 0.2500000596046448 0
vt 1 1
vt 0 0
vt 0.1250000298023224 0.7499999403953552
vt 0.5 0
vt 0.875 0.7499999403953552
vt 0.875 0.2500000596046448
vt 0.1250000298023224 0.2500000596046448
vt 0.5 1
vt 0.7499999403953552 1
vt 0.7499999403953552 0
vt 0 1
vt 0.2500000596046448 1
vt 1 0
vt 0.2500000596046448 0
vt 1 1
vt 0 0
vt 0.1250000298023224 0.7499999403953552
vt 0.5 0
vt 0.875 0.7499999403953552
vt 0 1
vt 0.29999881982803345 1
vt 0.29999881982803345 0.5299999713897705
vt 0 0.5299999713897705
vt 0 0
vt 0.29999881982803345 0.2500000596046448
vt 0.29999881982803345 0
vt 1 1
vt 1 0.5299999713897705
vt 0.7499999403953552 0.5299999713897705
vt 0.5 1
vt 0 0
vt 0.875 0.2500000596046448
vt 0.2500000596046448 1
vt 1 0
vt 0.2500000596046448 0
vt 0 1
vt 1 1
vt 0.7499999403953552 0
vt 0.875 0.7499999403953552
vt 0.1250000298023224 0.7499999403953552
vt 0.5 0
vt 0.1250000298023224 0.2500000596046448
vt 0.5 1
vt 0.875 0.2500000596046448
vt 0.7499999403953552 1
vt 0.7499999403953552 0
vt 0 1
vt 0.2500000596046448 1
vt 1 0
vt 0.2500000596046448 0
vt 1 1
vt 0 0
vt 0.875 0.7499999403953552
vt 0.1250000298023224 0.7499999403953552
vt 0.5 0
vt 0.875 0.2500000596046448
vt 0.1250000298023224 0.2500000596046448
vt 0.5 1
vt 0.7499999403953552 1
vt 0.7499999403953552 0
vt 0 1
vt 0.2500000596046448 1
vt 1 0
vt 0.2500000596046448 0
vt 0.1250000298023224 0.7499999403953552
vt 0.5 0
vt 0.875 0.7499999403953552
vt 1 1
vt 0 0
vt 0.875 0.2500000596046448
vt 0.1250000298023224 0.2500000596046448
vt 0.5 1
vt 0.7499999403953552 1
vt 0.7499999403953552 0
vt 0 1
vt 0.2500000596046448 1
vt 1 0
vt 0.2500000596046448 0
vt 0.1250000298023224 0.7499999403953552
vt 0.5 0
vt 0.875 0.7499999403953552
vt 1 1
vt 0 0
vt 0 1
vt 0.29999881982803345 1
vt 0.29999881982803345 0.5299999713897705
vt 0 0.5299999713897705
vt 0 0
vt 0.29999881982803345 0.2500000596046448
vt 0.29999881982803345 0
vt 1 1
vt 1 0.5299999713897705
vt 0.7499999403953552 0.5299999713897705
vt 0.5 1
vt 0 0
vt 0 1
vt 0.875 0.2500000596046448
vt 0.2500000596046448 1
vt 1 0
vt 0.2500000596046448 0
vt 1 1
vt 0.7499999403953552 0
vt 0.875 0.7499999403953552
vt 0.1250000298023224 0.7499999403953552
vt 0.5 0
vt 0.1250000298023224 0.2500000596046448
vt 0.5 1
vt 0.875 0.2500000596046448
vt 0.7499999403953552 1
vt 0.7499999403953552 0
vt 0 1
vt 0.2500000596046448 1
vt 1 0
vt 0.2500000596046448 0
vt 1 1
vt 0 0
vt 0.875 0.7499999403953552
vt 0.1250000298023224 0.7499999403953552
vt 0.5 0
vt 0.875 0.2500000596046448
vt 0.1250000298023224 0.2500000596046448
vt 0.5 1
vt 0.7499999403953552 1
vt 0.7499999403953552 0
vt 0 1
vt 0.2500000596046448 1
vt 1 0
vt 0.2500000596046448 0
vt 1 1
vt 0 0
vt 0.1250000298023224 0.7499999403953552
vt 0.5 0
vt 0.875 0.7499999403953552
vt 0.875 0.2500000596046448
vt 0.1250000298023224 0.2500000596046448
vt 0.5 1
vt 0.2500000596046448 1
vt 1 0
vt 0.2500000596046448 0
vt 0.7499999403953552 1
vt 0.7499999403953552 0
vt 0 1
vt 1 1
vt 0 0
vt 0.1250000298023224 0.7499999403953552
vt 0.5 0
vt 0.875 0.7499999403953552
vt 0 0
vt 0.30000096559524536 0.2500000596046448
vt 0.30000096559524536 0
vt 0 1
vt 0.30000096559524536 1
vt 0.30000096559524536 0.5299999713897705
vt 0 0.5299999713897705
vt 1 1
vt 1 0.5299999713897705
vt 0.7499999403953552 0.5299999713897705
vt 0.5 1
vt 0 0
vt 0.875 0.2500000596046448
vt 0.7499999403953552 0
vt 0.2500000596046448 1
vt 1 0
vt 0.2500000596046448 0
vt 0 1
vt 1 1
vt 0.875 0.7499999403953552
vt 0.1250000298023224 0.7499999403953552
vt 0.5 0
vt 0.1250000298023224 0.2500000596046448
vt 0.5 1
vt 0.875 0.2500000596046448
vt 0.7499999403953552 1
vt 0.7499999403953552 0
vt 0 1
vt 0.2500000596046448 1
vt 1 0
vt 0.2500000596046448 0
vt 1 1
vt 0 0
vt 0.875 0.7499999403953552
vt 0.1250000298023224 0.7499999403953552
vt 0.5 0
vt 0.875 0.2500000596046448
vt 0.1250000298023224 0.2500000596046448
vt 0.5 1
vt 0.7499999403953552 1
vt 0.7499999403953552 0
vt 0 1
vt 0.2500000596046448 1
vt 1 0
vt 0.2500000596046448 0
vt 0.1250000298023224 0.7499999403953552
vt 0.5 0
vt 0.875 0.7499999403953552
vt 1 1
vt 0 0
vt 0.875 0.2500000596046448
vt 0.1250000298023224 0.2500000596046448
vt 0.5 1
vt 0.7499999403953552 1
vt 0.7499999403953552 0
vt 0 1
vt 0.2500000596046448 1
vt 1 0
vt 0.2500000596046448 0
vt 0.1250000298023224 0.7499999403953552
vt 0.5 0
vt 0.875 0.7499999403953552
vt 1 1
vt 0 0
vt 0 0
vt 0.30000096559524536 0.2500000596046448
vt 0.30000096559524536 0
vt 0 1
vt 0.30000096559524536 1
vt 0.30000096559524536 0.5299999713897705
vt 0 0.5299999713897705
vt 1 1
vt 1 0.5299999713897705
vt 0.7499999403953552 0.5299999713897705
vt 0.5 1
vt 0 0
vt 0.875 0.2500000596046448
vt 0.2500000596046448 1
vt 1 0
vt 0.2500000596046448 0
vt 0.7499999403953552 0
vt 0 1
vt 1 1
vt 0.875 0.7499999403953552
vt 0.1250000298023224 0.7499999403953552
vt 0.5 0
vt 0.1250000298023224 0.2500000596046448
vt 0.5 1
vt 0.875 0.2500000596046448
vt 0.7499999403953552 1
vt 0.7499999403953552 0
vt 0 1
vt 0.2500000596046448 1
vt 1 0
vt 0.2500000596046448 0
vt 1 1
vt 0 0
vt 0.875 0.7499999403953552
vt 0.1250000298023224 0.7499999403953552
vt 0.5 0
vt 0.875 0.2500000596046448
vt 0.1250000298023224 0.2500000596046448
vt 0.5 1
vt 0.2500000596046448 1
vt 1 1
vt 1 0
vt 0.7499999403953552 1
vt 0 0
vt 0 1
vt 0.2500000596046448 0
vt 0.7499999403953552 0
vt 0.1250000298023224 0.7499999403953552
vt 0.5 0
vt 0.875 0.7499999403953552
vt 0.875 0.2500000596046448
vt 0.1250000298023224 0.2500000596046448
vt 0.5 1
vt 0.7499999403953552 1
vt 0.7499999403953552 0
vt 0 1
vt 0.2500000596046448 1
vt 1 1
vt 1 0
vt 0.2500000596046448 0
vt 0.1250000298023224 0.7499999403953552
vt 0.5 0
vt 0.875 0.7499999403953552
vt 0 0
vt 0 0
vt 0.30000096559524536 0.2500000596046448
vt 0.30000096559524536 0
vt 0 1
vt 0.30000096559524536 1
vt 0.30000096559524536 0.5299999713897705
vt 0 0.5299999713897705
vt 1 1
vt 1 0.5299999713897705
vt 0.7499999403953552 0.5299999713897705
vt 0.5 1
vt 0 0
vt 0.875 0.2500000596046448
vt 0.7499999403953552 0
vt 0.2500000596046448 1
vt 1 0
vt 0.2500000596046448 0
vt 0 1
vt 1 1
vt 0.875 0.7499999403953552
vt 0.1250000298023224 0.7499999403953552
vt 0.5 0
vt 0.1250000298023224 0.2500000596046448
vt 0.5 1
vt 0.875 0.2500000596046448
vt 0.7499999403953552 1
vt 0.7499999403953552 0
vt 0 1
vt 0.2500000596046448 1
vt 1 0
vt 0.2500000596046448 0
vt 1 1
vt 0 0
vt 0.875 0.7499999403953552
vt 0.1250000298023224 0.7499999403953552
vt 0.5 0
vt 0.875 0.2500000596046448
vt 0.1250000298023224 0.2500000596046448
vt 0.5 1
vt 0.2500000596046448 1
vt 1 0
vt 0.2500000596046448 0
vt 0.7499999403953552 1
vt 0.7499999403953552 0
vt 0 0
vt 0.1250000298023224 0.7499999403953552
vt 0.5 0
vt 0.875 0.7499999403953552
vt 1 1
vt 0 1
vt 0.875 0.2500000596046448
vt 0.1250000298023224 0.2500000596046448
vt 0.5 1
vt 0.7499999403953552 1
vt 0.7499999403953552 0
vt 0 1
vt 0.2500000596046448 1
vt 1 0
vt 0.2500000596046448 0
vt 0.1250000298023224 0.7499999403953552
vt 0.5 0
vt 0.875 0.7499999403953552
vt 1 1
vt 0 0
vt 0 0
vt 0.30000096559524536 0.2500000596046448
vt 0.30000096559524536 0
vt 0 1
vt 0.30000096559524536 1
vt 0.30000096559524536 0.5299999713897705
vt 0 0.5299999713897705
vt 1 1
vt 1 0.5299999713897705
vt 0.7499999403953552 0.5299999713897705
vt 0.5 1
vt 0 0
vt 0.875 0.2500000596046448
vt 0.7499999403953552 0
vt 0.2500000596046448 1
vt 1 0
vt 0.2500000596046448 0
vt 0 1
vt 1 1
vt 0.875 0.7499999403953552
vt 0.1250000298023224 0.7499999403953552
vt 0.5 0
vt 0.1250000298023224 0.2500000596046448
vt 0.5 1
vt 0.875 0.2500000596046448
vt 0.7499999403953552 1
vt 0.7499999403953552 0
vt 0 1
vt 0.2500000596046448 1
vt 1 1
vt 1 0
vt 0 0
vt 0.2500000596046448 0
vt 0.875 0.7499999403953552
vt 0.1250000298023224 0.7499999403953552
vt 0.5 0
vt 0.875 0.2500000596046448
vt 0.1250000298023224 0.2500000596046448
vt 0.5 1
vt 0.2500000596046448 1
vt 1 1
vt 1 0
vt 0.7499999403953552 1
vt 0 0
vt 0 1
vt 0.2500000596046448 0
vt 0.7499999403953552 0
vt 0.1250000298023224 0.7499999403953552
vt 0.5 0
vt 0.875 0.7499999403953552
vt 0.875 0.2500000596046448
vt 0.1250000298023224 0.2500000596046448
vt 0.5 1
vt 0.7499999403953552 1
vt 0.7499999403953552 0
vt 0 1
vt 0.2500000596046448 1
vt 1 1
vt 1 0
vt 0.2500000596046448 0
vt 0.1250000298023224 0.7499999403953552
vt 0.5 0
vt 0.875 0.7499999403953552
vt 0 0
vt 0 0
vt 0.30000096559524536 0.2500000596046448
vt 0.30000096559524536 0
vt 0 1
vt 0.30000096559524536 1
vt 0.30000096559524536 0.5299999713897705
vt 0 0.5299999713897705
vt 1 1
vt 1 0.5299999713897705
vt 0.7499999403953552 0.5299999713897705
vt 0.5 1
vt 0 0
vt 0.875 0.2500000596046448
vt 0.2500000596046448 1
vt 1 0
vt 0.2500000596046448 0
vt 0.7499999403953552 0
vt 0 1
vt 1 1
vt 0.875 0.7499999403953552
vt 0.1250000298023224 0.7499999403953552
vt 0.5 0
vt 0.1250000298023224 0.2500000596046448
vt 0.5 1
vt 0.875 0.2500000596046448
vt 0.7499999403953552 1
vt 0.7499999403953552 0
vt 0 1
vt 0.2500000596046448 1
vt 1 0
vt 0.2500000596046448 0
vt 1 1
vt 0 0
vt 0.875 0.7499999403953552
vt 0.1250000298023224 0.7499999403953552
vt 0.5 0
vt 0.875 0.2500000596046448
vt 0.1250000298023224 0.2500000596046448
vt 0.5 1
vt 0.2500000596046448 1
vt 1 0
vt 0.2500000596046448 0
vt 0.7499999403953552 1
vt 0.7499999403953552 0
vt 0 0
vt 1 1
vt 0 1
vt 0.1250000298023224 0.7499999403953552
vt 0.5 0
vt 0.875 0.7499999403953552
vt 0.875 0.2500000596046448
vt 0.1250000298023224 0.2500000596046448
vt 0.5 1
vt 0.2500000596046448 1
vt 1 0
vt 0.2500000596046448 0
vt 0.7499999403953552 1
vt 0.7499999403953552 0
vt 0 1
vt 1 1
vt 0 0
vt 0.1250000298023224 0.7499999403953552
vt 0.5 0
vt 0.875 0.7499999403953552
vt 0 0
vt 0.30000001192092896 0.2500000596046448
vt 0.30000001192092896 0
vt 0 1
vt 0.30000001192092896 1
vt 0.30000001192092896 0.5299999713897705
vt 0 0.5299999713897705
vt 1 1
vt 1 0.5299999713897705
vt 0.7499999403953552 0.5299999713897705
vt 0.5 1
vt 0 0
vt 0.875 0.2500000596046448
vt 0.7499999403953552 0
vt 0.2500000596046448 1
vt 1 0
vt 0.2500000596046448 0
vt 0 1
vt 1 1
vt 0.875 0.7499999403953552
vt 0.1250000298023224 0.7499999403953552
vt 0.5 0
vt 0.1250000298023224 0.2500000596046448
vt 0.5 1
vt 0.875 0.2500000596046448
vt 0.7499999403953552 1
vt 0.7499999403953552 0
vt 0 1
vt 0.2500000596046448 1
vt 1 0
vt 0.2500000596046448 0
vt 1 1
vt 0 0
vt 0.875 0.7499999403953552
vt 0.1250000298023224 0.7499999403953552
vt 0.5 0
vt 0.875 0.2500000596046448
vt 0.1250000298023224 0.2500000596046448
vt 0.5 1
vt 0.7499999403953552 1
vt 0.7499999403953552 0
vt 0 1
vt 0.2500000596046448 1
vt 1 0
vt 0.2500000596046448 0
vt 0.1250000298023224 0.7499999403953552
vt 0.5 0
vt 0.875 0.7499999403953552
vt 1 1
vt 0 0
vt 0.875 0.2500000596046448
vt 0.1250000298023224 0.2500000596046448
vt 0.5 1
vt 0.2500000596046448 1
vt 1 0
vt 0.2500000596046448 0
vt 0.7499999403953552 1
vt 0.7499999403953552 0
vt 0 1
vt 0.1250000298023224 0.7499999403953552
vt 0.5 0
vt 0.875 0.7499999403953552
vt 1 1
vt 0 0
vt 0 0
vt 0.30000001192092896 0.2500000596046448
vt 0.30000001192092896 0
vt 0 1
vt 0.30000001192092896 1
vt 0.30000001192092896 0.5299999713897705
vt 0 0.5299999713897705
vt 1 1
vt 1 0.5299999713897705
vt 0.7499999403953552 0.5299999713897705
vt 0.5 1
vt 0 0
vt 0.875 0.2500000596046448
vt 0.7499999403953552 0
vt 0.2500000596046448 1
vt 1 0
vt 0.2500000596046448 0
vt 0 1
vt 1 1
vt 0.875 0.7499999403953552
vt 0.1250000298023224 0.7499999403953552
vt 0.5 0
vt 0.1250000298023224 0.2500000596046448
vt 0.5 1
vt 0.875 0.2500000596046448
vt 0.7499999403953552 1
vt 0.7499999403953552 0
vt 0 1
vt 0.2500000596046448 1
vt 1 0
vt 0.2500000596046448 0
vt 1 1
vt 0 0
vt 0.875 0.7499999403953552
vt 0.1250000298023224 0.7499999403953552
vt 0.5 0
vt 0.875 0.2500000596046448
vt 0.1250000298023224 0.2500000596046448
vt 0.5 1
vt 0.7499999403953552 1
vt 0.7499999403953552 0
vt 0 1
vt 0.2500000596046448 1
vt 1 0
vt 0.2500000596046448 0
vt 1 1
vt 0 0
vt 0.1250000298023224 0.7499999403953552
vt 0.5 0
vt 0.875 0.7499999403953552
vt 0.875 0.2500000596046448
vt 0.1250000298023224 0.2500000596046448
vt 0.5 1
vt 0.2500000596046448 1
vt 1 0
vt 0.2500000596046448 0
vt 0.7499999403953552 1
vt 0.7499999403953552 0
vt 0 1
vt 1 1
vt 0 0
vt 0.1250000298023224 0.7499999403953552
vt 0.5 0
vt 0.875 0.7499999403953552
vt 0 0
vt 0.29999881982803345 0.2500000596046448
vt 0.29999881982803345 0
vt 0 1
vt 0.29999881982803345 1
vt 0.29999881982803345 0.5299999713897705
vt 0 0.5299999713897705
vt 1 1
vt 1 0.5299999713897705
vt 0.7499999403953552 0.5299999713897705
vt 0.5 1
vt 0 0
vt 0.875 0.2500000596046448
vt 0.7499999403953552 0
vt 0.2500000596046448 1
vt 1 0
vt 0.2500000596046448 0
vt 0 1
vt 1 1
vt 0.875 0.7499999403953552
vt 0.1250000298023224 0.7499999403953552
vt 0.5 0
vt 0.1250000298023224 0.2500000596046448
vt 0.5 1
vt 0.875 0.2500000596046448
vt 0.7499999403953552 1
vt 0.7499999403953552 0
vt 0 1
vt 0.2500000596046448 1
vt 1 0
vt 0.2500000596046448 0
vt 1 1
vt 0 0
vt 0.875 0.7499999403953552
vt 0.1250000298023224 0.7499999403953552
vt 0.5 0
vt 0.875 0.2500000596046448
vt 0.1250000298023224 0.2500000596046448
vt 0.5 1
vt 0.7499999403953552 1
vt 0.7499999403953552 0
vt 0 1
vt 0.2500000596046448 1
vt 1 0
vt 0.2500000596046448 0
vt 0.1250000298023224 0.7499999403953552
vt 0.5 0
vt 0.875 0.7499999403953552
vt 1 1
vt 0 0
vt 0.875 0.2500000596046448
vt 0.1250000298023224 0.2500000596046448
vt 0.5 1
vt 0.7499999403953552 1
vt 0.7499999403953552 0
vt 0 1
vt 0.2500000596046448 1
vt 1 0
vt 0.2500000596046448 0
vt 0.1250000298023224 0.7499999403953552
vt 0.5 0
vt 0.875 0.7499999403953552
vt 1 1
vt 0 0
vt 0 0
vt 0.29999881982803345 0.2500000596046448
vt 0.29999881982803345 0
vt 0 1
vt 0.29999881982803345 1
vt 0.29999881982803345 0.5299999713897705
vt 0 0.5299999713897705
vt 1 1
vt 1 0.5299999713897705
vt 0.7499999403953552 0.5299999713897705
vt 0.5 1
vt 0 0
vt 0.7499999403953552 0
vt 0 1
vt 0.875 0.2500000596046448
vt 0.2500000596046448 1
vt 1 0
vt 0.2500000596046448 0
vt 1 1
vt 0.875 0.7499999403953552
vt 0.1250000298023224 0.7499999403953552
vt 0.5 0
vt 0.1250000298023224 0.2500000596046448
vt 0.5 1
vt 0.875 0.2500000596046448
vt 0.7499999403953552 1
vt 0.7499999403953552 0
vt 0 1
vt 0.2500000596046448 1
vt 1 0
vt 0.2500000596046448 0
vt 1 1
vt 0 0
vt 0.875 0.7499999403953552
vt 0.1250000298023224 0.7499999403953552
vt 0.5 0
vt 0 0
vt 0.15333335101604462 0.15079365670681
vt 0.15333335101604462 0.09365078806877136
vt 0.48556625843048096 0.04484127089381218
vt 0.15511111915111542 0.15777777135372162
vt 0.15511111915111542 0.15079365670681
vt 0.19955556094646454 0.15079365670681
vt 0.19955556094646454 0.15777777135372162
vt 0.25111111998558044 0.15079365670681
vt 0.15333335101604462 0.18888887763023376
vt 0.25111111998558044 0.18888887763023376
vt 0.4956863522529602 0.03929453343153
vt 0.5 0.03888889029622078
vt 0.25111111998558044 0.09365078806877136
vt 0.48556625843048096 0.05674603208899498
vt 0.4882148802280426 0.04237571358680725
vt 0.49166667461395264 0.04048382490873337
vt 0.4956863522529602 0.06229276955127716
vt 0.30444443225860596 0.09365078806877136
vt 0.9397173523902893 0
vt 0.4839012622833252 0.047712475061416626
vt 0.4833333194255829 0.05079365149140358
vt 0.4839012622833252 0.05387482792139053
vt 0.4882148802280426 0.05921158939599991
vt 0.49166667461395264 0.06110347807407379
vt 0.5 0.06269841641187668
vt 0.5043136477470398 0.06229276955127716
vt 0.30444443225860596 0.15079365670681
vt 0.30622223019599915 0.15777777135372162
vt 0.30444443225860596 0.15079365670681
vt 0.30622223019599915 0.15079365670681
vt 0.35066667199134827 0.15079365670681
vt 0.35066667199134827 0.15777777135372162
vt 0.402222216129303 0.15079365670681
vt 0.30444443225860596 0.18888887763023376
vt 0.30444443225860596 0.2460317462682724
vt 0.402222216129303 0.18888887763023376
vt 0.402222216129303 0.09365078806877136
vt 0.4555555582046509 0.09365078806877136
vt 0.4555555582046509 0.15079365670681
vt 0.4573333263397217 0.15777777135372162
vt 0.4555555582046509 0.15079365670681
vt 0.4573333263397217 0.15079365670681
vt 0.4555555582046509 0.18888887763023376
vt 0.4555555582046509 0.2460317462682724
vt 0.5533333420753479 0.18888887763023376
vt 0.5017777681350708 0.15777777135372162
vt 0 0
vt 0 0.9397173523902893
vt 1 0
vt 0.19955556094646454 0.2460317462682724
vt 0.19955556094646454 0.2530158758163452
vt 0.25111111998558044 0.2460317462682724
vt 0.15511111915111542 0.2530158758163452
vt 0.15333335101604462 0.28412699699401855
vt 0.25111111998558044 0.28412699699401855
vt 0.15333335101604462 0.341269850730896
vt 0.15511111915111542 0.3482539653778076
vt 0.15511111915111542 0.341269850730896
vt 0.19955556094646454 0.341269850730896
vt 0.19955556094646454 0.3482539653778076
vt 0.25111111998558044 0.341269850730896
vt 0.25111111998558044 0.37936511635780334
vt 0 0.9682539701461792
vt 0.15333335101604462 0.37936511635780334
vt 0.15333335101604462 0.2460317462682724
vt 0.15511111915111542 0.2460317462682724
vt 0.19955556094646454 0.4365079402923584
vt 0.19955556094646454 0.4434920847415924
vt 0.25111111998558044 0.4365079402923584
vt 0.15511111915111542 0.4434920847415924
vt 0.25111111998558044 0.47460320591926575
vt 0.15333335101604462 0.47460320591926575
vt 0.30622223019599915 0.2530158758163452
vt 0.30444443225860596 0.28412699699401855
vt 0.30622223019599915 0.2460317462682724
vt 0.35066667199134827 0.2460317462682724
vt 0.35066667199134827 0.2530158758163452
vt 0.402222216129303 0.2460317462682724
vt 0.402222216129303 0.28412699699401855
vt 0.30444443225860596 0.341269850730896
vt 0.30622223019599915 0.3482539653778076
vt 0.30444443225860596 0.341269850730896
vt 0.30444443225860596 0.37936511635780334
vt 0.30622223019599915 0.341269850730896
vt 0.35066667199134827 0.341269850730896
vt 0.35066667199134827 0.3482539653778076
vt 0.402222216129303 0.341269850730896
vt 0.402222216129303 0.37936511635780334
vt 0.4555555582046509 0.28412699699401855
vt 0.4573333263397217 0.2530158758163452
vt 0.4573333263397217 0.2460317462682724
vt 0.5017777681350708 0.2530158758163452
vt 0.5533333420753479 0.28412699699401855
vt 0.4555555582046509 0.341269850730896
vt 0.4573333263397217 0.3482539653778076
vt 0.4555555582046509 0.37936511635780334
vt 0.4573333263397217 0.341269850730896
vt 0.5017777681350708 0.3482539653778076
vt 0.30444443225860596 0.4365079402923584
vt 0.30622223019599915 0.4434920847415924
vt 0.30444443225860596 0.4365079402923584
vt 0.30444443225860596 0.47460320591926575
vt 0.25111111998558044 0.5317460298538208
vt 0.30622223019599915 0.4365079402923584
vt 0.35066667199134827 0.4365079402923584
vt 0.35066667199134827 0.4434920847415924
vt 0.402222216129303 0.4365079402923584
vt 0.402222216129303 0.47460320591926575
vt 0.4555555582046509 0.4365079402923584
vt 0.5533333420753479 0.37936511635780334
vt 0.4573333263397217 0.4434920847415924
vt 0.4555555582046509 0.4365079402923584
vt 0.4555555582046509 0.47460320591926575
vt 0.402222216129303 0.5317460298538208
vt 0.4573333263397217 0.4365079402923584
vt 0.5533333420753479 0.47460320591926575
vt 0.5017777681350708 0.4434920847415924
vt 0.9437322020530701 0.006923393812030554
vt 0.5043136477470398 0.03929453343153
vt 0.5083333253860474 0.04048382490873337
vt 0.5117851495742798 0.04237571358680725
vt 0.514433741569519 0.04484127089381218
vt 0.5160987377166748 0.047712475061416626
vt 0.5083333253860474 0.06110347807407379
vt 0.5117851495742798 0.05921158939599991
vt 0.5166666507720947 0.05079365149140358
vt 0.5160987377166748 0.05387482792139053
vt 0.514433741569519 0.05674603208899498
vt 0.5533333420753479 0.09365078806877136
vt 0.606666624546051 0.09365078806877136
vt 0.7044444680213928 0.09365078806877136
vt 0.5533333420753479 0.15079365670681
vt 0.5017777681350708 0.15079365670681
vt 0.606666624546051 0.15079365670681
vt 0.6084444522857666 0.15777777135372162
vt 0.606666624546051 0.15079365670681
vt 0.6084444522857666 0.15079365670681
vt 0.606666624546051 0.28412699699401855
vt 0.606666624546051 0.18888887763023376
vt 0.7044444680213928 0.18888887763023376
vt 0.606666624546051 0.2460317462682724
vt 0.6084444522857666 0.2530158758163452
vt 0.6528888940811157 0.15079365670681
vt 0.6528888940811157 0.15777777135372162
vt 0.7044444680213928 0.15079365670681
vt 0.757777750492096 0.09365078806877136
vt 0.757777750492096 0.15079365670681
vt 0.7595555782318115 0.15777777135372162
vt 0.757777750492096 0.15079365670681
vt 0.7595555782318115 0.15079365670681
vt 0.757777750492096 0.18888887763023376
vt 0.757777750492096 0.28412699699401855
vt 0.757777750492096 0.2460317462682724
vt 0.7595555782318115 0.2530158758163452
vt 0.9507825374603271 0.010443927720189095
vt 0.855555534362793 0.09365078806877136
vt 0.9497783184051514 0.008712241426110268
vt 0.9573139548301697 0.013137432746589184
vt 0.9578080773353577 0.013989596627652645
vt 0.9642877578735352 0.016661766916513443
vt 0.9648088216781616 0.017560314387083054
vt 0.9723790884017944 0.0217094998806715
vt 0.9788475036621094 0.027730805799365044
vt 0.9847770929336548 0.030176129192113876
vt 0.9863507747650146 0.03164101392030716
vt 0.9955555200576782 0.036686044186353683
vt 1 0.03800101950764656
vt 0.8040000200271606 0.15079365670681
vt 0.8040000200271606 0.15777777135372162
vt 0.855555534362793 0.15079365670681
vt 0.855555534362793 0.18888887763023376
vt 0.5017777681350708 0.2460317462682724
vt 0.5533333420753479 0.2460317462682724
vt 0.6084444522857666 0.2460317462682724
vt 0.6528888940811157 0.2530158758163452
vt 0.5017777681350708 0.341269850730896
vt 0.5533333420753479 0.341269850730896
vt 0.606666624546051 0.37936511635780334
vt 0.606666624546051 0.341269850730896
vt 0.6084444522857666 0.3482539653778076
vt 0.6084444522857666 0.341269850730896
vt 0.6528888940811157 0.3482539653778076
vt 0.6528888940811157 0.2460317462682724
vt 0.7044444680213928 0.2460317462682724
vt 0.7044444680213928 0.28412699699401855
vt 0.7595555782318115 0.2460317462682724
vt 0.757777750492096 0.341269850730896
vt 0.6528888940811157 0.341269850730896
vt 0.7044444680213928 0.341269850730896
vt 0.7044444680213928 0.37936511635780334
vt 0.757777750492096 0.37936511635780334
vt 0.7595555782318115 0.3482539653778076
vt 0.7595555782318115 0.341269850730896
vt 0.606666624546051 0.4365079402923584
vt 0.6084444522857666 0.4434920847415924
vt 0.5017777681350708 0.4365079402923584
vt 0.5533333420753479 0.4365079402923584
vt 0.606666624546051 0.47460320591926575
vt 0.6084444522857666 0.4365079402923584
vt 0.6528888940811157 0.4434920847415924
vt 0.606666624546051 0.5317460298538208
vt 0.757777750492096 0.4365079402923584
vt 0.757777750492096 0.47460320591926575
vt 0.7595555782318115 0.4434920847415924
vt 0.6528888940811157 0.4365079402923584
vt 0.7044444680213928 0.4365079402923584
vt 0.7044444680213928 0.47460320591926575
vt 0.7595555782318115 0.4365079402923584
vt 0.8040000200271606 0.4434920847415924
vt 0.757777750492096 0.5698412656784058
vt 0.757777750492096 0.5317460298538208
vt 0.8040000200271606 0.2460317462682724
vt 0.8040000200271606 0.2530158758163452
vt 0.855555534362793 0.2460317462682724
vt 0.855555534362793 0.28412699699401855
vt 0.855555534362793 0.37936511635780334
vt 0.8040000200271606 0.3482539653778076
vt 0.8040000200271606 0.341269850730896
vt 0.855555534362793 0.341269850730896
vt 1 1
vt 0.8040000200271606 0.4365079402923584
vt 0.855555534362793 0.4365079402923584
vt 0.855555534362793 0.47460320591926575
vt 0.03800101950764656 1
vt 1 1
vt 0.03800101950764656 0
vt 0 0
vt 0.11445200443267822 0.07123565673828125
vt 0.09990302473306656 0.07123565673828125
vt 0.12657615542411804 0.05266712233424187
vt 0.12657615542411804 0.06279541552066803
vt 0.12172650545835495 0.06785956025123596
vt 0.48714035749435425 0.013330024667084217
vt 0.22841902077198029 0.06785956025123596
vt 0.2235693633556366 0.06279541552066803
vt 0.11445200443267822 0.12525321543216705
vt 0.12172650545835495 0.12862931191921234
vt 0.12366636842489243 0.12862931191921234
vt 0.12366636842489243 0.13605672121047974
vt 0.12657615542411804 0.13605672121047974
vt 0.12657615542411804 0.14382174611091614
vt 0.1721629649400711 0.12862931191921234
vt 0.2235693633556366 0.13369347155094147
vt 0.1721629649400711 0.13369347155094147
vt 0.09990302473306656 0.12525321543216705
vt 0.11445200443267822 0.1725185662508011
vt 0.12172650545835495 0.1691424697637558
vt 0.12657615542411804 0.153950035572052
vt 0.09990302473306656 0.1725185662508011
vt 0.11445200443267822 0.2265361100435257
vt 0.12657615542411804 0.16407831013202667
vt 0.12172650545835495 0.22991222143173218
vt 0.2235693633556366 0.153950035572052
vt 0.22841902077198029 0.1691424697637558
vt 0.2235693633556366 0.14382174611091614
vt 0.2235693633556366 0.16407831013202667
vt 0.48714035749435425 0.031234486028552055
vt 0.2235693633556366 0.05266712233424187
vt 0.29146459698677063 0.05266712233424187
vt 0.2356935292482376 0.07123565673828125
vt 0.29146459698677063 0.06279541552066803
vt 0.28661492466926575 0.06785956025123596
vt 0.2502425014972687 0.07123565673828125
vt 0.4952930212020874 0.010053282603621483
vt 0.49090686440467834 0.011318059638142586
vt 0.4999999701976776 0.00962189119309187
vt 0.4952930212020874 0.034511227160692215
vt 0.39330747723579407 0.06785956025123596
vt 0.3884577751159668 0.06279541552066803
vt 0.4842502474784851 0.01595207303762436
vt 0.4824334681034088 0.019005512818694115
vt 0.4818137586116791 0.022282255813479424
vt 0.4824334681034088 0.025558996945619583
vt 0.4842502474784851 0.02861243672668934
vt 0.49090686440467834 0.03324645012617111
vt 0.4999999701976776 0.0349426195025444
vt 0.3884577751159668 0.05266712233424187
vt 0.4563530683517456 0.05266712233424187
vt 0.4005819261074066 0.07123565673828125
vt 1 0
vt 0.4563530683517456 0.06279541552066803
vt 0.45150336623191833 0.06785956025123596
vt 0.4151308834552765 0.07123565673828125
vt 0.558195948600769 0.06785956025123596
vt 0 0
vt 0.4545454680919647 0
vt 0 1
vt 0.22841902077198029 0.12862931191921234
vt 0.26479145884513855 0.07123565673828125
vt 0.2793404161930084 0.07123565673828125
vt 0.2502425014972687 0.12525321543216705
vt 0.2793404161930084 0.12525321543216705
vt 0.2356935292482376 0.12525321543216705
vt 0.26479145884513855 0.12525321543216705
vt 0.28661492466926575 0.12862931191921234
vt 0.2885547876358032 0.13605672121047974
vt 0.29146459698677063 0.14382174611091614
vt 0.2885547876358032 0.12862931191921234
vt 0.29146459698677063 0.13605672121047974
vt 0.3370513916015625 0.12862931191921234
vt 0.3884577751159668 0.13369347155094147
vt 0.3370513916015625 0.13369347155094147
vt 0.26479145884513855 0.1725185662508011
vt 0.2356935292482376 0.1725185662508011
vt 0.2502425014972687 0.1725185662508011
vt 0.28661492466926575 0.1691424697637558
vt 0.2793404161930084 0.1725185662508011
vt 0.22841902077198029 0.22991222143173218
vt 0.2356935292482376 0.2265361100435257
vt 0.2502425014972687 0.2265361100435257
vt 0.2793404161930084 0.2265361100435257
vt 0.26479145884513855 0.2265361100435257
vt 0.29146459698677063 0.153950035572052
vt 0.29146459698677063 0.16407831013202667
vt 0.3884577751159668 0.153950035572052
vt 0.3884577751159668 0.14382174611091614
vt 0.39330747723579407 0.1691424697637558
vt 0.3884577751159668 0.16407831013202667
vt 0.28661492466926575 0.22991222143173218
vt 0.39330747723579407 0.12862931191921234
vt 0.4296799600124359 0.07123565673828125
vt 0.4151308834552765 0.12525321543216705
vt 0.4005819261074066 0.12525321543216705
vt 0.4296799600124359 0.12525321543216705
vt 0.45150336623191833 0.12862931191921234
vt 0.4442289173603058 0.07123565673828125
vt 0.4442289173603058 0.12525321543216705
vt 0.4534432291984558 0.13605672121047974
vt 0.4563530683517456 0.14382174611091614
vt 0.4534432291984558 0.12862931191921234
vt 0.4563530683517456 0.13605672121047974
vt 0.4005819261074066 0.1725185662508011
vt 0.45150336623191833 0.1691424697637558
vt 0.4151308834552765 0.1725185662508011
vt 0.4296799600124359 0.1725185662508011
vt 0.39330747723579407 0.22991222143173218
vt 0.4151308834552765 0.2265361100435257
vt 0.4005819261074066 0.2265361100435257
vt 0.4296799600124359 0.2265361100435257
vt 0.4563530683517456 0.153950035572052
vt 0.4442289173603058 0.1725185662508011
vt 0.4563530683517456 0.16407831013202667
vt 0.5533462762832642 0.153950035572052
vt 0.558195948600769 0.1691424697637558
vt 0.4442289173603058 0.2265361100435257
vt 0.45150336623191833 0.22991222143173218
vt 0 1
vt 0.9397173523902893 1
vt 0.04177775979042053 0.9701587557792664
vt 0.09990302473306656 0.2265361100435257
vt 0.11445200443267822 0.2738014757633209
vt 0.12366636842489243 0.22991222143173218
vt 0.12366636842489243 0.23733963072299957
vt 0.12657615542411804 0.23733963072299957
vt 0.12657615542411804 0.24510465562343597
vt 0.09990302473306656 0.2738014757633209
vt 0.12172650545835495 0.270425409078598
vt 0.12657615542411804 0.25523295998573303
vt 0.11445200443267822 0.3278190493583679
vt 0.12657615542411804 0.2653612494468689
vt 0.1721629649400711 0.22991222143173218
vt 0.2235693633556366 0.2349763810634613
vt 0.1721629649400711 0.2349763810634613
vt 0.2235693633556366 0.25523295998573303
vt 0.22841902077198029 0.270425409078598
vt 0.2235693633556366 0.24510465562343597
vt 0.2235693633556366 0.2653612494468689
vt 0.12172650545835495 0.3311951458454132
vt 0.12366636842489243 0.3311951458454132
vt 0.12366636842489243 0.3386225402355194
vt 0.09990302473306656 0.3278190493583679
vt 0.11445200443267822 0.37508440017700195
vt 0.12657615542411804 0.3386225402355194
vt 0.12657615542411804 0.3463875651359558
vt 0.1721629649400711 0.3311951458454132
vt 0.2235693633556366 0.33625927567481995
vt 0.1721629649400711 0.33625927567481995
vt 0.2235693633556366 0.3463875651359558
vt 0.2235693633556366 0.35651588439941406
vt 0 0
vt 0 1
vt 0.9682539701461792 1
vt 0 1
vt 0.09990302473306656 0.37508440017700195
vt 0.12657615542411804 0.35651588439941406
vt 0.12172650545835495 0.37170833349227905
vt 0.12657615542411804 0.3666441738605499
vt 0.11445200443267822 0.42910197377204895
vt 0.12172650545835495 0.43247804045677185
vt 0.22841902077198029 0.37170833349227905
vt 0.2235693633556366 0.3666441738605499
vt 0.12366636842489243 0.43247804045677185
vt 0.12366636842489243 0.43990546464920044
vt 0.09990302473306656 0.42910197377204895
vt 0.11445200443267822 0.476367324590683
vt 0.12657615542411804 0.43990546464920044
vt 0.12657615542411804 0.44767048954963684
vt 0.12657615542411804 0.4577988088130951
vt 0.12172650545835495 0.4729912281036377
vt 0.09990302473306656 0.476367324590683
vt 0.12657615542411804 0.46792706847190857
vt 0.11445200443267822 0.5303848385810852
vt 0.2235693633556366 0.4577988088130951
vt 0.1721629649400711 0.43247804045677185
vt 0.2235693633556366 0.437542200088501
vt 0.1721629649400711 0.437542200088501
vt 0.2235693633556366 0.44767048954963684
vt 0.22841902077198029 0.4729912281036377
vt 0.2235693633556366 0.46792706847190857
vt 0.26479145884513855 0.2738014757633209
vt 0.28661492466926575 0.270425409078598
vt 0.2885547876358032 0.23733963072299957
vt 0.29146459698677063 0.24510465562343597
vt 0.2356935292482376 0.2738014757633209
vt 0.2502425014972687 0.2738014757633209
vt 0.2793404161930084 0.2738014757633209
vt 0.2885547876358032 0.22991222143173218
vt 0.29146459698677063 0.23733963072299957
vt 0.3370513916015625 0.22991222143173218
vt 0.3884577751159668 0.2349763810634613
vt 0.3370513916015625 0.2349763810634613
vt 0.29146459698677063 0.25523295998573303
vt 0.29146459698677063 0.2653612494468689
vt 0.3884577751159668 0.25523295998573303
vt 0.3884577751159668 0.24510465562343597
vt 0.39330747723579407 0.270425409078598
vt 0.3884577751159668 0.2653612494468689
vt 0.22841902077198029 0.3311951458454132
vt 0.2356935292482376 0.3278190493583679
vt 0.2502425014972687 0.3278190493583679
vt 0.2793404161930084 0.3278190493583679
vt 0.26479145884513855 0.3278190493583679
vt 0.28661492466926575 0.3311951458454132
vt 0.2885547876358032 0.3386225402355194
vt 0.28661492466926575 0.37170833349227905
vt 0.29146459698677063 0.3463875651359558
vt 0.2885547876358032 0.3311951458454132
vt 0.29146459698677063 0.3386225402355194
vt 0.3370513916015625 0.3311951458454132
vt 0.3884577751159668 0.33625927567481995
vt 0.3370513916015625 0.33625927567481995
vt 0.3884577751159668 0.3463875651359558
vt 0.3884577751159668 0.35651588439941406
vt 0.45150336623191833 0.270425409078598
vt 0.4005819261074066 0.2738014757633209
vt 0.4151308834552765 0.2738014757633209
vt 0.4296799600124359 0.2738014757633209
vt 0.4534432291984558 0.23733963072299957
vt 0.4563530683517456 0.24510465562343597
vt 0.4534432291984558 0.22991222143173218
vt 0.4563530683517456 0.23733963072299957
vt 0.4563530683517456 0.25523295998573303
vt 0.4442289173603058 0.2738014757633209
vt 0.4563530683517456 0.2653612494468689
vt 0.5533462762832642 0.25523295998573303
vt 0.558195948600769 0.270425409078598
vt 0.39330747723579407 0.3311951458454132
vt 0.4151308834552765 0.3278190493583679
vt 0.4005819261074066 0.3278190493583679
vt 0.4296799600124359 0.3278190493583679
vt 0.45150336623191833 0.3311951458454132
vt 0.45150336623191833 0.37170833349227905
vt 0.4442289173603058 0.3278190493583679
vt 0.4534432291984558 0.3386225402355194
vt 0.4534432291984558 0.3311951458454132
vt 0.4563530683517456 0.3463875651359558
vt 0.4563530683517456 0.3386225402355194
vt 0.2356935292482376 0.37508440017700195
vt 0.2502425014972687 0.37508440017700195
vt 0.26479145884513855 0.37508440017700195
vt 0.2793404161930084 0.37508440017700195
vt 0.22841902077198029 0.43247804045677185
vt 0.2356935292482376 0.42910197377204895
vt 0.2502425014972687 0.42910197377204895
vt 0.2793404161930084 0.42910197377204895
vt 0.26479145884513855 0.42910197377204895
vt 0.29146459698677063 0.35651588439941406
vt 0.29146459698677063 0.3666441738605499
vt 0.39330747723579407 0.37170833349227905
vt 0.3884577751159668 0.3666441738605499
vt 0.28661492466926575 0.43247804045677185
vt 0.2885547876358032 0.43990546464920044
vt 0.29146459698677063 0.44767048954963684
vt 0.28661492466926575 0.4729912281036377
vt 0.2356935292482376 0.476367324590683
vt 0.2502425014972687 0.476367324590683
vt 0.22841902077198029 0.5337609648704529
vt 0.26479145884513855 0.476367324590683
vt 0.2793404161930084 0.476367324590683
vt 0.2502425014972687 0.5303848385810852
vt 0.2793404161930084 0.5303848385810852
vt 0.2885547876358032 0.43247804045677185
vt 0.29146459698677063 0.43990546464920044
vt 0.29146459698677063 0.4577988088130951
vt 0.3370513916015625 0.43247804045677185
vt 0.3884577751159668 0.437542200088501
vt 0.3370513916015625 0.437542200088501
vt 0.3884577751159668 0.4577988088130951
vt 0.3884577751159668 0.44767048954963684
vt 0.29146459698677063 0.46792706847190857
vt 0.39330747723579407 0.4729912281036377
vt 0.3884577751159668 0.46792706847190857
vt 0.4005819261074066 0.37508440017700195
vt 0.4151308834552765 0.37508440017700195
vt 0.4296799600124359 0.37508440017700195
vt 0.39330747723579407 0.43247804045677185
vt 0.4151308834552765 0.42910197377204895
vt 0.4005819261074066 0.42910197377204895
vt 0.4296799600124359 0.42910197377204895
vt 0.4563530683517456 0.35651588439941406
vt 0.4563530683517456 0.3666441738605499
vt 0.4442289173603058 0.37508440017700195
vt 0.5533462762832642 0.35651588439941406
vt 0.558195948600769 0.37170833349227905
vt 0.4442289173603058 0.42910197377204895
vt 0.45150336623191833 0.43247804045677185
vt 0.45150336623191833 0.4729912281036377
vt 0.4005819261074066 0.476367324590683
vt 0.39330747723579407 0.5337609648704529
vt 0.4151308834552765 0.476367324590683
vt 0.4296799600124359 0.476367324590683
vt 0.4151308834552765 0.5303848385810852
vt 0.4534432291984558 0.43990546464920044
vt 0.4563530683517456 0.44767048954963684
vt 0.4534432291984558 0.43247804045677185
vt 0.4563530683517456 0.43990546464920044
vt 0.4563530683517456 0.4577988088130951
vt 0.5533462762832642 0.4577988088130951
vt 0.4442289173603058 0.476367324590683
vt 0.4563530683517456 0.46792706847190857
vt 0.4442289173603058 0.5303848385810852
vt 0.558195948600769 0.4729912281036377
vt 0 0
vt 1 0.4545454680919647
vt 0 0.4545454680919647
vt 0.04177775979042053 0.029841257259249687
vt 0.5533462762832642 0.06279541552066803
vt 0.5533462762832642 0.05266712233424187
vt 0.6212414503097534 0.05266712233424187
vt 0.5654703974723816 0.07123565673828125
vt 0.5800193548202515 0.07123565673828125
vt 0.6212414503097534 0.06279541552066803
vt 0.6163917779922485 0.06785956025123596
vt 0.7230843305587769 0.06785956025123596
vt 0.5047069191932678 0.010053282603621483
vt 0.5090931057929993 0.011318059638142586
vt 0.512859582901001 0.013330024667084217
vt 0.5157496929168701 0.01595207303762436
vt 0.5175665020942688 0.019005512818694115
vt 0.5181862115859985 0.022282255813479424
vt 0.5175665020942688 0.025558996945619583
vt 0.5157496929168701 0.02861243672668934
vt 0.5047069191932678 0.034511227160692215
vt 0.5090931057929993 0.03324645012617111
vt 0.512859582901001 0.031234486028552055
vt 0.718234658241272 0.06279541552066803
vt 0.786129891872406 0.05266712233424187
vt 0.7303588390350342 0.07123565673828125
vt 0.744907796382904 0.07123565673828125
vt 0.786129891872406 0.06279541552066803
vt 0.7812802195549011 0.06785956025123596
vt 0.718234658241272 0.05266712233424187
vt 1 0.9397173523902893
vt 0.558195948600769 0.12862931191921234
vt 0.5945683717727661 0.07123565673828125
vt 0.5800193548202515 0.12525321543216705
vt 0.5019398331642151 0.12862931191921234
vt 0.5533462762832642 0.13369347155094147
vt 0.5019398331642151 0.13369347155094147
vt 0.5654703974723816 0.12525321543216705
vt 0.609117329120636 0.07123565673828125
vt 0.609117329120636 0.12525321543216705
vt 0.5945683717727661 0.12525321543216705
vt 0.6163917779922485 0.12862931191921234
vt 0.6183316707611084 0.13605672121047974
vt 0.6212414503097534 0.14382174611091614
vt 0.6183316707611084 0.12862931191921234
vt 0.6212414503097534 0.13605672121047974
vt 0.5533462762832642 0.14382174611091614
vt 0.5533462762832642 0.16407831013202667
vt 0.5800193548202515 0.1725185662508011
vt 0.5945683717727661 0.1725185662508011
vt 0.5654703974723816 0.1725185662508011
vt 0.558195948600769 0.22991222143173218
vt 0.5800193548202515 0.2265361100435257
vt 0.5654703974723816 0.2265361100435257
vt 0.6163917779922485 0.1691424697637558
vt 0.609117329120636 0.1725185662508011
vt 0.6212414503097534 0.153950035572052
vt 0.6212414503097534 0.16407831013202667
vt 0.718234658241272 0.153950035572052
vt 0.7230843305587769 0.1691424697637558
vt 0.609117329120636 0.2265361100435257
vt 0.5945683717727661 0.2265361100435257
vt 0.6163917779922485 0.22991222143173218
vt 0.7230843305587769 0.12862931191921234
vt 0.6668282747268677 0.12862931191921234
vt 0.718234658241272 0.13369347155094147
vt 0.6668282747268677 0.13369347155094147
vt 0.7303588390350342 0.12525321543216705
vt 0.7594567537307739 0.07123565673828125
vt 0.7740057706832886 0.07123565673828125
vt 0.744907796382904 0.12525321543216705
vt 0.7740057706832886 0.12525321543216705
vt 0.7594567537307739 0.12525321543216705
vt 0.7812802195549011 0.12862931191921234
vt 0.783220112323761 0.12862931191921234
vt 0.783220112323761 0.13605672121047974
vt 0.786129891872406 0.13605672121047974
vt 0.786129891872406 0.14382174611091614
vt 0.718234658241272 0.14382174611091614
vt 0.718234658241272 0.16407831013202667
vt 0.744907796382904 0.1725185662508011
vt 0.7303588390350342 0.1725185662508011
vt 0.7230843305587769 0.22991222143173218
vt 0.7303588390350342 0.2265361100435257
vt 0.7594567537307739 0.1725185662508011
vt 0.7740057706832886 0.1725185662508011
vt 0.7812802195549011 0.1691424697637558
vt 0.786129891872406 0.153950035572052
vt 0.786129891872406 0.16407831013202667
vt 0.744907796382904 0.2265361100435257
vt 0.7594567537307739 0.2265361100435257
vt 0.7740057706832886 0.2265361100435257
vt 0.7812802195549011 0.22991222143173218
vt 0.8879727721214294 0.06785956025123596
vt 0.8831230998039246 0.06279541552066803
vt 0.8831230998039246 0.05266712233424187
vt 0.895247220993042 0.07123565673828125
vt 0.9097962379455566 0.07123565673828125
vt 0.9097962379455566 0.12525321543216705
vt 0.8317167162895203 0.12862931191921234
vt 0.8831230998039246 0.13369347155094147
vt 0.8317167162895203 0.13369347155094147
vt 0.8879727721214294 0.12862931191921234
vt 0.895247220993042 0.12525321543216705
vt 0.895247220993042 0.1725185662508011
vt 0.8831230998039246 0.153950035572052
vt 0.8879727721214294 0.1691424697637558
vt 0.8831230998039246 0.14382174611091614
vt 0.8831230998039246 0.16407831013202667
vt 0.9097962379455566 0.1725185662508011
vt 0.895247220993042 0.2265361100435257
vt 0.8879727721214294 0.22991222143173218
vt 0.4545454680919647 1
vt 0.9437322020530701 0.9930766224861145
vt 0.9497783184051514 0.9912877678871155
vt 0.9507825374603271 0.989556074142456
vt 0.9582222700119019 0.9701587557792664
vt 0.9573139548301697 0.9868625402450562
vt 0.9578080773353577 0.9860104322433472
vt 0.9642877578735352 0.9833382368087769
vt 0.9648088216781616 0.9824396967887878
vt 0.9723790884017944 0.9782904982566833
vt 0.9788475036621094 0.9722691774368286
vt 0.5019398331642151 0.22991222143173218
vt 0.5533462762832642 0.2349763810634613
vt 0.5019398331642151 0.2349763810634613
vt 0.5945683717727661 0.2738014757633209
vt 0.5533462762832642 0.24510465562343597
vt 0.5533462762832642 0.2653612494468689
vt 0.5800193548202515 0.2738014757633209
vt 0.5654703974723816 0.2738014757633209
vt 0.6163917779922485 0.270425409078598
vt 0.6212414503097534 0.24510465562343597
vt 0.6183316707611084 0.23733963072299957
vt 0.6183316707611084 0.22991222143173218
vt 0.6212414503097534 0.23733963072299957
vt 0.609117329120636 0.2738014757633209
vt 0.6212414503097534 0.25523295998573303
vt 0.6212414503097534 0.2653612494468689
vt 0.718234658241272 0.25523295998573303
vt 0.7230843305587769 0.270425409078598
vt 0.558195948600769 0.3311951458454132
vt 0.5800193548202515 0.3278190493583679
vt 0.5654703974723816 0.3278190493583679
vt 0.5019398331642151 0.3311951458454132
vt 0.5533462762832642 0.33625927567481995
vt 0.5019398331642151 0.33625927567481995
vt 0.5533462762832642 0.3463875651359558
vt 0.5800193548202515 0.37508440017700195
vt 0.5945683717727661 0.37508440017700195
vt 0.609117329120636 0.3278190493583679
vt 0.5945683717727661 0.3278190493583679
vt 0.6163917779922485 0.3311951458454132
vt 0.6212414503097534 0.3463875651359558
vt 0.6183316707611084 0.3386225402355194
vt 0.6183316707611084 0.3311951458454132
vt 0.6212414503097534 0.3386225402355194
vt 0.6163917779922485 0.37170833349227905
vt 0.6668282747268677 0.22991222143173218
vt 0.718234658241272 0.2349763810634613
vt 0.6668282747268677 0.2349763810634613
vt 0.744907796382904 0.2738014757633209
vt 0.718234658241272 0.24510465562343597
vt 0.718234658241272 0.2653612494468689
vt 0.7303588390350342 0.2738014757633209
vt 0.7594567537307739 0.2738014757633209
vt 0.7740057706832886 0.2738014757633209
vt 0.7812802195549011 0.270425409078598
vt 0.783220112323761 0.23733963072299957
vt 0.783220112323761 0.22991222143173218
vt 0.786129891872406 0.23733963072299957
vt 0.786129891872406 0.24510465562343597
vt 0.786129891872406 0.25523295998573303
vt 0.786129891872406 0.2653612494468689
vt 0.7230843305587769 0.3311951458454132
vt 0.7303588390350342 0.3278190493583679
vt 0.6668282747268677 0.3311951458454132
vt 0.718234658241272 0.33625927567481995
vt 0.6668282747268677 0.33625927567481995
vt 0.718234658241272 0.3463875651359558
vt 0.718234658241272 0.35651588439941406
vt 0.744907796382904 0.37508440017700195
vt 0.744907796382904 0.3278190493583679
vt 0.7594567537307739 0.3278190493583679
vt 0.7740057706832886 0.3278190493583679
vt 0.7812802195549011 0.3311951458454132
vt 0.7594567537307739 0.37508440017700195
vt 0.7740057706832886 0.37508440017700195
vt 0.7812802195549011 0.37170833349227905
vt 0.783220112323761 0.3386225402355194
vt 0.783220112323761 0.3311951458454132
vt 0.786129891872406 0.3386225402355194
vt 0.786129891872406 0.3463875651359558
vt 0.5533462762832642 0.3666441738605499
vt 0.5654703974723816 0.37508440017700195
vt 0.558195948600769 0.43247804045677185
vt 0.5800193548202515 0.42910197377204895
vt 0.5654703974723816 0.42910197377204895
vt 0.609117329120636 0.37508440017700195
vt 0.6212414503097534 0.35651588439941406
vt 0.6212414503097534 0.3666441738605499
vt 0.7230843305587769 0.37170833349227905
vt 0.609117329120636 0.42910197377204895
vt 0.5945683717727661 0.42910197377204895
vt 0.6163917779922485 0.43247804045677185
vt 0.5019398331642151 0.43247804045677185
vt 0.5533462762832642 0.437542200088501
vt 0.5019398331642151 0.437542200088501
vt 0.5533462762832642 0.44767048954963684
vt 0.5800193548202515 0.476367324590683
vt 0.6163917779922485 0.4729912281036377
vt 0.5533462762832642 0.46792706847190857
vt 0.5654703974723816 0.476367324590683
vt 0.558195948600769 0.5337609648704529
vt 0.5945683717727661 0.476367324590683
vt 0.5800193548202515 0.5303848385810852
vt 0.6183316707611084 0.43990546464920044
vt 0.6212414503097534 0.44767048954963684
vt 0.6183316707611084 0.43247804045677185
vt 0.6212414503097534 0.43990546464920044
vt 0.6212414503097534 0.4577988088130951
vt 0.718234658241272 0.4577988088130951
vt 0.6212414503097534 0.46792706847190857
vt 0.609117329120636 0.476367324590683
vt 0.609117329120636 0.5303848385810852
vt 0.7230843305587769 0.4729912281036377
vt 0.718234658241272 0.3666441738605499
vt 0.7303588390350342 0.37508440017700195
vt 0.7230843305587769 0.43247804045677185
vt 0.7303588390350342 0.42910197377204895
vt 0.786129891872406 0.35651588439941406
vt 0.786129891872406 0.3666441738605499
vt 0.744907796382904 0.42910197377204895
vt 0.7594567537307739 0.42910197377204895
vt 0.7740057706832886 0.42910197377204895
vt 0.7812802195549011 0.43247804045677185
vt 0.6668282747268677 0.43247804045677185
vt 0.718234658241272 0.437542200088501
vt 0.6668282747268677 0.437542200088501
vt 0.718234658241272 0.44767048954963684
vt 0.744907796382904 0.476367324590683
vt 0.718234658241272 0.46792706847190857
vt 0.7303588390350342 0.476367324590683
vt 0.7230843305587769 0.5337609648704529
vt 0.7594567537307739 0.476367324590683
vt 0.7740057706832886 0.476367324590683
vt 0.7812802195549011 0.4729912281036377
vt 0.783220112323761 0.43990546464920044
vt 0.783220112323761 0.43247804045677185
vt 0.786129891872406 0.44767048954963684
vt 0.786129891872406 0.43990546464920044
vt 0.786129891872406 0.4577988088130951
vt 0.744907796382904 0.5303848385810852
vt 0.786129891872406 0.46792706847190857
vt 0.7740057706832886 0.5303848385810852
vt 0.8317167162895203 0.22991222143173218
vt 0.8831230998039246 0.2349763810634613
vt 0.8317167162895203 0.2349763810634613
vt 0.8831230998039246 0.25523295998573303
vt 0.8879727721214294 0.270425409078598
vt 0.8831230998039246 0.24510465562343597
vt 0.8831230998039246 0.2653612494468689
vt 0.9097962379455566 0.2738014757633209
vt 0.9097962379455566 0.2265361100435257
vt 0.895247220993042 0.2738014757633209
vt 0.8317167162895203 0.3311951458454132
vt 0.8831230998039246 0.33625927567481995
vt 0.8317167162895203 0.33625927567481995
vt 0.8879727721214294 0.3311951458454132
vt 0.8831230998039246 0.3463875651359558
vt 0.8831230998039246 0.35651588439941406
vt 0.8879727721214294 0.37170833349227905
vt 0.895247220993042 0.3278190493583679
vt 0.9097962379455566 0.3278190493583679
vt 0.9097962379455566 0.37508440017700195
vt 0 1
vt 0 0.5454545617103577
vt 1 1
vt 0.8831230998039246 0.3666441738605499
vt 0.895247220993042 0.37508440017700195
vt 0.8879727721214294 0.43247804045677185
vt 0.895247220993042 0.42910197377204895
vt 0.8317167162895203 0.43247804045677185
vt 0.8831230998039246 0.437542200088501
vt 0.8317167162895203 0.437542200088501
vt 0.8831230998039246 0.4577988088130951
vt 0.8831230998039246 0.44767048954963684
vt 0.8879727721214294 0.4729912281036377
vt 0.8831230998039246 0.46792706847190857
vt 0.9097962379455566 0.476367324590683
vt 0.9097962379455566 0.42910197377204895
vt 0.895247220993042 0.476367324590683
vt 1 1
vt 0.8879727721214294 0.5337609648704529
vt 1 0
vt 0.9847770929336548 0.9698238968849182
vt 0.9863507747650146 0.9683589935302734
vt 0.9955555200576782 0.9633139371871948
vt 1 0.9619989991188049
vt 0.15333335101604462 0.5317460298538208
vt 0.15511111915111542 0.5387302041053772
vt 0.15511111915111542 0.5317460298538208
vt 0.15333335101604462 0.5698412656784058
vt 0.25111111998558044 0.5698412656784058
vt 0.19955556094646454 0.5317460298538208
vt 0.19955556094646454 0.5387302041053772
vt 0.15333335101604462 0.4365079402923584
vt 0.15511111915111542 0.4365079402923584
vt 0.19955556094646454 0.6269841194152832
vt 0.19955556094646454 0.6339682936668396
vt 0.25111111998558044 0.6269841194152832
vt 0.15511111915111542 0.6339682936668396
vt 0.15333335101604462 0.6650794148445129
vt 0.25111111998558044 0.6650794148445129
vt 0.15333335101604462 0.6269841194152832
vt 0.15333335101604462 0.7222222089767456
vt 0.15511111915111542 0.729206383228302
vt 0.15511111915111542 0.7222222089767456
vt 0.15511111915111542 0.6269841194152832
vt 0.19955556094646454 0.7222222089767456
vt 0.19955556094646454 0.729206383228302
vt 0.25111111998558044 0.7222222089767456
vt 0.15333335101604462 0.7603175044059753
vt 0.25111111998558044 0.7603175044059753
vt 0.30444443225860596 0.5317460298538208
vt 0.30622223019599915 0.5387302041053772
vt 0.30444443225860596 0.5698412656784058
vt 0.30622223019599915 0.5317460298538208
vt 0.402222216129303 0.5698412656784058
vt 0.35066667199134827 0.5317460298538208
vt 0.35066667199134827 0.5387302041053772
vt 0.30444443225860596 0.6269841194152832
vt 0.30622223019599915 0.6339682936668396
vt 0.30622223019599915 0.6269841194152832
vt 0.35066667199134827 0.6269841194152832
vt 0.35066667199134827 0.6339682936668396
vt 0.402222216129303 0.6269841194152832
vt 0.4555555582046509 0.5317460298538208
vt 0.4573333263397217 0.5387302041053772
vt 0.4555555582046509 0.5317460298538208
vt 0.4555555582046509 0.5698412656784058
vt 0.4573333263397217 0.5317460298538208
vt 0.5533333420753479 0.5698412656784058
vt 0.5017777681350708 0.5387302041053772
vt 0.4555555582046509 0.6269841194152832
vt 0.4573333263397217 0.6339682936668396
vt 0.4573333263397217 0.6269841194152832
vt 0.30444443225860596 0.6650794148445129
vt 0.402222216129303 0.6650794148445129
vt 0.30444443225860596 0.7222222089767456
vt 0.30622223019599915 0.729206383228302
vt 0.30444443225860596 0.7603175044059753
vt 0.30622223019599915 0.7222222089767456
vt 0.35066667199134827 0.7222222089767456
vt 0.35066667199134827 0.729206383228302
vt 0.402222216129303 0.7222222089767456
vt 0.402222216129303 0.7603175044059753
vt 0.4555555582046509 0.6650794148445129
vt 0.5533333420753479 0.6650794148445129
vt 0.5017777681350708 0.6339682936668396
vt 0.4555555582046509 0.7222222089767456
vt 0.4573333263397217 0.729206383228302
vt 0.4555555582046509 0.7603175044059753
vt 0.4573333263397217 0.7222222089767456
vt 0.5533333420753479 0.7603175044059753
vt 0.5017777681350708 0.729206383228302
vt 0.9682539701461792 0
vt 0.15333335101604462 0.817460298538208
vt 0.15511111915111542 0.8244444727897644
vt 0.15511111915111542 0.817460298538208
vt 0.19955556094646454 0.817460298538208
vt 0.19955556094646454 0.8244444727897644
vt 0.25111111998558044 0.817460298538208
vt 0.15333335101604462 0.8555555939674377
vt 0.25111111998558044 0.8555555939674377
vt 0.04444444552063942 1
vt 0.15511111915111542 0.9196825623512268
vt 0.15333335101604462 0.9126983880996704
vt 0.15511111915111542 0.9126983880996704
vt 0.19955556094646454 0.9126983880996704
vt 0.19955556094646454 0.9196825623512268
vt 0.25111111998558044 0.9126983880996704
vt 0.48556625843048096 0.9551587104797363
vt 0.30444443225860596 0.817460298538208
vt 0.30622223019599915 0.8244444727897644
vt 0.30622223019599915 0.817460298538208
vt 0.35066667199134827 0.817460298538208
vt 0.35066667199134827 0.8244444727897644
vt 0.402222216129303 0.817460298538208
vt 0.30444443225860596 0.8555555939674377
vt 0.402222216129303 0.8555555939674377
vt 0.30444443225860596 0.9126983880996704
vt 0.4555555582046509 0.8555555939674377
vt 0.4555555582046509 0.817460298538208
vt 0.4573333263397217 0.8244444727897644
vt 0.4573333263397217 0.817460298538208
vt 0.5533333420753479 0.8555555939674377
vt 0.402222216129303 0.9126983880996704
vt 0.4555555582046509 0.9126983880996704
vt 0.30622223019599915 0.9196825623512268
vt 0.4833333194255829 0.9492063522338867
vt 0.30444443225860596 0.9126983880996704
vt 0.30622223019599915 0.9126983880996704
vt 0.4839012622833252 0.9461251497268677
vt 0.35066667199134827 0.9126983880996704
vt 0.35066667199134827 0.9196825623512268
vt 0.4882148802280426 0.9576242566108704
vt 0.49166667461395264 0.959516167640686
vt 0.4956863522529602 0.9607054591178894
vt 0.5 0.9611111283302307
vt 0.49166667461395264 0.9388964772224426
vt 0.5 0.9373015761375427
vt 0.4573333263397217 0.9196825623512268
vt 0.4839012622833252 0.952287495136261
vt 0.48556625843048096 0.9432539343833923
vt 0.4882148802280426 0.9407883882522583
vt 0.4573333263397217 0.9126983880996704
vt 0.5043136477470398 0.9377071857452393
vt 0.4956863522529602 0.9377071857452393
vt 0.5533333420753479 0.5317460298538208
vt 0.606666624546051 0.5698412656784058
vt 0.5017777681350708 0.5317460298538208
vt 0.6084444522857666 0.5387302041053772
vt 0.6084444522857666 0.5317460298538208
vt 0.6528888940811157 0.5387302041053772
vt 0.5533333420753479 0.6269841194152832
vt 0.5017777681350708 0.6269841194152832
vt 0.606666624546051 0.6269841194152832
vt 0.6084444522857666 0.6339682936668396
vt 0.606666624546051 0.6269841194152832
vt 0.6084444522857666 0.6269841194152832
vt 0.6528888940811157 0.5317460298538208
vt 0.7044444680213928 0.5317460298538208
vt 0.7044444680213928 0.5698412656784058
vt 0.7595555782318115 0.5387302041053772
vt 0.7595555782318115 0.5317460298538208
vt 0.8040000200271606 0.5387302041053772
vt 0.6528888940811157 0.6269841194152832
vt 0.6528888940811157 0.6339682936668396
vt 0.7044444680213928 0.6269841194152832
vt 0.757777750492096 0.6269841194152832
vt 0.7595555782318115 0.6339682936668396
vt 0.757777750492096 0.6650794148445129
vt 0.7595555782318115 0.6269841194152832
vt 0.606666624546051 0.6650794148445129
vt 0.5533333420753479 0.7222222089767456
vt 0.7044444680213928 0.6650794148445129
vt 0.5017777681350708 0.7222222089767456
vt 0.606666624546051 0.7603175044059753
vt 0.606666624546051 0.7222222089767456
vt 0.6084444522857666 0.729206383228302
vt 0.6084444522857666 0.7222222089767456
vt 0.7044444680213928 0.7603175044059753
vt 0.8040000200271606 0.6339682936668396
vt 0.757777750492096 0.7222222089767456
vt 0.6528888940811157 0.7222222089767456
vt 0.6528888940811157 0.729206383228302
vt 0.7044444680213928 0.7222222089767456
vt 0.7595555782318115 0.729206383228302
vt 0.7595555782318115 0.7222222089767456
vt 0.757777750492096 0.7603175044059753
vt 0.855555534362793 0.5698412656784058
vt 0.8040000200271606 0.5317460298538208
vt 0.855555534362793 0.5317460298538208
vt 0.8040000200271606 0.6269841194152832
vt 0.855555534362793 0.6269841194152832
vt 0.855555534362793 0.6650794148445129
vt 0.8040000200271606 0.7222222089767456
vt 0.8040000200271606 0.729206383228302
vt 0.855555534362793 0.7222222089767456
vt 0.855555534362793 0.7603175044059753
vt 0.5533333420753479 0.817460298538208
vt 0.5017777681350708 0.817460298538208
vt 0.5017777681350708 0.8244444727897644
vt 0.606666624546051 0.817460298538208
vt 0.6084444522857666 0.8244444727897644
vt 0.6084444522857666 0.817460298538208
vt 0.606666624546051 0.8555555939674377
vt 0.5533333420753479 0.9126983880996704
vt 0.7044444680213928 0.8555555939674377
vt 0.606666624546051 0.9126983880996704
vt 0.6528888940811157 0.817460298538208
vt 0.6528888940811157 0.8244444727897644
vt 0.7044444680213928 0.817460298538208
vt 0.757777750492096 0.817460298538208
vt 0.7595555782318115 0.8244444727897644
vt 0.757777750492096 0.817460298538208
vt 0.7595555782318115 0.817460298538208
vt 0.757777750492096 0.8555555939674377
vt 0.855555534362793 0.8555555939674377
vt 0.7044444680213928 0.9126983880996704
vt 0.757777750492096 0.9126983880996704
vt 0.5017777681350708 0.9126983880996704
vt 0.5017777681350708 0.9196825623512268
vt 0.6084444522857666 0.9196825623512268
vt 0.6084444522857666 0.9126983880996704
vt 0.6528888940811157 0.9126983880996704
vt 0.6528888940811157 0.9196825623512268
vt 0.5083333253860474 0.9388964772224426
vt 0.5117851495742798 0.9407883882522583
vt 0.514433741569519 0.9432539343833923
vt 0.5160987377166748 0.9461251497268677
vt 0.7595555782318115 0.9196825623512268
vt 0.7595555782318115 0.9126983880996704
vt 0.5166666507720947 0.9492063522338867
vt 0.5160987377166748 0.952287495136261
vt 0.514433741569519 0.9551587104797363
vt 0.5117851495742798 0.9576242566108704
vt 0.5083333253860474 0.959516167640686
vt 0.5043136477470398 0.9607054591178894
vt 0.8040000200271606 0.817460298538208
vt 0.8040000200271606 0.8244444727897644
vt 0.855555534362793 0.817460298538208
vt 0.8040000200271606 0.9126983880996704
vt 0.8040000200271606 0.9196825623512268
vt 0.855555534362793 0.9126983880996704
vt 0 0.9555555582046509
vt 1 0
vt 0 0
vt 0.12172650545835495 0.5337609648704529
vt 0.09990302473306656 0.5303848385810852
vt 0.11445200443267822 0.577650249004364
vt 0.12366636842489243 0.5337609648704529
vt 0.12366636842489243 0.5411884188652039
vt 0.12657615542411804 0.5411884188652039
vt 0.12657615542411804 0.5489534735679626
vt 0.09990302473306656 0.577650249004364
vt 0.12657615542411804 0.5590816736221313
vt 0.12172650545835495 0.5742741227149963
vt 0.2235693633556366 0.5590816736221313
vt 0.1721629649400711 0.5337609648704529
vt 0.2235693633556366 0.5388250946998596
vt 0.1721629649400711 0.5388250946998596
vt 0.2235693633556366 0.5489534735679626
vt 0.12657615542411804 0.5692099928855896
vt 0.11445200443267822 0.6316677927970886
vt 0.12172650545835495 0.6350438594818115
vt 0.12366636842489243 0.6350438594818115
vt 0.12366636842489243 0.6424713134765625
vt 0.22841902077198029 0.5742741227149963
vt 0.2235693633556366 0.5692099928855896
vt 0.09990302473306656 0.6789331436157227
vt 0.12657615542411804 0.6424713134765625
vt 0.12657615542411804 0.6502363681793213
vt 0.11445200443267822 0.6789331436157227
vt 0.12657615542411804 0.66036456823349
vt 0.12172650545835495 0.6755570769309998
vt 0.12657615542411804 0.6704928874969482
vt 0.12172650545835495 0.7363267540931702
vt 0.2235693633556366 0.66036456823349
vt 0.1721629649400711 0.6350438594818115
vt 0.2235693633556366 0.640108048915863
vt 0.1721629649400711 0.640108048915863
vt 0.2235693633556366 0.6502363681793213
vt 0.2235693633556366 0.6704928874969482
vt 0.22841902077198029 0.6755570769309998
vt 0.09990302473306656 0.6316677927970886
vt 0.11445200443267822 0.732950747013092
vt 0.12366636842489243 0.7363267540931702
vt 0.12366636842489243 0.7437542080879211
vt 0.11445200443267822 0.7802160978317261
vt 0.12657615542411804 0.7437542080879211
vt 0.12657615542411804 0.7515192627906799
vt 0.09990302473306656 0.7802160978317261
vt 0.12172650545835495 0.7768399715423584
vt 0.12657615542411804 0.7616474628448486
vt 0.12657615542411804 0.7717757821083069
vt 0.1721629649400711 0.7363267540931702
vt 0.2235693633556366 0.7413909435272217
vt 0.1721629649400711 0.7413909435272217
vt 0.2235693633556366 0.7616474628448486
vt 0.22841902077198029 0.7768399715423584
vt 0.2235693633556366 0.7515192627906799
vt 0.2235693633556366 0.7717757821083069
vt 1 0
vt 0.2356935292482376 0.5303848385810852
vt 0.26479145884513855 0.5303848385810852
vt 0.28661492466926575 0.5742741227149963
vt 0.28661492466926575 0.5337609648704529
vt 0.2885547876358032 0.5411884188652039
vt 0.29146459698677063 0.5489534735679626
vt 0.2885547876358032 0.5337609648704529
vt 0.29146459698677063 0.5411884188652039
vt 0.29146459698677063 0.5590816736221313
vt 0.3370513916015625 0.5337609648704529
vt 0.3884577751159668 0.5388250946998596
vt 0.3370513916015625 0.5388250946998596
vt 0.3884577751159668 0.5590816736221313
vt 0.3884577751159668 0.5489534735679626
vt 0.2356935292482376 0.577650249004364
vt 0.2502425014972687 0.577650249004364
vt 0.22841902077198029 0.6350438594818115
vt 0.26479145884513855 0.577650249004364
vt 0.2793404161930084 0.577650249004364
vt 0.2502425014972687 0.6316677927970886
vt 0.2793404161930084 0.6316677927970886
vt 0.2356935292482376 0.6316677927970886
vt 0.26479145884513855 0.6316677927970886
vt 0.28661492466926575 0.6350438594818115
vt 0.2885547876358032 0.6424713134765625
vt 0.29146459698677063 0.5692099928855896
vt 0.39330747723579407 0.5742741227149963
vt 0.3884577751159668 0.5692099928855896
vt 0.2885547876358032 0.6350438594818115
vt 0.4296799600124359 0.5303848385810852
vt 0.4005819261074066 0.5303848385810852
vt 0.45150336623191833 0.5742741227149963
vt 0.45150336623191833 0.5337609648704529
vt 0.4534432291984558 0.5411884188652039
vt 0.4534432291984558 0.5337609648704529
vt 0.4563530683517456 0.5489534735679626
vt 0.4563530683517456 0.5411884188652039
vt 0.4563530683517456 0.5590816736221313
vt 0.5533462762832642 0.5590816736221313
vt 0.4005819261074066 0.577650249004364
vt 0.39330747723579407 0.6350438594818115
vt 0.4151308834552765 0.577650249004364
vt 0.4296799600124359 0.577650249004364
vt 0.4151308834552765 0.6316677927970886
vt 0.3370513916015625 0.6350438594818115
vt 0.3884577751159668 0.640108048915863
vt 0.4005819261074066 0.6316677927970886
vt 0.4296799600124359 0.6316677927970886
vt 0.45150336623191833 0.6350438594818115
vt 0.4442289173603058 0.577650249004364
vt 0.4563530683517456 0.5692099928855896
vt 0.4442289173603058 0.6316677927970886
vt 0.558195948600769 0.5742741227149963
vt 0.4534432291984558 0.6424713134765625
vt 0.4534432291984558 0.6350438594818115
vt 0.2502425014972687 0.6789331436157227
vt 0.28661492466926575 0.6755570769309998
vt 0.29146459698677063 0.6502363681793213
vt 0.2356935292482376 0.6789331436157227
vt 0.22841902077198029 0.7363267540931702
vt 0.26479145884513855 0.6789331436157227
vt 0.2793404161930084 0.6789331436157227
vt 0.2502425014972687 0.732950747013092
vt 0.2793404161930084 0.732950747013092
vt 0.29146459698677063 0.6424713134765625
vt 0.29146459698677063 0.66036456823349
vt 0.29146459698677063 0.6704928874969482
vt 0.3370513916015625 0.640108048915863
vt 0.3884577751159668 0.6502363681793213
vt 0.3884577751159668 0.66036456823349
vt 0.3884577751159668 0.6704928874969482
vt 0.39330747723579407 0.6755570769309998
vt 0.2356935292482376 0.732950747013092
vt 0.26479145884513855 0.732950747013092
vt 0.29146459698677063 0.7515192627906799
vt 0.28661492466926575 0.7363267540931702
vt 0.2885547876358032 0.7437542080879211
vt 0.2502425014972687 0.7802160978317261
vt 0.2356935292482376 0.7802160978317261
vt 0.28661492466926575 0.7768399715423584
vt 0.26479145884513855 0.7802160978317261
vt 0.2793404161930084 0.7802160978317261
vt 0.2885547876358032 0.7363267540931702
vt 0.3370513916015625 0.7363267540931702
vt 0.3884577751159668 0.7413909435272217
vt 0.3370513916015625 0.7413909435272217
vt 0.29146459698677063 0.7437542080879211
vt 0.29146459698677063 0.7616474628448486
vt 0.29146459698677063 0.7717757821083069
vt 0.3884577751159668 0.7616474628448486
vt 0.3884577751159668 0.7515192627906799
vt 0.39330747723579407 0.7768399715423584
vt 0.3884577751159668 0.7717757821083069
vt 0.4005819261074066 0.6789331436157227
vt 0.45150336623191833 0.6755570769309998
vt 0.4151308834552765 0.6789331436157227
vt 0.39330747723579407 0.7363267540931702
vt 0.4296799600124359 0.6789331436157227
vt 0.4151308834552765 0.732950747013092
vt 0.4563530683517456 0.6502363681793213
vt 0.4563530683517456 0.6424713134765625
vt 0.4563530683517456 0.66036456823349
vt 0.4563530683517456 0.6704928874969482
vt 0.5533462762832642 0.66036456823349
vt 0.4442289173603058 0.6789331436157227
vt 0.4442289173603058 0.732950747013092
vt 0.558195948600769 0.6755570769309998
vt 0.4005819261074066 0.732950747013092
vt 0.4296799600124359 0.732950747013092
vt 0.45150336623191833 0.7363267540931702
vt 0.45150336623191833 0.7768399715423584
vt 0.4151308834552765 0.7802160978317261
vt 0.4005819261074066 0.7802160978317261
vt 0.4296799600124359 0.7802160978317261
vt 0.4534432291984558 0.7437542080879211
vt 0.4563530683517456 0.7515192627906799
vt 0.4534432291984558 0.7363267540931702
vt 0.4563530683517456 0.7437542080879211
vt 0.4442289173603058 0.7802160978317261
vt 0.4563530683517456 0.7616474628448486
vt 0.4563530683517456 0.7717757821083069
vt 0.5533462762832642 0.7616474628448486
vt 0.558195948600769 0.7768399715423584
vt 0.031426966190338135 0.02244788222014904
vt 0 0.0317460335791111
vt 0.09990302473306656 0.732950747013092
vt 0.11445200443267822 0.8342336416244507
vt 0.12172650545835495 0.8376097083091736
vt 0.12366636842489243 0.8376097083091736
vt 0.12366636842489243 0.8450371623039246
vt 0.12657615542411804 0.8450371623039246
vt 0.12657615542411804 0.8528021574020386
vt 0.1721629649400711 0.8376097083091736
vt 0.2235693633556366 0.8426738381385803
vt 0.1721629649400711 0.8426738381385803
vt 0.09990302473306656 0.8342336416244507
vt 0.09990302473306656 0.8814989924430847
vt 0.12657615542411804 0.8629303574562073
vt 0.12172650545835495 0.878122866153717
vt 0.11445200443267822 0.8814989924430847
vt 0.12657615542411804 0.8730587363243103
vt 0.11445200443267822 0.9355165362358093
vt 0.12172650545835495 0.9388926029205322
vt 0.2235693633556366 0.8629303574562073
vt 0.22841902077198029 0.878122866153717
vt 0.2235693633556366 0.8528021574020386
vt 0.2235693633556366 0.8730587363243103
vt 0.09990302473306656 0.9355165362358093
vt 0.12366636842489243 0.9388926029205322
vt 0.12366636842489243 0.9463200569152832
vt 0.12657615542411804 0.9463200569152832
vt 0.12657615542411804 0.954085111618042
vt 0.1721629649400711 0.9388926029205322
vt 0.2235693633556366 0.9439567923545837
vt 0.1721629649400711 0.9439567923545837
vt 0.48714035749435425 0.9866699576377869
vt 0.22841902077198029 0.8376097083091736
vt 0.2793404161930084 0.8342336416244507
vt 0.2502425014972687 0.8342336416244507
vt 0.2356935292482376 0.8342336416244507
vt 0.26479145884513855 0.8342336416244507
vt 0.29146459698677063 0.8528021574020386
vt 0.2885547876358032 0.8450371623039246
vt 0.28661492466926575 0.8376097083091736
vt 0.2885547876358032 0.8376097083091736
vt 0.29146459698677063 0.8450371623039246
vt 0.3370513916015625 0.8376097083091736
vt 0.3884577751159668 0.8426738381385803
vt 0.3370513916015625 0.8426738381385803
vt 0.28661492466926575 0.878122866153717
vt 0.2502425014972687 0.8814989924430847
vt 0.2356935292482376 0.8814989924430847
vt 0.29146459698677063 0.8629303574562073
vt 0.29146459698677063 0.8730587363243103
vt 0.26479145884513855 0.8814989924430847
vt 0.2793404161930084 0.8814989924430847
vt 0.22841902077198029 0.9388926029205322
vt 0.2356935292482376 0.9355165362358093
vt 0.2502425014972687 0.9355165362358093
vt 0.2793404161930084 0.9355165362358093
vt 0.26479145884513855 0.9355165362358093
vt 0.3884577751159668 0.8629303574562073
vt 0.3884577751159668 0.8528021574020386
vt 0.39330747723579407 0.878122866153717
vt 0.3884577751159668 0.8730587363243103
vt 0.28661492466926575 0.9388926029205322
vt 0.39330747723579407 0.8376097083091736
vt 0.4151308834552765 0.8342336416244507
vt 0.4005819261074066 0.8342336416244507
vt 0.4296799600124359 0.8342336416244507
vt 0.4563530683517456 0.8528021574020386
vt 0.45150336623191833 0.8376097083091736
vt 0.4442289173603058 0.8342336416244507
vt 0.4534432291984558 0.8450371623039246
vt 0.4534432291984558 0.8376097083091736
vt 0.4563530683517456 0.8450371623039246
vt 0.45150336623191833 0.878122866153717
vt 0.4151308834552765 0.8814989924430847
vt 0.4005819261074066 0.8814989924430847
vt 0.4296799600124359 0.8814989924430847
vt 0.39330747723579407 0.9388926029205322
vt 0.4151308834552765 0.9355165362358093
vt 0.4005819261074066 0.9355165362358093
vt 0.4296799600124359 0.9355165362358093
vt 0.4563530683517456 0.8629303574562073
vt 0.4442289173603058 0.8814989924430847
vt 0.4563530683517456 0.8730587363243103
vt 0.5533462762832642 0.8629303574562073
vt 0.558195948600769 0.878122866153717
vt 0.4442289173603058 0.9355165362358093
vt 0.45150336623191833 0.9388926029205322
vt 0.2885547876358032 0.9463200569152832
vt 0.29146459698677063 0.954085111618042
vt 0.2235693633556366 0.954085111618042
vt 0.4824334681034088 0.9744409322738647
vt 0.2885547876358032 0.9388926029205322
vt 0.29146459698677063 0.9463200569152832
vt 0.3370513916015625 0.9388926029205322
vt 0.3884577751159668 0.9439567923545837
vt 0.3370513916015625 0.9439567923545837
vt 0.4842502474784851 0.971387505531311
vt 0.49090686440467834 0.9886819124221802
vt 0.4952930212020874 0.9899466633796692
vt 0.4999999701976776 0.9903780817985535
vt 0.4534432291984558 0.9463200569152832
vt 0.4563530683517456 0.9466058611869812
vt 0.3884577751159668 0.954085111618042
vt 0.4563530683517456 0.954085111618042
vt 0.4818137586116791 0.9777176976203918
vt 0.4824334681034088 0.980994462966919
vt 0.4842502474784851 0.9840478897094727
vt 0.48714035749435425 0.9687654376029968
vt 0.4534432291984558 0.9388926029205322
vt 0.4563530683517456 0.9463200569152832
vt 0.4952930212020874 0.9654887318611145
vt 0.49090686440467834 0.9667534828186035
vt 0.4999999701976776 0.9650573134422302
vt 0.5047069191932678 0.9654887318611145
vt 1 0.9555555582046509
vt 0 1
vt 0.4545454680919647 0
vt 0.4545454680919647 1
vt 0.9582222700119019 0.029841257259249687
vt 0.04444444552063942 0
vt 0.5654703974723816 0.5303848385810852
vt 0.5019398331642151 0.5337609648704529
vt 0.5533462762832642 0.5388250946998596
vt 0.5019398331642151 0.5388250946998596
vt 0.5533462762832642 0.5489534735679626
vt 0.6163917779922485 0.5742741227149963
vt 0.5945683717727661 0.5303848385810852
vt 0.6163917779922485 0.5337609648704529
vt 0.6183316707611084 0.5411884188652039
vt 0.6183316707611084 0.5337609648704529
vt 0.6212414503097534 0.5489534735679626
vt 0.6212414503097534 0.5411884188652039
vt 0.6212414503097534 0.5590816736221313
vt 0.718234658241272 0.5590816736221313
vt 0.5533462762832642 0.5692099928855896
vt 0.5654703974723816 0.577650249004364
vt 0.5800193548202515 0.577650249004364
vt 0.558195948600769 0.6350438594818115
vt 0.5945683717727661 0.577650249004364
vt 0.5800193548202515 0.6316677927970886
vt 0.5019398331642151 0.6350438594818115
vt 0.5533462762832642 0.640108048915863
vt 0.5654703974723816 0.6316677927970886
vt 0.6212414503097534 0.5692099928855896
vt 0.609117329120636 0.577650249004364
vt 0.609117329120636 0.6316677927970886
vt 0.7230843305587769 0.5742741227149963
vt 0.5945683717727661 0.6316677927970886
vt 0.6163917779922485 0.6350438594818115
vt 0.6183316707611084 0.6424713134765625
vt 0.6183316707611084 0.6350438594818115
vt 0.7303588390350342 0.5303848385810852
vt 0.6668282747268677 0.5337609648704529
vt 0.718234658241272 0.5388250946998596
vt 0.6668282747268677 0.5388250946998596
vt 0.718234658241272 0.5489534735679626
vt 0.744907796382904 0.577650249004364
vt 0.7594567537307739 0.5303848385810852
vt 0.7812802195549011 0.5337609648704529
vt 0.7594567537307739 0.577650249004364
vt 0.786129891872406 0.5489534735679626
vt 0.7812802195549011 0.5742741227149963
vt 0.7740057706832886 0.577650249004364
vt 0.783220112323761 0.5411884188652039
vt 0.783220112323761 0.5337609648704529
vt 0.786129891872406 0.5411884188652039
vt 0.786129891872406 0.5590816736221313
vt 0.718234658241272 0.5692099928855896
vt 0.7303588390350342 0.577650249004364
vt 0.7230843305587769 0.6350438594818115
vt 0.7303588390350342 0.6316677927970886
vt 0.6668282747268677 0.6350438594818115
vt 0.718234658241272 0.640108048915863
vt 0.744907796382904 0.6316677927970886
vt 0.786129891872406 0.5692099928855896
vt 0.7740057706832886 0.6316677927970886
vt 0.7594567537307739 0.6316677927970886
vt 0.783220112323761 0.6424713134765625
vt 0.7812802195549011 0.6350438594818115
vt 0.783220112323761 0.6350438594818115
vt 0.5019398331642151 0.640108048915863
vt 0.5533462762832642 0.6502363681793213
vt 0.5533462762832642 0.6704928874969482
vt 0.6163917779922485 0.6755570769309998
vt 0.5654703974723816 0.6789331436157227
vt 0.5800193548202515 0.6789331436157227
vt 0.558195948600769 0.7363267540931702
vt 0.5945683717727661 0.6789331436157227
vt 0.5800193548202515 0.732950747013092
vt 0.6212414503097534 0.6502363681793213
vt 0.6212414503097534 0.6424713134765625
vt 0.6212414503097534 0.66036456823349
vt 0.6212414503097534 0.6704928874969482
vt 0.718234658241272 0.66036456823349
vt 0.609117329120636 0.6789331436157227
vt 0.609117329120636 0.732950747013092
vt 0.7230843305587769 0.6755570769309998
vt 0.5019398331642151 0.7363267540931702
vt 0.5533462762832642 0.7413909435272217
vt 0.5019398331642151 0.7413909435272217
vt 0.5654703974723816 0.732950747013092
vt 0.5533462762832642 0.7515192627906799
vt 0.5533462762832642 0.7717757821083069
vt 0.6163917779922485 0.7768399715423584
vt 0.5654703974723816 0.7802160978317261
vt 0.5800193548202515 0.7802160978317261
vt 0.5945683717727661 0.732950747013092
vt 0.6163917779922485 0.7363267540931702
vt 0.6183316707611084 0.7437542080879211
vt 0.6212414503097534 0.7515192627906799
vt 0.6183316707611084 0.7363267540931702
vt 0.6212414503097534 0.7437542080879211
vt 0.5945683717727661 0.7802160978317261
vt 0.6212414503097534 0.7616474628448486
vt 0.6212414503097534 0.7717757821083069
vt 0.609117329120636 0.7802160978317261
vt 0.718234658241272 0.7616474628448486
vt 0.7230843305587769 0.7768399715423584
vt 0.6668282747268677 0.640108048915863
vt 0.718234658241272 0.6502363681793213
vt 0.718234658241272 0.6704928874969482
vt 0.744907796382904 0.6789331436157227
vt 0.7303588390350342 0.6789331436157227
vt 0.7230843305587769 0.7363267540931702
vt 0.7812802195549011 0.6755570769309998
vt 0.786129891872406 0.6502363681793213
vt 0.786129891872406 0.6424713134765625
vt 0.786129891872406 0.66036456823349
vt 0.786129891872406 0.6704928874969482
vt 0.7594567537307739 0.6789331436157227
vt 0.7740057706832886 0.6789331436157227
vt 0.744907796382904 0.732950747013092
vt 0.7740057706832886 0.732950747013092
vt 0.6668282747268677 0.7363267540931702
vt 0.718234658241272 0.7413909435272217
vt 0.6668282747268677 0.7413909435272217
vt 0.7303588390350342 0.732950747013092
vt 0.718234658241272 0.7515192627906799
vt 0.718234658241272 0.7717757821083069
vt 0.7303588390350342 0.7802160978317261
vt 0.744907796382904 0.7802160978317261
vt 0.7594567537307739 0.732950747013092
vt 0.7812802195549011 0.7363267540931702
vt 0.783220112323761 0.7437542080879211
vt 0.786129891872406 0.7515192627906799
vt 0.783220112323761 0.7363267540931702
vt 0.7812802195549011 0.7768399715423584
vt 0.7594567537307739 0.7802160978317261
vt 0.7740057706832886 0.7802160978317261
vt 0.786129891872406 0.7437542080879211
vt 0.786129891872406 0.7616474628448486
vt 0.786129891872406 0.7717757821083069
vt 0.8317167162895203 0.5337609648704529
vt 0.8831230998039246 0.5388250946998596
vt 0.8317167162895203 0.5388250946998596
vt 0.8831230998039246 0.5590816736221313
vt 0.8831230998039246 0.5489534735679626
vt 0.8879727721214294 0.5742741227149963
vt 0.895247220993042 0.5303848385810852
vt 0.9097962379455566 0.577650249004364
vt 0.9097962379455566 0.5303848385810852
vt 0.895247220993042 0.577650249004364
vt 0.8831230998039246 0.5692099928855896
vt 0.8317167162895203 0.6350438594818115
vt 0.8879727721214294 0.6350438594818115
vt 0.8831230998039246 0.640108048915863
vt 0.895247220993042 0.6316677927970886
vt 0.8317167162895203 0.640108048915863
vt 0.8831230998039246 0.66036456823349
vt 0.8831230998039246 0.6502363681793213
vt 0.8831230998039246 0.6704928874969482
vt 0.8879727721214294 0.6755570769309998
vt 0.9097962379455566 0.6789331436157227
vt 0.9097962379455566 0.6316677927970886
vt 0.895247220993042 0.6789331436157227
vt 0.8879727721214294 0.7363267540931702
vt 0.8317167162895203 0.7363267540931702
vt 0.8831230998039246 0.7413909435272217
vt 0.8317167162895203 0.7413909435272217
vt 0.8831230998039246 0.7616474628448486
vt 0.8879727721214294 0.7768399715423584
vt 0.8831230998039246 0.7515192627906799
vt 0.8831230998039246 0.7717757821083069
vt 0.895247220993042 0.732950747013092
vt 0.9097962379455566 0.7802160978317261
vt 0.895247220993042 0.7802160978317261
vt 1 0
vt 1 0.5454545617103577
vt 0.558195948600769 0.8376097083091736
vt 0.5800193548202515 0.8342336416244507
vt 0.5019398331642151 0.8376097083091736
vt 0.5533462762832642 0.8426738381385803
vt 0.5019398331642151 0.8426738381385803
vt 0.5654703974723816 0.8342336416244507
vt 0.6163917779922485 0.878122866153717
vt 0.609117329120636 0.8342336416244507
vt 0.5945683717727661 0.8342336416244507
vt 0.6163917779922485 0.8376097083091736
vt 0.6212414503097534 0.8528021574020386
vt 0.6183316707611084 0.8450371623039246
vt 0.6183316707611084 0.8376097083091736
vt 0.6212414503097534 0.8450371623039246
vt 0.5533462762832642 0.8528021574020386
vt 0.5533462762832642 0.8730587363243103
vt 0.5800193548202515 0.8814989924430847
vt 0.5654703974723816 0.8814989924430847
vt 0.558195948600769 0.9388926029205322
vt 0.5945683717727661 0.8814989924430847
vt 0.5800193548202515 0.9355165362358093
vt 0.5654703974723816 0.9355165362358093
vt 0.6212414503097534 0.8629303574562073
vt 0.6212414503097534 0.8730587363243103
vt 0.609117329120636 0.8814989924430847
vt 0.718234658241272 0.8629303574562073
vt 0.7230843305587769 0.878122866153717
vt 0.609117329120636 0.9355165362358093
vt 0.5945683717727661 0.9355165362358093
vt 0.6163917779922485 0.9388926029205322
vt 0.7230843305587769 0.8376097083091736
vt 0.6668282747268677 0.8376097083091736
vt 0.718234658241272 0.8426738381385803
vt 0.6668282747268677 0.8426738381385803
vt 0.7303588390350342 0.8342336416244507
vt 0.744907796382904 0.8342336416244507
vt 0.7740057706832886 0.8342336416244507
vt 0.7594567537307739 0.8342336416244507
vt 0.7812802195549011 0.878122866153717
vt 0.7812802195549011 0.8376097083091736
vt 0.783220112323761 0.8450371623039246
vt 0.786129891872406 0.8528021574020386
vt 0.783220112323761 0.8376097083091736
vt 0.786129891872406 0.8450371623039246
vt 0.718234658241272 0.8528021574020386
vt 0.718234658241272 0.8730587363243103
vt 0.744907796382904 0.8814989924430847
vt 0.7303588390350342 0.8814989924430847
vt 0.7230843305587769 0.9388926029205322
vt 0.7303588390350342 0.9355165362358093
vt 0.7594567537307739 0.8814989924430847
vt 0.7740057706832886 0.8814989924430847
vt 0.786129891872406 0.8629303574562073
vt 0.786129891872406 0.8730587363243103
vt 0.744907796382904 0.9355165362358093
vt 0.7594567537307739 0.9355165362358093
vt 0.7740057706832886 0.9355165362358093
vt 0.7812802195549011 0.9388926029205322
vt 0.5019398331642151 0.9388926029205322
vt 0.5533462762832642 0.9439567923545837
vt 0.5019398331642151 0.9439567923545837
vt 0.6183316707611084 0.9463200569152832
vt 0.6212414503097534 0.954085111618042
vt 0.5533462762832642 0.954085111618042
vt 0.6183316707611084 0.9388926029205322
vt 0.6212414503097534 0.9463200569152832
vt 0.6668282747268677 0.9388926029205322
vt 0.718234658241272 0.9439567923545837
vt 0.6668282747268677 0.9439567923545837
vt 0.5090931057929993 0.9667534828186035
vt 0.512859582901001 0.9687654376029968
vt 0.5157496929168701 0.971387505531311
vt 0.5175665020942688 0.9744409322738647
vt 0.5181862115859985 0.9777176976203918
vt 0.5047069191932678 0.9899466633796692
vt 0.5175665020942688 0.980994462966919
vt 0.5157496929168701 0.9840478897094727
vt 0.5090931057929993 0.9886819124221802
vt 0.512859582901001 0.9866699576377869
vt 0.783220112323761 0.9463200569152832
vt 0.786129891872406 0.954085111618042
vt 0.783220112323761 0.9388926029205322
vt 0.786129891872406 0.9463200569152832
vt 0.718234658241272 0.954085111618042
vt 0 0
vt 0.8317167162895203 0.8376097083091736
vt 0.8831230998039246 0.8426738381385803
vt 0.8317167162895203 0.8426738381385803
vt 0.8879727721214294 0.8376097083091736
vt 0.9097962379455566 0.732950747013092
vt 0.895247220993042 0.8342336416244507
vt 0.8831230998039246 0.8629303574562073
vt 0.8879727721214294 0.878122866153717
vt 0.8831230998039246 0.8528021574020386
vt 0.8831230998039246 0.8730587363243103
vt 0.9097962379455566 0.8814989924430847
vt 0.895247220993042 0.8814989924430847
vt 0.9097962379455566 0.8342336416244507
vt 0.8879727721214294 0.9388926029205322
vt 0.895247220993042 0.9355165362358093
vt 0.8317167162895203 0.9388926029205322
vt 0.8831230998039246 0.9439567923545837
vt 0.8317167162895203 0.9439567923545837
vt 0.9097962379455566 0.9355165362358093
vt 0.8831230998039246 0.954085111618042
vt 0 0.375
vt 1 0.375
vt 1 0.5249999761581421
vt 0.375 1
vt 0.375 0.9818181991577148
vt 0.5249999761581421 0.9818181991577148
vt 0.375 0
vt 0.5249999761581421 0
vt 0.375 1
vt 0 0.625
vt 0 0.4749999940395355
vt 1 0.625
vt 0.375 0.5272727012634277
vt 0.375 0
vt 0.5249999761581421 0
vt 0 0.5249999761581421
vt 0.5249999761581421 1
vt 0.5249999761581421 1
vt 0.5249999761581421 0.5272727012634277
vt 1 0.4749999940395355
vt 0.7800002098083496 0.375
vt 1 0.375
vt 0.7800002098083496 0.5249999761581421
vt 0.375 1
vt 0.375 0
vt 0.5 0
vt 0.7800002098083496 0.625
vt 0.8800005912780762 0.5
vt 1 0.625
vt 0.5 0.940000057220459
vt 1 0.5
vt 0.5249999761581421 1
vt 1 0.5249999761581421
vt 0.7800002098083496 0.4749999940395355
vt 0.5249999761581421 0.940000057220459
vt 0.9300005435943604 0.4749999940395355
vt 0 0.375
vt 1 0.375
vt 1 0.5249999761581421
vt 0.375 0
vt 0.5249999761581421 0
vt 0.375 1
vt 0 0.625
vt 0 0.4749999940395355
vt 1 0.625
vt 0 0.5249999761581421
vt 0.5249999761581421 1
vt 1 0.4749999940395355
vt 0.375 1
vt 0.375 0.9818181991577148
vt 0.5249999761581421 0.9818181991577148
vt 0.375 0.5272727012634277
vt 0.375 0
vt 0.5249999761581421 0
vt 0.5249999761581421 1
vt 0.5249999761581421 0.5272727012634277
vt 0.7800002098083496 0.375
vt 1 0.375
vt 1 0.5249999761581421
vt 0.375 1
vt 0.375 0
vt 0.5 0
vt 0.7800002098083496 0.625
vt 0.8800005912780762 0.5
vt 1 0.625
vt 0.5 0.940000057220459
vt 1 0.5
vt 0.5249999761581421 1
vt 0.7800002098083496 0.5249999761581421
vt 0.7800002098083496 0.4749999940395355
vt 0.5249999761581421 0.940000057220459
vt 0.9300005435943604 0.4749999940395355
vt 0.375 0
vt 0.5249999761581421 0
vt 0.375 1
vt 0 0.375
vt 1 0.375
vt 1 0.5249999761581421
vt 0.375 1
vt 0.375 0.9818181991577148
vt 0.5249999761581421 0.9818181991577148
vt 0 0.625
vt 0 0.4749999940395355
vt 1 0.625
vt 0.375 0.5272727012634277
vt 0.375 0
vt 0.5249999761581421 0
vt 0.5249999761581421 1
vt 0 0.5249999761581421
vt 0.5249999761581421 1
vt 0.5249999761581421 0.5272727012634277
vt 1 0.4749999940395355
vt 0.7799997329711914 0.375
vt 1 0.375
vt 0.7799997329711914 0.5249999761581421
vt 0.375 1
vt 0.375 0
vt 0.5 0
vt 0.7799997329711914 0.625
vt 0.880000114440918 0.5
vt 1 0.625
vt 0.5 0.940000057220459
vt 1 0.5
vt 0.5249999761581421 1
vt 1 0.5249999761581421
vt 0.7799997329711914 0.4749999940395355
vt 0.5249999761581421 0.940000057220459
vt 0.9300000667572021 0.4749999940395355
vt 0 0.375
vt 1 0.375
vt 1 0.5249999761581421
vt 0.375 0
vt 0.5249999761581421 0
vt 0.375 1
vt 0.375 1
vt 0.375 0.9818181991577148
vt 0.5249999761581421 0.9818181991577148
vt 0 0.625
vt 0 0.4749999940395355
vt 1 0.625
vt 0.375 0.5272727012634277
vt 0.375 0
vt 0.5249999761581421 0
vt 0 0.5249999761581421
vt 0.5249999761581421 1
vt 0.5249999761581421 1
vt 0.5249999761581421 0.5272727012634277
vt 1 0.4749999940395355
vt 0.7799997329711914 0.375
vt 1 0.375
vt 1 0.5249999761581421
vt 0.375 1
vt 0.375 0
vt 0.5 0
vt 0.7799997329711914 0.625
vt 0.880000114440918 0.5
vt 1 0.625
vt 0.5 0.940000057220459
vt 1 0.5
vt 0.5249999761581421 1
vt 0.7799997329711914 0.5249999761581421
vt 0.7799997329711914 0.4749999940395355
vt 0.5249999761581421 0.940000057220459
vt 0.9300000667572021 0.4749999940395355
vt 0.375 0
vt 0.5249999761581421 0
vt 0.375 1
vt 0 0.625
vt 0 0.4749999940395355
vt 1 0.625
vt 0 0.375
vt 1 0.5249999761581421
vt 0 0.5249999761581421
vt 0.5249999761581421 1
vt 1 0.375
vt 0.375 1
vt 0.375 0.9818181991577148
vt 0.5249999761581421 0.9818181991577148
vt 0.375 0.5272727012634277
vt 0.375 0
vt 0.5249999761581421 0
vt 0.5249999761581421 1
vt 0.5249999761581421 0.5272727012634277
vt 1 0.4749999940395355
vt 0.779998779296875 0.375
vt 1 0.375
vt 0.779998779296875 0.5249999761581421
vt 0.375 1
vt 0.375 0
vt 0.5 0
vt 0.779998779296875 0.625
vt 0.8799991607666016 0.5
vt 1 0.625
vt 0.5 0.940000057220459
vt 1 0.5
vt 0.5249999761581421 1
vt 1 0.5249999761581421
vt 0.779998779296875 0.4749999940395355
vt 0.5249999761581421 0.940000057220459
vt 0.9299993515014648 0.4749999940395355
vt 0 0.375
vt 1 0.375
vt 1 0.5249999761581421
vt 0.375 1
vt 0.375 0.9818181991577148
vt 0.5249999761581421 0.9818181991577148
vt 0.375 0
vt 0.5249999761581421 0
vt 0.375 1
vt 0 0.625
vt 0 0.4749999940395355
vt 1 0.625
vt 0.375 0.5272727012634277
vt 0.375 0
vt 0.5249999761581421 0
vt 0 0.5249999761581421
vt 0.5249999761581421 1
vt 0.5249999761581421 1
vt 0.5249999761581421 0.5272727012634277
vt 1 0.4749999940395355
vt 0.779998779296875 0.375
vt 1 0.375
vt 1 0.5249999761581421
vt 0.375 1
vt 0.375 0
vt 0.5 0
vt 0.779998779296875 0.625
vt 0.8799991607666016 0.5
vt 1 0.625
vt 0.779998779296875 0.5249999761581421
vt 0.779998779296875 0.4749999940395355
vt 0.5 0.940000057220459
vt 1 0.5
vt 0.5249999761581421 1
vt 0.5249999761581421 0.940000057220459
vt 0.9299993515014648 0.4749999940395355
vt 0.375 0
vt 0.5249999761581421 0
vt 0.375 1
vt 0 0.375
vt 1 0.375
vt 1 0.5249999761581421
vt 0.375 1
vt 0.375 0.9818181991577148
vt 0.5249999761581421 0.9818181991577148
vt 0 0.625
vt 0 0.4749999940395355
vt 1 0.625
vt 0.375 0.5272727012634277
vt 0.375 0
vt 0.5249999761581421 0
vt 0 0.5249999761581421
vt 0.5249999761581421 1
vt 0.5249999761581421 1
vt 0.5249999761581421 0.5272727012634277
vt 1 0.4749999940395355
vt 0.779998779296875 0.375
vt 1 0.375
vt 0.779998779296875 0.5249999761581421
vt 0.375 1
vt 0.375 0
vt 0.5 0
vt 0.779998779296875 0.625
vt 0.8799991607666016 0.5
vt 1 0.625
vt 0.5 0.940000057220459
vt 1 0.5
vt 0.5249999761581421 1
vt 1 0.5249999761581421
vt 0.779998779296875 0.4749999940395355
vt 0.5249999761581421 0.940000057220459
vt 0.9299993515014648 0.4749999940395355
vt 0.375 0
vt 0.5249999761581421 0
vt 0.375 1
vt 0.5249999761581421 1
vt 0 0.375
vt 1 0.375
vt 1 0.5249999761581421
vt 0.375 1
vt 0.375 0.9818181991577148
vt 0.5249999761581421 0.9818181991577148
vt 0 0.625
vt 0 0.4749999940395355
vt 1 0.625
vt 0.375 0.5272727012634277
vt 0.375 0
vt 0.5249999761581421 0
vt 0 0.5249999761581421
vt 0.5249999761581421 1
vt 0.5249999761581421 0.5272727012634277
vt 1 0.4749999940395355
vt 0.779998779296875 0.375
vt 1 0.375
vt 1 0.5249999761581421
vt 0.375 1
vt 0.375 0
vt 0.5 0
vt 0.779998779296875 0.625
vt 0.8799991607666016 0.5
vt 1 0.625
vt 0.5 0.940000057220459
vt 1 0.5
vt 0.5249999761581421 1
vt 0.779998779296875 0.5249999761581421
vt 0.779998779296875 0.4749999940395355
vt 0.5249999761581421 0.940000057220459
vt 0.9299993515014648 0.4749999940395355
vt 0 0.375
vt 1 0.375
vt 1 0.5249999761581421
vt 0.375 0
vt 0.5249999761581421 0
vt 0.375 1
vt 0.375 1
vt 0.375 0.9818181991577148
vt 0.5249999761581421 0.9818181991577148
vt 0 0.625
vt 0 0.4749999940395355
vt 1 0.625
vt 0.375 0.5272727012634277
vt 0.375 0
vt 0.5249999761581421 0
vt 0 0.5249999761581421
vt 0.5249999761581421 1
vt 0.5249999761581421 1
vt 0.5249999761581421 0.5272727012634277
vt 1 0.4749999940395355
vt 0.779998779296875 0.375
vt 1 0.375
vt 1 0.5249999761581421
vt 0.375 1
vt 0.375 0
vt 0.5 0
vt 0.779998779296875 0.625
vt 0.8799991607666016 0.5
vt 1 0.625
vt 0.5 0.940000057220459
vt 1 0.5
vt 0.5249999761581421 1
vt 0.779998779296875 0.5249999761581421
vt 0.779998779296875 0.4749999940395355
vt 0.5249999761581421 0.940000057220459
vt 0.9299993515014648 0.4749999940395355
vt 0.375 0
vt 0.5249999761581421 0
vt 0.375 1
vt 0 0.375
vt 1 0.375
vt 1 0.5249999761581421
vt 0.375 1
vt 0.375 0.9818181991577148
vt 0.5249999761581421 0.9818181991577148
vt 0 0.625
vt 0 0.4749999940395355
vt 1 0.625
vt 0.375 0.5272728204727173
vt 0.375 0
vt 0.5249999761581421 0
vt 0 0.5249999761581421
vt 0.5249999761581421 1
vt 0.5249999761581421 1
vt 0.5249999761581421 0.5272728204727173
vt 1 0.4749999940395355
vt 0.375 1
vt 0.375 0
vt 0.5 0
vt 0.7800002098083496 0.625
vt 0.8800005912780762 0.5
vt 1 0.625
vt 0.7800002098083496 0.375
vt 1 0.375
vt 1 0.5249999761581421
vt 0.5 0.940000057220459
vt 1 0.5
vt 0.5249999761581421 1
vt 0.7800002098083496 0.4749999940395355
vt 0.7800002098083496 0.5249999761581421
vt 0.5249999761581421 0.940000057220459
vt 0.9300005435943604 0.4749999940395355
vt 0.375 0
vt 0.5249999761581421 0
vt 0.375 1
vt 0 0.375
vt 1 0.375
vt 1 0.5249999761581421
vt 0 0.625
vt 0 0.4749999940395355
vt 1 0.625
vt 0.5249999761581421 1
vt 0 0.5249999761581421
vt 1 0.4749999940395355
vt 0.375 1
vt 0.375 0.9818181991577148
vt 0.5249999761581421 0.9818181991577148
vt 0.375 0.5272728204727173
vt 0.375 0
vt 0.5249999761581421 0
vt 0.5249999761581421 1
vt 0.5249999761581421 0.5272728204727173
vt 0.375 1
vt 0.375 0
vt 0.5 0
vt 0.7800002098083496 0.625
vt 0.8800005912780762 0.5
vt 1 0.625
vt 0.7800002098083496 0.375
vt 1 0.375
vt 0.7800002098083496 0.5249999761581421
vt 0.5 0.940000057220459
vt 1 0.5
vt 0.5249999761581421 1
vt 0.7800002098083496 0.4749999940395355
vt 1 0.5249999761581421
vt 0.5249999761581421 0.940000057220459
vt 0.9300005435943604 0.4749999940395355
vt 0.375 0
vt 0.5249999761581421 0
vt 0.375 1
vt 0 0.375
vt 1 0.375
vt 1 0.5249999761581421
vt 0.375 1
vt 0.375 0.9818181991577148
vt 0.5249999761581421 0.9818181991577148
vt 0 0.625
vt 0 0.4749999940395355
vt 1 0.625
vt 0.375 0.5272728204727173
vt 0.375 0
vt 0.5249999761581421 0
vt 0.5249999761581421 1
vt 0 0.5249999761581421
vt 0.5249999761581421 1
vt 0.5249999761581421 0.5272728204727173
vt 1 0.4749999940395355
vt 0.375 1
vt 0.375 0
vt 0.5 0
vt 0.7799997329711914 0.625
vt 0.880000114440918 0.5
vt 1 0.625
vt 0.7799997329711914 0.375
vt 1 0.375
vt 1 0.5249999761581421
vt 0.5 0.940000057220459
vt 1 0.5
vt 0.5249999761581421 1
vt 0.7799997329711914 0.4749999940395355
vt 0.7799997329711914 0.5249999761581421
vt 0.5249999761581421 0.940000057220459
vt 0.9300000667572021 0.4749999940395355
vt 0.375 0
vt 0.5249999761581421 0
vt 0.375 1
vt 0 0.375
vt 1 0.375
vt 1 0.5249999761581421
vt 0.375 1
vt 0.375 0.9818181991577148
vt 0.5249999761581421 0.9818181991577148
vt 0 0.625
vt 0 0.4749999940395355
vt 1 0.625
vt 0.375 0.5272728204727173
vt 0.375 0
vt 0.5249999761581421 0
vt 0.5249999761581421 1
vt 0 0.5249999761581421
vt 0.5249999761581421 1
vt 0.5249999761581421 0.5272728204727173
vt 1 0.4749999940395355
vt 0.375 1
vt 0.375 0
vt 0.5 0
vt 0.7799997329711914 0.625
vt 0.880000114440918 0.5
vt 1 0.625
vt 0.7799997329711914 0.375
vt 1 0.375
vt 1 0.5249999761581421
vt 0.5 0.940000057220459
vt 1 0.5
vt 0.5249999761581421 1
vt 0.7799997329711914 0.4749999940395355
vt 0.7799997329711914 0.5249999761581421
vt 0.5249999761581421 0.940000057220459
vt 0.9300000667572021 0.4749999940395355
vt 0.375 0
vt 0.5249999761581421 0
vt 0.375 1
vt 0 0.625
vt 0 0.4749999940395355
vt 1 0.625
vt 0 0.375
vt 1 0.5249999761581421
vt 0 0.5249999761581421
vt 0.5249999761581421 1
vt 1 0.375
vt 0.375 1
vt 0.375 0.9818181991577148
vt 0.5249999761581421 0.9818181991577148
vt 0.375 0.5272728204727173
vt 0.375 0
vt 0.5249999761581421 0
vt 0.5249999761581421 1
vt 0.5249999761581421 0.5272728204727173
vt 1 0.4749999940395355
vt 0.375 1
vt 0.375 0
vt 0.5 0
vt 0.779998779296875 0.625
vt 0.8799991607666016 0.5
vt 1 0.625
vt 0.779998779296875 0.375
vt 1 0.375
vt 1 0.5249999761581421
vt 0.5 0.940000057220459
vt 1 0.5
vt 0.5249999761581421 1
vt 0.779998779296875 0.4749999940395355
vt 0.779998779296875 0.5249999761581421
vt 0.5249999761581421 0.940000057220459
vt 0.9299993515014648 0.4749999940395355
vt 0.375 0
vt 0.5249999761581421 0
vt 0.375 1
vt 0 0.375
vt 1 0.375
vt 1 0.5249999761581421
vt 0.375 1
vt 0.375 0.9818181991577148
vt 0.5249999761581421 0.9818181991577148
vt 0 0.625
vt 0 0.4749999940395355
vt 1 0.625
vt 0.375 0.5272728204727173
vt 0.375 0
vt 0.5249999761581421 0
vt 0 0.5249999761581421
vt 0.5249999761581421 1
vt 0.5249999761581421 1
vt 0.5249999761581421 0.5272728204727173
vt 1 0.4749999940395355
vt 0.375 1
vt 0.375 0
vt 0.5 0
vt 0.779998779296875 0.625
vt 0.8799991607666016 0.5
vt 1 0.625
vt 0.779998779296875 0.375
vt 1 0.375
vt 1 0.5249999761581421
vt 0.779998779296875 0.4749999940395355
vt 0.779998779296875 0.5249999761581421
vt 0.5 0.940000057220459
vt 1 0.5
vt 0.5249999761581421 1
vt 0.5249999761581421 0.940000057220459
vt 0.9299993515014648 0.4749999940395355
vt 0 0.375
vt 1 0.375
vt 0 0.5249999761581421
vt 0.375 0
vt 0.5249999761581421 0
vt 0.375 1
vt 0.375 1
vt 0.375 0.9818181991577148
vt 0.5249999761581421 0.9818181991577148
vt 0 0.625
vt 0 0.4749999940395355
vt 1 0.625
vt 0.375 0.5272728204727173
vt 0.375 0
vt 0.5249999761581421 0
vt 0.5249999761581421 1
vt 1 0.5249999761581421
vt 0.5249999761581421 1
vt 0.5249999761581421 0.5272728204727173
vt 1 0.4749999940395355
vt 0.375 1
vt 0.375 0
vt 0.5 0
vt 0.779998779296875 0.625
vt 0.8799991607666016 0.5
vt 1 0.625
vt 0.779998779296875 0.375
vt 1 0.375
vt 1 0.5249999761581421
vt 0.5 0.940000057220459
vt 1 0.5
vt 0.5249999761581421 1
vt 0.779998779296875 0.4749999940395355
vt 0.779998779296875 0.5249999761581421
vt 0.5249999761581421 0.940000057220459
vt 0.9299993515014648 0.4749999940395355
vt 0.375 0
vt 0.5249999761581421 0
vt 0.375 1
vt 0.5249999761581421 1
vt 0 0.375
vt 1 0.375
vt 1 0.5249999761581421
vt 0.375 1
vt 0.375 0.9818181991577148
vt 0.5249999761581421 0.9818181991577148
vt 0 0.625
vt 0 0.4749999940395355
vt 1 0.625
vt 0.375 0.5272728204727173
vt 0.375 0
vt 0.5249999761581421 0
vt 0 0.5249999761581421
vt 0.5249999761581421 1
vt 0.5249999761581421 0.5272728204727173
vt 1 0.4749999940395355
vt 0.375 1
vt 0.375 0
vt 0.5 0
vt 0.779998779296875 0.625
vt 0.8799991607666016 0.5
vt 1 0.625
vt 0.779998779296875 0.375
vt 1 0.375
vt 1 0.5249999761581421
vt 0.5 0.940000057220459
vt 1 0.5
vt 0.5249999761581421 1
vt 0.779998779296875 0.4749999940395355
vt 0.779998779296875 0.5249999761581421
vt 0.5249999761581421 0.940000057220459
vt 0.9299993515014648 0.4749999940395355
vt 0.375 0
vt 0.5249999761581421 0
vt 0.375 1
vt 0 0.375
vt 1 0.375
vt 1 0.5249999761581421
vt 0 0.625
vt 0 0.4749999940395355
vt 1 0.625
vt 0.375 1
vt 0.375 0.9818181991577148
vt 0.5249999761581421 0.9818181991577148
vt 0.375 0.5272728204727173
vt 0.375 0
vt 0.5249999761581421 0
vt 0.5249999761581421 1
vt 0 0.5249999761581421
vt 1 0.4749999940395355
vt 0.5249999761581421 1
vt 0.5249999761581421 0.5272728204727173
vt 0.375 1
vt 0.375 0
vt 0.5 0
vt 0.779998779296875 0.625
vt 0.8799991607666016 0.5
vt 1 0.625
vt 0.779998779296875 0.375
vt 1 0.375
vt 1 0.5249999761581421
vt 0.5 0.940000057220459
vt 1 0.5
vt 0.5249999761581421 1
vt 0.779998779296875 0.4749999940395355
vt 0.779998779296875 0.5249999761581421
vt 0.5249999761581421 0.940000057220459
vt 0.9299993515014648 0.4749999940395355
vt 0.375 0
vt 0.5249999761581421 0
vt 0.375 1
vt 0 0.375
vt 1 0.375
vt 1 0.5249999761581421
vt 0.375 1
vt 0.375 0.9818181991577148
vt 0.5250000357627869 0.9818181991577148
vt 0 0.5249999761581421
vt 0.5249999761581421 1
vt 0 0.625
vt 0 0.4749999940395355
vt 1 0.625
vt 0.375 0.5272728800773621
vt 0.375 0
vt 0.5249999761581421 0
vt 0.5249999761581421 1
vt 0.5249999761581421 0.5272728800773621
vt 1 0.4749999940395355
vt 0.375 1
vt 0.375 0
vt 0.5 0
vt 0.7800002098083496 0.625
vt 0.8800005912780762 0.5
vt 1 0.625
vt 0.7800002098083496 0.375
vt 1 0.375
vt 1 0.5249999761581421
vt 0.5 0.9399995803833008
vt 1 0.5
vt 0.5249999761581421 1
vt 0.7800002098083496 0.4749999940395355
vt 0.7800002098083496 0.5249999761581421
vt 0.5249999761581421 0.9399995803833008
vt 0.9300005435943604 0.4749999940395355
vt 0.375 0
vt 0.5249999761581421 0
vt 0.375 1
vt 0 0.375
vt 1 0.375
vt 0 0.5249999761581421
vt 1 0.5249999761581421
vt 0.375 1
vt 0.375 0.9818181991577148
vt 0.5250000357627869 0.9818181991577148
vt 0.5249999761581421 1
vt 0 0.625
vt 0 0.4749999940395355
vt 1 0.625
vt 0.5249999761581421 1
vt 1 0.4749999940395355
vt 0.375 0.5272728800773621
vt 0.375 0
vt 0.5249999761581421 0
vt 0.5249999761581421 0.5272728800773621
vt 0.375 1
vt 0.375 0
vt 0.5 0
vt 0.7800002098083496 0.625
vt 0.8800005912780762 0.5
vt 1 0.625
vt 0.7800002098083496 0.375
vt 1 0.375
vt 0.7800002098083496 0.5249999761581421
vt 0.5 0.9399995803833008
vt 1 0.5
vt 0.5249999761581421 1
vt 0.7800002098083496 0.4749999940395355
vt 1 0.5249999761581421
vt 0.5249999761581421 0.9399995803833008
vt 0.9300005435943604 0.4749999940395355
vt 0.375 0
vt 0.5249999761581421 0
vt 0.375 1
vt 0 0.375
vt 1 0.375
vt 0 0.5249999761581421
vt 0.375 1
vt 0.375 0.9818181991577148
vt 0.5250000357627869 0.9818181991577148
vt 1 0.5249999761581421
vt 0.5249999761581421 1
vt 0 0.625
vt 0 0.4749999940395355
vt 1 0.625
vt 0.375 0.5272728800773621
vt 0.375 0
vt 0.5249999761581421 0
vt 0.5249999761581421 1
vt 1 0.4749999940395355
vt 0.5249999761581421 0.5272728800773621
vt 0.7799997329711914 0.625
vt 0.880000114440918 0.5
vt 1 0.625
vt 0.375 1
vt 0.375 0
vt 0.5 0
vt 0.7799997329711914 0.375
vt 1 0.375
vt 0.7799997329711914 0.5249999761581421
vt 0.5 0.9399995803833008
vt 1 0.5
vt 0.5249999761581421 1
vt 0.7799997329711914 0.4749999940395355
vt 1 0.5249999761581421
vt 0.5249999761581421 0.9399995803833008
vt 0.9300000667572021 0.4749999940395355
vt 0.375 0
vt 0.5249999761581421 0
vt 0.375 1
vt 0 0.375
vt 1 0.375
vt 1 0.5249999761581421
vt 0.375 1
vt 0.375 0.9818181991577148
vt 0.5250000357627869 0.9818181991577148
vt 0 0.5249999761581421
vt 0.5249999761581421 1
vt 0 0.625
vt 0 0.4749999940395355
vt 1 0.625
vt 0.375 0.5272728800773621
vt 0.375 0
vt 0.5249999761581421 0
vt 0.5249999761581421 1
vt 1 0.4749999940395355
vt 0.5249999761581421 0.5272728800773621
vt 0.375 1
vt 0.375 0
vt 0.5 0
vt 0.7799997329711914 0.625
vt 0.880000114440918 0.5
vt 1 0.625
vt 0.7799997329711914 0.375
vt 1 0.375
vt 1 0.5249999761581421
vt 0.5 0.9399995803833008
vt 1 0.5
vt 0.5249999761581421 1
vt 0.7799997329711914 0.4749999940395355
vt 0.7799997329711914 0.5249999761581421
vt 0.5249999761581421 0.9399995803833008
vt 0.9300000667572021 0.4749999940395355
vt 0.375 0
vt 0.5249999761581421 0
vt 0.375 1
vt 0 0.375
vt 1 0.5249999761581421
vt 0 0.5249999761581421
vt 0 0.625
vt 0 0.4749999940395355
vt 1 0.625
vt 0.5249999761581421 1
vt 1 0.375
vt 0.375 1
vt 0.375 0.9818181991577148
vt 0.5250000357627869 0.9818181991577148
vt 0.5249999761581421 1
vt 0.375 0.5272728800773621
vt 0.375 0
vt 0.5249999761581421 0
vt 1 0.4749999940395355
vt 0.5249999761581421 0.5272728800773621
vt 0.375 1
vt 0.375 0
vt 0.5 0
vt 0.779998779296875 0.625
vt 0.8799991607666016 0.5
vt 1 0.625
vt 0.779998779296875 0.375
vt 1 0.375
vt 1 0.5249999761581421
vt 0.5 0.9399995803833008
vt 1 0.5
vt 0.5249999761581421 1
vt 0.779998779296875 0.4749999940395355
vt 0.779998779296875 0.5249999761581421
vt 0.5249999761581421 0.9399995803833008
vt 0.9299993515014648 0.4749999940395355
vt 0.375 0
vt 0.5249999761581421 0
vt 0.375 1
vt 0 0.375
vt 1 0.375
vt 1 0.5249999761581421
vt 0.375 1
vt 0.375 0.9818181991577148
vt 0.5250000357627869 0.9818181991577148
vt 0 0.5249999761581421
vt 0.5249999761581421 1
vt 0 0.625
vt 0 0.4749999940395355
vt 1 0.625
vt 0.375 0.5272728800773621
vt 0.375 0
vt 0.5249999761581421 0
vt 0.5249999761581421 1
vt 0.5249999761581421 0.5272728800773621
vt 1 0.4749999940395355
vt 0.375 1
vt 0.375 0
vt 0.5 0
vt 0.779998779296875 0.625
vt 0.8799991607666016 0.5
vt 1 0.625
vt 0.779998779296875 0.375
vt 1 0.375
vt 1 0.5249999761581421
vt 0.779998779296875 0.4749999940395355
vt 0.779998779296875 0.5249999761581421
vt 0.5 0.9399995803833008
vt 1 0.5
vt 0.5249999761581421 1
vt 0.5249999761581421 0.9399995803833008
vt 0.9299993515014648 0.4749999940395355
vt 0 0.375
vt 1 0.375
vt 0 0.5249999761581421
vt 0.375 0
vt 0.5249999761581421 0
vt 0.375 1
vt 0.375 1
vt 0.375 0.9818181991577148
vt 0.5250000357627869 0.9818181991577148
vt 1 0.5249999761581421
vt 0.5249999761581421 1
vt 0 0.625
vt 0 0.4749999940395355
vt 1 0.625
vt 0.375 0.5272728800773621
vt 0.375 0
vt 0.5249999761581421 0
vt 0.5249999761581421 1
vt 0.5249999761581421 0.5272728800773621
vt 1 0.4749999940395355
vt 0.375 1
vt 0.375 0
vt 0.5 0
vt 0.779998779296875 0.625
vt 0.8799991607666016 0.5
vt 1 0.625
vt 0.779998779296875 0.375
vt 1 0.375
vt 1 0.5249999761581421
vt 0.5 0.9399995803833008
vt 1 0.5
vt 0.5249999761581421 1
vt 0.779998779296875 0.4749999940395355
vt 0.779998779296875 0.5249999761581421
vt 0.5249999761581421 0.9399995803833008
vt 0.9299993515014648 0.4749999940395355
vt 0.375 0
vt 0.5249999761581421 0
vt 0.375 1
vt 0 0.375
vt 1 0.375
vt 0 0.5249999761581421
vt 0.375 1
vt 0.375 0.9818181991577148
vt 0.5250000357627869 0.9818181991577148
vt 1 0.5249999761581421
vt 0.5249999761581421 1
vt 0.5249999761581421 1
vt 0 0.625
vt 0 0.4749999940395355
vt 1 0.625
vt 0.375 0.5272728800773621
vt 0.375 0
vt 0.5249999761581421 0
vt 0.5249999761581421 0.5272728800773621
vt 1 0.4749999940395355
vt 0.375 1
vt 0.375 0
vt 0.5 0
vt 0.779998779296875 0.625
vt 0.8799991607666016 0.5
vt 1 0.625
vt 0.779998779296875 0.375
vt 1 0.375
vt 1 0.5249999761581421
vt 0.5 0.9399995803833008
vt 1 0.5
vt 0.5249999761581421 1
vt 0.779998779296875 0.4749999940395355
vt 0.779998779296875 0.5249999761581421
vt 0.5249999761581421 0.9399995803833008
vt 0.9299993515014648 0.4749999940395355
vt 0.375 0
vt 0.5249999761581421 0
vt 0.375 1
vt 0 0.375
vt 1 0.375
vt 1 0.5249999761581421
vt 0.375 1
vt 0.375 0.9818181991577148
vt 0.5250000357627869 0.9818181991577148
vt 0 0.5249999761581421
vt 0.5249999761581421 1
vt 0 0.625
vt 0 0.4749999940395355
vt 1 0.625
vt 0.375 0.5272728800773621
vt 0.375 0
vt 0.5249999761581421 0
vt 0.5249999761581421 1
vt 1 0.4749999940395355
vt 0.5249999761581421 0.5272728800773621
vt 0.375 1
vt 0.375 0
vt 0.5 0
vt 0.779998779296875 0.625
vt 0.8799991607666016 0.5
vt 1 0.625
vt 0.779998779296875 0.375
vt 1 0.375
vt 1 0.5249999761581421
vt 0.5 0.9399995803833008
vt 1 0.5
vt 0.5249999761581421 1
vt 0.779998779296875 0.4749999940395355
vt 0.779998779296875 0.5249999761581421
vt 0.5249999761581421 0.9399995803833008
vt 0.9299993515014648 0.4749999940395355
vt 0.375 0
vt 0.5249999761581421 0
vt 0.375 1
vt 0 0.375
vt 1 0.375
vt 1 0.5249999761581421
vt 0.375 1
vt 0.375 0.9818181991577148
vt 0.5250000357627869 0.9818181991577148
vt 0 0.625
vt 0 0.4749999940395355
vt 1 0.625
vt 0.375 0.5272728800773621
vt 0.375 0
vt 0.5249999761581421 0
vt 0 0.5249999761581421
vt 0.5249999761581421 1
vt 0.5249999761581421 1
vt 0.5249999761581421 0.5272728800773621
vt 1 0.4749999940395355
vt 0.375 1
vt 0.375 0
vt 0.5 0
vt 0.7800002098083496 0.375
vt 1 0.375
vt 1 0.5249999761581421
vt 0.7800002098083496 0.625
vt 0.8800005912780762 0.5
vt 1 0.625
vt 0.5 0.9399995803833008
vt 0.5249999761581421 1
vt 0.7800002098083496 0.5249999761581421
vt 1 0.5
vt 0.7800002098083496 0.4749999940395355
vt 0.5249999761581421 0.9399995803833008
vt 0.9300005435943604 0.4749999940395355
vt 0.375 0
vt 0.5249999761581421 0
vt 0.375 1
vt 0 0.375
vt 1 0.375
vt 1 0.5249999761581421
vt 0 0.625
vt 0 0.4749999940395355
vt 1 0.625
vt 0 0.5249999761581421
vt 0.5249999761581421 1
vt 1 0.4749999940395355
vt 0.375 1
vt 0.375 0.9818181991577148
vt 0.5250000357627869 0.9818181991577148
vt 0.375 0.5272728800773621
vt 0.375 0
vt 0.5249999761581421 0
vt 0.5249999761581421 1
vt 0.5249999761581421 0.5272728800773621
vt 0.375 1
vt 0.375 0
vt 0.5 0
vt 0.7800002098083496 0.375
vt 1 0.375
vt 0.7800002098083496 0.5249999761581421
vt 0.7800002098083496 0.625
vt 0.8800005912780762 0.5
vt 1 0.625
vt 0.5 0.9399995803833008
vt 0.5249999761581421 1
vt 1 0.5249999761581421
vt 1 0.5
vt 0.7800002098083496 0.4749999940395355
vt 0.5249999761581421 0.9399995803833008
vt 0.9300005435943604 0.4749999940395355
vt 0.375 0
vt 0.5249999761581421 0
vt 0.375 1
vt 0 0.375
vt 1 0.375
vt 1 0.5249999761581421
vt 0.375 1
vt 0.375 0.9818181991577148
vt 0.5250000357627869 0.9818181991577148
vt 0 0.625
vt 0 0.4749999940395355
vt 1 0.625
vt 0.375 0.5272728800773621
vt 0.375 0
vt 0.5249999761581421 0
vt 0 0.5249999761581421
vt 0.5249999761581421 1
vt 0.5249999761581421 1
vt 1 0.4749999940395355
vt 0.5249999761581421 0.5272728800773621
vt 0.375 1
vt 0.375 0
vt 0.5 0
vt 0.7799997329711914 0.375
vt 1 0.375
vt 0.7799997329711914 0.5249999761581421
vt 0.7799997329711914 0.625
vt 0.880000114440918 0.5
vt 1 0.625
vt 0.5 0.9399995803833008
vt 0.5249999761581421 1
vt 1 0.5249999761581421
vt 1 0.5
vt 0.7799997329711914 0.4749999940395355
vt 0.5249999761581421 0.9399995803833008
vt 0.9300000667572021 0.4749999940395355
vt 0.375 0
vt 0.5249999761581421 0
vt 0.375 1
vt 0 0.375
vt 1 0.375
vt 1 0.5249999761581421
vt 0.375 1
vt 0.375 0.9818181991577148
vt 0.5250000357627869 0.9818181991577148
vt 0 0.625
vt 0 0.4749999940395355
vt 1 0.625
vt 0.375 0.5272728800773621
vt 0.375 0
vt 0.5249999761581421 0
vt 0 0.5249999761581421
vt 0.5249999761581421 1
vt 0.5249999761581421 1
vt 1 0.4749999940395355
vt 0.5249999761581421 0.5272728800773621
vt 0.375 1
vt 0.375 0
vt 0.5 0
vt 0.7799997329711914 0.375
vt 1 0.375
vt 0.7799997329711914 0.5249999761581421
vt 0.7799997329711914 0.625
vt 0.880000114440918 0.5
vt 1 0.625
vt 0.5 0.9399995803833008
vt 0.5249999761581421 1
vt 1 0.5249999761581421
vt 1 0.5
vt 0.7799997329711914 0.4749999940395355
vt 0.5249999761581421 0.9399995803833008
vt 0.9300000667572021 0.4749999940395355
vt 0 0.375
vt 1 0.375
vt 0 0.5249999761581421
vt 0.375 0
vt 0.5249999761581421 0
vt 0.375 1
vt 0 0.625
vt 0 0.4749999940395355
vt 1 0.625
vt 0.5249999761581421 1
vt 0.375 1
vt 0.375 0.9818181991577148
vt 0.5250000357627869 0.9818181991577148
vt 0.375 0.5272728800773621
vt 0.375 0
vt 0.5249999761581421 0
vt 1 0.5249999761581421
vt 0.5249999761581421 1
vt 1 0.4749999940395355
vt 0.5249999761581421 0.5272728800773621
vt 0.375 1
vt 0.375 0
vt 0.5 0
vt 0.779998779296875 0.375
vt 1 0.375
vt 0.779998779296875 0.5249999761581421
vt 0.779998779296875 0.625
vt 0.8799991607666016 0.5
vt 1 0.625
vt 0.5 0.9399995803833008
vt 0.5249999761581421 1
vt 1 0.5249999761581421
vt 1 0.5
vt 0.779998779296875 0.4749999940395355
vt 0.5249999761581421 0.9399995803833008
vt 0.9299993515014648 0.4749999940395355
vt 0.375 0
vt 0.5249999761581421 0
vt 0.375 1
vt 0 0.375
vt 1 0.375
vt 1 0.5249999761581421
vt 0.375 1
vt 0.375 0.9818181991577148
vt 0.5250000357627869 0.9818181991577148
vt 0 0.625
vt 0 0.4749999940395355
vt 1 0.625
vt 0.375 0.5272728800773621
vt 0.375 0
vt 0.5249999761581421 0
vt 0 0.5249999761581421
vt 0.5249999761581421 1
vt 0.5249999761581421 1
vt 0.5249999761581421 0.5272728800773621
vt 1 0.4749999940395355
vt 0.375 1
vt 0.375 0
vt 0.5 0
vt 0.779998779296875 0.375
vt 1 0.375
vt 1 0.5249999761581421
vt 0.779998779296875 0.625
vt 0.8799991607666016 0.5
vt 1 0.625
vt 0.779998779296875 0.5249999761581421
vt 0.779998779296875 0.4749999940395355
vt 0.5 0.9399995803833008
vt 0.5249999761581421 1
vt 1 0.5
vt 0.5249999761581421 0.9399995803833008
vt 0.9299993515014648 0.4749999940395355
vt 0.375 0
vt 0.5249999761581421 0
vt 0.375 1
vt 0 0.375
vt 1 0.375
vt 1 0.5249999761581421
vt 0.375 1
vt 0.375 0.9818181991577148
vt 0.5250000357627869 0.9818181991577148
vt 0 0.625
vt 0 0.4749999940395355
vt 1 0.625
vt 0.375 0.5272728800773621
vt 0.375 0
vt 0.5249999761581421 0
vt 0 0.5249999761581421
vt 0.5249999761581421 1
vt 0.5249999761581421 1
vt 0.5249999761581421 0.5272728800773621
vt 1 0.4749999940395355
vt 0.375 1
vt 0.375 0
vt 0.5 0
vt 0.779998779296875 0.375
vt 1 0.375
vt 1 0.5249999761581421
vt 0.779998779296875 0.625
vt 0.8799991607666016 0.5
vt 1 0.625
vt 0.5 0.9399995803833008
vt 0.5249999761581421 1
vt 0.779998779296875 0.5249999761581421
vt 1 0.5
vt 0.779998779296875 0.4749999940395355
vt 0.5249999761581421 0.9399995803833008
vt 0.9299993515014648 0.4749999940395355
vt 0.375 0
vt 0.5249999761581421 0
vt 0.375 1
vt 0.5249999761581421 1
vt 0 0.375
vt 1 0.375
vt 0 0.5249999761581421
vt 0.375 1
vt 0.375 0.9818181991577148
vt 0.5250000357627869 0.9818181991577148
vt 0 0.625
vt 0 0.4749999940395355
vt 1 0.625
vt 0.375 0.5272728800773621
vt 0.375 0
vt 0.5249999761581421 0
vt 1 0.5249999761581421
vt 0.5249999761581421 1
vt 0.5249999761581421 0.5272728800773621
vt 1 0.4749999940395355
vt 0.375 1
vt 0.375 0
vt 0.5 0
vt 0.779998779296875 0.375
vt 1 0.375
vt 1 0.5249999761581421
vt 0.779998779296875 0.625
vt 0.8799991607666016 0.5
vt 1 0.625
vt 0.5 0.9399995803833008
vt 0.5249999761581421 1
vt 0.779998779296875 0.5249999761581421
vt 1 0.5
vt 0.779998779296875 0.4749999940395355
vt 0.5249999761581421 0.9399995803833008
vt 0.9299993515014648 0.4749999940395355
vt 0.375 0
vt 0.5249999761581421 0
vt 0.375 1
vt 0 0.375
vt 1 0.375
vt 1 0.5249999761581421
vt 0 0.625
vt 0 0.4749999940395355
vt 1 0.625
vt 0.375 1
vt 0.375 0.9818181991577148
vt 0.5250000357627869 0.9818181991577148
vt 0.375 0.5272728800773621
vt 0.375 0
vt 0.5249999761581421 0
vt 0 0.5249999761581421
vt 0.5249999761581421 1
vt 1 0.4749999940395355
vt 0.5249999761581421 1
vt 0.5249999761581421 0.5272728800773621
vt 0.375 1
vt 0.375 0
vt 0.5 0
vt 0.779998779296875 0.375
vt 1 0.375
vt 1 0.5249999761581421
vt 0.779998779296875 0.625
vt 0.8799991607666016 0.5
vt 1 0.625
vt 0.5 0.9399995803833008
vt 0.5249999761581421 1
vt 0.779998779296875 0.5249999761581421
vt 1 0.5
vt 0.779998779296875 0.4749999940395355
vt 0.5249999761581421 0.9399995803833008
vt 0.9299993515014648 0.4749999940395355
vt 0 0.375
vt 1 0.375
vt 1 0.5249999761581421
vt 0.375 1
vt 0.375 0.9818177819252014
vt 0.5249999761581421 0.9818177819252014
vt 0.375 0
vt 0.5249999761581421 0
vt 0.375 1
vt 0.375 0.5272724628448486
vt 0.375 0
vt 0.5249999761581421 0
vt 0 0.625
vt 0 0.4749999940395355
vt 1 0.625
vt 0 0.5249999761581421
vt 0.5249999761581421 1
vt 0.5249999761581421 1
vt 0.5249999761581421 0.5272724628448486
vt 1 0.4749999940395355
vt 0.7800002098083496 0.375
vt 1 0.375
vt 1 0.5249999761581421
vt 0.375 1
vt 0.375 0
vt 0.5 0
vt 0.7800002098083496 0.625
vt 0.8800005912780762 0.5
vt 1 0.625
vt 0.5 0.9400005340576172
vt 0.5249999761581421 1
vt 0.7800002098083496 0.5249999761581421
vt 1 0.5
vt 0.7800002098083496 0.4749999940395355
vt 0.5249999761581421 0.9400005340576172
vt 0.9300005435943604 0.4749999940395355
vt 0 0.375
vt 1 0.375
vt 1 0.5249999761581421
vt 0.375 0
vt 0.5249999761581421 0
vt 0.375 1
vt 0 0.625
vt 0 0.4749999940395355
vt 1 0.625
vt 0 0.5249999761581421
vt 0.5249999761581421 1
vt 1 0.4749999940395355
vt 0.375 1
vt 0.375 0.9818177819252014
vt 0.5249999761581421 0.9818177819252014
vt 0.375 0.5272724628448486
vt 0.375 0
vt 0.5249999761581421 0
vt 0.5249999761581421 1
vt 0.5249999761581421 0.5272724628448486
vt 0.7800002098083496 0.375
vt 1 0.375
vt 0.7800002098083496 0.5249999761581421
vt 0.375 1
vt 0.375 0
vt 0.5 0
vt 0.7800002098083496 0.625
vt 0.8800005912780762 0.5
vt 1 0.625
vt 0.5 0.9400005340576172
vt 0.5249999761581421 1
vt 1 0.5249999761581421
vt 1 0.5
vt 0.7800002098083496 0.4749999940395355
vt 0.5249999761581421 0.9400005340576172
vt 0.9300005435943604 0.4749999940395355
vt 0 0.375
vt 1 0.375
vt 1 0.5249999761581421
vt 0.375 1
vt 0.375 0.9818177819252014
vt 0.5249999761581421 0.9818177819252014
vt 0.375 0
vt 0.5249999761581421 0
vt 0.375 1
vt 0.375 0.5272724628448486
vt 0.375 0
vt 0.5249999761581421 0
vt 0 0.625
vt 0 0.4749999940395355
vt 1 0.625
vt 0 0.5249999761581421
vt 0.5249999761581421 1
vt 0.5249999761581421 1
vt 0.5249999761581421 0.5272724628448486
vt 1 0.4749999940395355
vt 0.7799997329711914 0.375
vt 1 0.375
vt 0.7799997329711914 0.5249999761581421
vt 0.7799997329711914 0.625
vt 0.880000114440918 0.5
vt 1 0.625
vt 0.375 1
vt 0.375 0
vt 0.5 0
vt 0.5 0.9400005340576172
vt 0.5249999761581421 1
vt 1 0.5249999761581421
vt 1 0.5
vt 0.7799997329711914 0.4749999940395355
vt 0.5249999761581421 0.9400005340576172
vt 0.9300000667572021 0.4749999940395355
vt 0 0.375
vt 1 0.375
vt 1 0.5249999761581421
vt 0.375 1
vt 0.375 0.9818177819252014
vt 0.5249999761581421 0.9818177819252014
vt 0.375 0
vt 0.5249999761581421 0
vt 0.375 1
vt 0 0.625
vt 0 0.4749999940395355
vt 1 0.625
vt 0.375 0.5272724628448486
vt 0.375 0
vt 0.5249999761581421 0
vt 0 0.5249999761581421
vt 0.5249999761581421 1
vt 0.5249999761581421 1
vt 1 0.4749999940395355
vt 0.5249999761581421 0.5272724628448486
vt 0.7799997329711914 0.375
vt 1 0.375
vt 0.7799997329711914 0.5249999761581421
vt 0.375 1
vt 0.375 0
vt 0.5 0
vt 0.7799997329711914 0.625
vt 0.880000114440918 0.5
vt 1 0.625
vt 0.5 0.9400005340576172
vt 0.5249999761581421 1
vt 1 0.5249999761581421
vt 1 0.5
vt 0.7799997329711914 0.4749999940395355
vt 0.5249999761581421 0.9400005340576172
vt 0.9300000667572021 0.4749999940395355
vt 0.375 0
vt 0.5249999761581421 0
vt 0.375 1
vt 0 0.625
vt 0 0.4749999940395355
vt 1 0.625
vt 0 0.375
vt 1 0.5249999761581421
vt 0 0.5249999761581421
vt 0.5249999761581421 1
vt 1 0.375
vt 0.375 1
vt 0.375 0.9818177819252014
vt 0.5249999761581421 0.9818177819252014
vt 0.375 0.5272724628448486
vt 0.375 0
vt 0.5249999761581421 0
vt 0.5249999761581421 1
vt 0.5249999761581421 0.5272724628448486
vt 1 0.4749999940395355
vt 0.779998779296875 0.375
vt 1 0.375
vt 0.779998779296875 0.5249999761581421
vt 0.375 1
vt 0.375 0
vt 0.5 0
vt 0.779998779296875 0.625
vt 0.8799991607666016 0.5
vt 1 0.625
vt 0.5 0.9400005340576172
vt 0.5249999761581421 1
vt 1 0.5249999761581421
vt 1 0.5
vt 0.779998779296875 0.4749999940395355
vt 0.5249999761581421 0.9400005340576172
vt 0.9299993515014648 0.4749999940395355
vt 0 0.375
vt 1 0.375
vt 1 0.5249999761581421
vt 0.375 1
vt 0.375 0.9818177819252014
vt 0.5249999761581421 0.9818177819252014
vt 0.375 0
vt 0.5249999761581421 0
vt 0.375 1
vt 0.375 0.5272724628448486
vt 0.375 0
vt 0.5249999761581421 0
vt 0 0.625
vt 0 0.4749999940395355
vt 1 0.625
vt 0 0.5249999761581421
vt 0.5249999761581421 1
vt 0.5249999761581421 1
vt 0.5249999761581421 0.5272724628448486
vt 1 0.4749999940395355
vt 0.779998779296875 0.375
vt 1 0.375
vt 0.779998779296875 0.5249999761581421
vt 0.375 1
vt 0.375 0
vt 0.5 0
vt 0.779998779296875 0.625
vt 0.8799991607666016 0.5
vt 1 0.625
vt 0.5 0.9400005340576172
vt 0.5249999761581421 1
vt 1 0.5249999761581421
vt 0.779998779296875 0.4749999940395355
vt 1 0.5
vt 0.5249999761581421 0.9400005340576172
vt 0.9299993515014648 0.4749999940395355
vt 0 0.375
vt 1 0.375
vt 0 0.5249999761581421
vt 0.375 1
vt 0.375 0.9818177819252014
vt 0.5249999761581421 0.9818177819252014
vt 0.375 0
vt 0.5249999761581421 0
vt 0.375 1
vt 0 0.625
vt 0 0.4749999940395355
vt 1 0.625
vt 0.375 0.5272724628448486
vt 0.375 0
vt 0.5249999761581421 0
vt 1 0.5249999761581421
vt 0.5249999761581421 1
vt 0.5249999761581421 1
vt 0.5249999761581421 0.5272724628448486
vt 1 0.4749999940395355
vt 0.779998779296875 0.375
vt 1 0.375
vt 0.779998779296875 0.5249999761581421
vt 0.375 1
vt 0.375 0
vt 0.5 0
vt 0.779998779296875 0.625
vt 0.8799991607666016 0.5
vt 1 0.625
vt 0.5 0.9400005340576172
vt 0.5249999761581421 1
vt 1 0.5249999761581421
vt 1 0.5
vt 0.779998779296875 0.4749999940395355
vt 0.5249999761581421 0.9400005340576172
vt 0.9299993515014648 0.4749999940395355
vt 0.375 0
vt 0.5249999761581421 0
vt 0.375 1
vt 0.5249999761581421 1
vt 0 0.375
vt 1 0.375
vt 1 0.5249999761581421
vt 0.375 1
vt 0.375 0.9818177819252014
vt 0.5249999761581421 0.9818177819252014
vt 0.375 0.5272724628448486
vt 0.375 0
vt 0.5249999761581421 0
vt 0 0.625
vt 0 0.4749999940395355
vt 1 0.625
vt 0 0.5249999761581421
vt 0.5249999761581421 1
vt 0.5249999761581421 0.5272724628448486
vt 1 0.4749999940395355
vt 0.779998779296875 0.375
vt 1 0.375
vt 1 0.5249999761581421
vt 0.375 1
vt 0.375 0
vt 0.5 0
vt 0.779998779296875 0.625
vt 0.8799991607666016 0.5
vt 1 0.625
vt 0.5 0.9400005340576172
vt 0.5249999761581421 1
vt 0.779998779296875 0.5249999761581421
vt 1 0.5
vt 0.779998779296875 0.4749999940395355
vt 0.5249999761581421 0.9400005340576172
vt 0.9299993515014648 0.4749999940395355
vt 0 0.375
vt 1 0.375
vt 0 0.5249999761581421
vt 0.375 1
vt 0.375 0.9818177819252014
vt 0.5249999761581421 0.9818177819252014
vt 0.375 0
vt 0.5249999761581421 0
vt 0.375 1
vt 0 0.625
vt 0 0.4749999940395355
vt 1 0.625
vt 0.375 0.5272724628448486
vt 0.375 0
vt 0.5249999761581421 0
vt 1 0.5249999761581421
vt 0.5249999761581421 1
vt 0.5249999761581421 1
vt 1 0.4749999940395355
vt 0.5249999761581421 0.5272724628448486
vt 0.779998779296875 0.375
vt 1 0.375
vt 1 0.5249999761581421
vt 0.375 1
vt 0.375 0
vt 0.5 0
vt 0.779998779296875 0.625
vt 0.8799991607666016 0.5
vt 1 0.625
vt 0.5 0.9400005340576172
vt 0.5249999761581421 1
vt 0.779998779296875 0.5249999761581421
vt 1 0.5
vt 0.779998779296875 0.4749999940395355
vt 0.5249999761581421 0.9400005340576172
vt 0.9299993515014648 0.4749999940395355
vt 0.375 0.375
vt 0.375 0.5249999761581421
vt 0.4166666567325592 0.375
vt 0.4166666567325592 0.5249999761581421
vt 0.4583333432674408 0.375
vt 0.5 0.375
vt 0.4583333432674408 0.5249999761581421
vt 0.5 0.5249999761581421
vt 0.5416666865348816 0.375
vt 0.5416666865348816 0.5249999761581421
vt 0.5833333134651184 0.375
vt 0.3333333432674408 0.375
vt 0.3333333432674408 0.5249999761581421
vt 0.2916666567325592 0.375
vt 0.2916666567325592 0.5249999761581421
vt 0.25 0.375
vt 0.25 0.5249999761581421
vt 0.2083333283662796 0.375
vt 0.2083333283662796 0.5249999761581421
vt 0.1666666716337204 0.375
vt 0.1666666716337204 0.5249999761581421
vt 0.125 0.375
vt 0.125 0.5249999761581421
vt 0.0833333358168602 0.375
vt 0.0833333358168602 0.5249999761581421
vt 0.0416666679084301 0.375
vt 0.0416666679084301 0.5249999761581421
vt 0 0.375
vt 0 0.5249999761581421
vt 1 0.375
vt 0.9583333134651184 0.375
vt 0.9583333134651184 0.5249999761581421
vt 0.9166666865348816 0.375
vt 0.9166666865348816 0.5249999761581421
vt 0.5833333134651184 0.5249999761581421
vt 1 0.5249999761581421
vt 0.625 0.375
vt 0.625 0.5249999761581421
vt 0.6666666865348816 0.375
vt 0.6666666865348816 0.5249999761581421
vt 0.7083333134651184 0.375
vt 0.7083333134651184 0.5249999761581421
vt 0.75 0.375
vt 0.75 0.5249999761581421
vt 0.7916666865348816 0.375
vt 0.7916666865348816 0.5249999761581421
vt 0.8333333134651184 0.375
vt 0.875 0.375
vt 0.875 0.5249999761581421
vt 0.8333333134651184 0.5249999761581421
vt 0.3333333432674408 0.375
vt 0.3333333432674408 0.5249999761581421
vt 0.375 0.375
vt 0.375 0.5249999761581421
vt 0.4166666567325592 0.375
vt 0.2916666567325592 0.375
vt 0.2916666567325592 0.5249999761581421
vt 0.4166666567325592 0.5249999761581421
vt 0.4583333432674408 0.375
vt 0.4583333432674408 0.5249999761581421
vt 0.5 0.375
vt 0.5 0.5249999761581421
vt 0.5416666865348816 0.375
vt 0.5416666865348816 0.5249999761581421
vt 0.5833333134651184 0.375
vt 0.25 0.375
vt 0.25 0.5249999761581421
vt 0.2083333283662796 0.375
vt 0.2083333283662796 0.5249999761581421
vt 0.1666666716337204 0.375
vt 0.1666666716337204 0.5249999761581421
vt 0.125 0.375
vt 0.125 0.5249999761581421
vt 0.0833333358168602 0.375
vt 0.0833333358168602 0.5249999761581421
vt 0.0416666679084301 0.375
vt 0.0416666679084301 0.5249999761581421
vt 0 0.375
vt 0 0.5249999761581421
vt 0.9166666865348816 0.375
vt 0.9166666865348816 0.5249999761581421
vt 0.9583333134651184 0.375
vt 1 0.375
vt 0.9583333134651184 0.5249999761581421
vt 0.5833333134651184 0.5249999761581421
vt 1 0.5249999761581421
vt 0.625 0.375
vt 0.625 0.5249999761581421
vt 0.6666666865348816 0.375
vt 0.6666666865348816 0.5249999761581421
vt 0.7083333134651184 0.375
vt 0.7083333134651184 0.5249999761581421
vt 0.75 0.375
vt 0.75 0.5249999761581421
vt 0.7916666865348816 0.375
vt 0.7916666865348816 0.5249999761581421
vt 0.8333333134651184 0.375
vt 0.8333333134651184 0.5249999761581421
vt 0.875 0.375
vt 0.875 0.5249999761581421
vt 0.375 0.375
vt 0.375 0.6499999761581421
vt 0.4166666567325592 0.375
vt 0.2916666567325592 0.375
vt 0.2916666567325592 0.6499999761581421
vt 0.3333333432674408 0.375
vt 0.3333333432674408 0.6499999761581421
vt 0.4583333432674408 0.375
vt 0.4583333432674408 0.6499999761581421
vt 0.5 0.375
vt 0.4166666567325592 0.6499999761581421
vt 0.5 0.375
vt 0.5 0.6499999761581421
vt 0.5416666865348816 0.375
vt 0.5416666865348816 0.6499999761581421
vt 0.5833333134651184 0.375
vt 0.5833333134651184 0.6499999761581421
vt 0.625 0.375
vt 0.625 0.6499999761581421
vt 0.6666666865348816 0.375
vt 0.6666666865348816 0.6499999761581421
vt 0.7083333134651184 0.375
vt 0.7083333134651184 0.6499999761581421
vt 0.75 0.375
vt 0.25 0.375
vt 0.25 0.6499999761581421
vt 0.2083333283662796 0.375
vt 0.2083333283662796 0.6499999761581421
vt 0.1666666716337204 0.375
vt 0.1666666716337204 0.6499999761581421
vt 0.125 0.375
vt 0.125 0.6499999761581421
vt 0.0833333358168602 0.375
vt 0.0833333358168602 0.6499999761581421
vt 0.0416666679084301 0.375
vt 0.0416666679084301 0.6499999761581421
vt 0 0.375
vt 0 0.6499999761581421
vt 0.9583333134651184 0.375
vt 0.9583333134651184 0.6499999761581421
vt 1 0.375
vt 0.75 0.6499999761581421
vt 0.7916666865348816 0.375
vt 0.7916666865348816 0.6499999761581421
vt 0.8333333134651184 0.375
vt 0.9166666865348816 0.375
vt 0.9166666865348816 0.6499999761581421
vt 0.875 0.375
vt 0.875 0.6499999761581421
vt 0.8333333134651184 0.6499999761581421
vt 0.25 0.6499999761581421
vt 1 0.6499999761581421
vt 0.75 0.6499999761581421
vt 0.3333333432674408 0.36250001192092896
vt 0.3333333432674408 0.6375000476837158
vt 0.375 0.36250001192092896
vt 0.4166666567325592 0.36250001192092896
vt 0.375 0.6375000476837158
vt 0.4166666567325592 0.6375000476837158
vt 0.4583333432674408 0.36250001192092896
vt 0.2916666567325592 0.36250001192092896
vt 0.2916666567325592 0.6375000476837158
vt 0.25 0.36250001192092896
vt 0.25 0.6375000476837158
vt 0.24646680057048798 0.36250001192092896
vt 0.24646680057048798 0.6375000476837158
vt 0.2423088550567627 0.36250001192092896
vt 0.4583333432674408 0.6375000476837158
vt 0.46691983938217163 0.36250001192092896
vt 0.5 0.36250001192092896
vt 0.46691983938217163 0.6375000476837158
vt 0.5 0.6375000476837158
vt 0.5416666865348816 0.36250001192092896
vt 0.5416666865348816 0.6375000476837158
vt 0.5833333134651184 0.36250001192092896
vt 0.2083333283662796 0.36250001192092896
vt 0.2083333283662796 0.6375000476837158
vt 0.1666666716337204 0.36250001192092896
vt 0.1666666716337204 0.6375000476837158
vt 0.125 0.36250001192092896
vt 0.125 0.6375000476837158
vt 0.0833333358168602 0.36250001192092896
vt 0.0833333358168602 0.6375000476837158
vt 0.06548089534044266 0.36250001192092896
vt 0.06548089534044266 0.6375000476837158
vt 0.5833333134651184 0.6375000476837158
vt 0.625 0.36250001192092896
vt 0.625 0.6375000476837158
vt 0.6316410899162292 0.36250001192092896
vt 0.2423088550567627 0.6375000476837158
vt 0.6316410899162292 0.6375000476837158
vt 0.13164106011390686 0.36250001192092896
vt 0.125 0.36250001192092896
vt 0.13164106011390686 0.6375000476837158
vt 0.0833333358168602 0.36250001192092896
vt 0.0833333358168602 0.6375000476837158
vt 0.06610510498285294 0.36250001192092896
vt 0.06610510498285294 0.6375000476837158
vt 0.5654808878898621 0.36250001192092896
vt 0.5833333134651184 0.6375000476837158
vt 0.5833333134651184 0.36250001192092896
vt 0.625 0.36250001192092896
vt 0.625 0.6375000476837158
vt 0.6322793364524841 0.36250001192092896
vt 0.125 0.6375000476837158
vt 0.5654808878898621 0.6375000476837158
vt 0.6322793364524841 0.6375000476837158
vt 0.13227930665016174 0.36250001192092896
vt 0.125 0.36250001192092896
vt 0.13227930665016174 0.6375000476837158
vt 0.10853665322065353 0.36250001192092896
vt 0.0833333358168602 0.6375000476837158
vt 0.0833333358168602 0.36250001192092896
vt 0.06672920286655426 0.36250001192092896
vt 0.06672920286655426 0.6375000476837158
vt 0.5661051273345947 0.36250001192092896
vt 0.5833333134651184 0.6375000476837158
vt 0.5833333134651184 0.36250001192092896
vt 0.5997962951660156 0.36250001192092896
vt 0.625 0.36250001192092896
vt 0.625 0.6375000476837158
vt 0.6329163312911987 0.36250001192092896
vt 0.125 0.6375000476837158
vt 0.10853665322065353 0.6375000476837158
vt 0.5661051273345947 0.6375000476837158
vt 0.5997962951660156 0.637499988079071
vt 0.6329163312911987 0.6375000476837158
vt 0.13291633129119873 0.36250001192092896
vt 0.125 0.36250001192092896
vt 0.13291633129119873 0.6375000476837158
vt 0.0833333358168602 0.36250001192092896
vt 0.0833333358168602 0.6375000476837158
vt 0.5667291879653931 0.36250001192092896
vt 0.5833333134651184 0.6375000476837158
vt 0.5833333134651184 0.36250001192092896
vt 0.625 0.36250001192092896
vt 0.625 0.6375000476837158
vt 0.6335530877113342 0.36250001192092896
vt 0.067355215549469 0.36250001192092896
vt 0.067355215549469 0.6375000476837158
vt 0.125 0.6375000476837158
vt 0.5667291879653931 0.6375000476837158
vt 0.6335530877113342 0.6375000476837158
vt 0.567355215549469 0.36250001192092896
vt 0.5833333134651184 0.6375000476837158
vt 0.5833333134651184 0.36250001192092896
vt 0.625 0.36250001192092896
vt 0.625 0.6375000476837158
vt 0.6366683840751648 0.36250001192092896
vt 0.13355308771133423 0.36250001192092896
vt 0.125 0.36250001192092896
vt 0.13355308771133423 0.6375000476837158
vt 0.0833333358168602 0.36250001192092896
vt 0.0833333358168602 0.6375000476837158
vt 0.0650668665766716 0.36250001192092896
vt 0.0650668665766716 0.6375000476837158
vt 0.567355215549469 0.6375000476837158
vt 0.6366683840751648 0.6375000476837158
vt 0.125 0.6375000476837158
vt 0.5650668740272522 0.36250001192092896
vt 0.5833333134651184 0.6375000476837158
vt 0.5833333134651184 0.36250001192092896
vt 0.1366683840751648 0.36250001192092896
vt 0.125 0.36250001192092896
vt 0.1366683840751648 0.6375000476837158
vt 0.0833333358168602 0.36250001192092896
vt 0.0833333358168602 0.6375000476837158
vt 0.0416666679084301 0.36250001192092896
vt 0.0416666679084301 0.6375000476837158
vt 0 0.36250001192092896
vt 0 0.6375000476837158
vt 1 0.36250001192092896
vt 0.9583333134651184 0.36250001192092896
vt 0.9583333134651184 0.6375000476837158
vt 0.9166666865348816 0.36250001192092896
vt 0.9166666865348816 0.6375000476837158
vt 0.625 0.36250001192092896
vt 0.6666666865348816 0.36250001192092896
vt 0.625 0.6375000476837158
vt 0.7083333134651184 0.36250001192092896
vt 0.6666666865348816 0.6375000476837158
vt 0.75 0.36250001192092896
vt 0.7083333134651184 0.6375000476837158
vt 0.875 0.36250001192092896
vt 0.8333333134651184 0.36250001192092896
vt 0.8333333134651184 0.6375000476837158
vt 0.75 0.6375000476837158
vt 0.7916666865348816 0.36250001192092896
vt 0.7916666865348816 0.6375000476837158
vt 0.875 0.6375000476837158
vt 0.5650668740272522 0.6375000476837158
vt 0.125 0.6375000476837158
vt 1 0.6375000476837158
f 3/3/3 2/2/2 1/1/1
f 2/2/2 4/4/4 1/1/1
f 6/6/6 5/5/5 1/1/1
f 4/4/4 6/6/6 1/1/1
f 8/8/8 7/7/7 6/6/6
f 6/6/6 7/7/7 5/5/5
f 9/9/9 7/7/7 8/8/8
f 9/9/9 10/10/10 7/7/7
f 10/10/10 11/11/11 7/7/7
f 14/14/14 13/13/13 12/12/12
f 15/15/15 13/13/13 14/14/14
f 17/17/17 16/16/16 14/14/14
f 19/19/19 18/18/18 17/17/17
f 20/20/20 15/15/15 14/14/14
f 16/16/16 20/20/20 14/14/14
f 21/21/21 16/16/16 17/17/17
f 22/22/22 21/21/21 17/17/17
f 18/18/18 22/22/22 17/17/17
f 23/23/23 18/18/18 19/19/19
f 24/24/24 18/18/18 23/23/23
f 25/25/25 24/24/24 23/23/23
f 26/26/26 25/25/25 23/23/23
f 27/27/27 26/26/26 23/23/23
f 28/28/28 26/26/26 27/27/27
f 29/29/29 11/11/11 10/10/10
f 31/31/31 30/30/30 29/29/29
f 31/31/31 32/32/32 30/30/30
f 33/33/33 26/26/26 28/28/28
f 35/35/35 33/33/33 34/34/34
f 34/34/34 33/33/33 28/28/28
f 36/36/36 35/35/35 34/34/34
f 37/37/37 35/35/35 36/36/36
f 38/38/38 37/37/37 36/36/36
f 41/41/41 40/40/40 39/39/39
f 43/43/43 41/41/41 42/42/42
f 45/45/45 43/43/43 44/44/44
f 40/40/40 37/37/37 38/38/38
f 39/39/39 40/40/40 38/38/38
f 42/42/42 41/41/41 39/39/39
f 44/44/44 43/43/43 42/42/42
f 46/46/46 11/11/11 29/29/29
f 30/30/30 46/46/46 29/29/29
f 32/32/32 47/47/47 30/30/30
f 32/32/32 48/48/48 47/47/47
f 48/48/48 49/49/49 47/47/47
f 48/48/48 51/51/51 50/50/50
f 51/51/51 52/52/52 50/50/50
f 48/48/48 50/50/50 49/49/49
f 52/52/52 54/54/54 53/53/53
f 52/52/52 53/53/53 50/50/50
f 54/54/54 45/45/45 55/55/55
f 54/54/54 55/55/55 53/53/53
f 45/45/45 44/44/44 55/55/55
f 58/58/58 57/57/57 56/56/56
f 58/58/58 59/59/59 57/57/57
f 61/61/61 60/60/60 59/59/59
f 63/63/63 62/62/62 60/60/60
f 65/65/65 64/64/64 62/62/62
f 67/67/67 66/66/66 64/64/64
f 69/69/69 68/68/68 66/66/66
f 72/72/72 71/71/71 70/70/70
f 74/74/74 73/73/73 72/72/72
f 77/77/77 76/76/76 75/75/75
f 79/79/79 78/78/78 77/77/77
f 81/81/81 80/80/80 79/79/79
f 82/82/82 81/81/81 68/68/68
f 83/83/83 58/58/58 56/56/56
f 58/58/58 61/61/61 59/59/59
f 61/61/61 63/63/63 60/60/60
f 63/63/63 65/65/65 62/62/62
f 65/65/65 67/67/67 64/64/64
f 67/67/67 69/69/69 66/66/66
f 69/69/69 82/82/82 68/68/68
f 84/84/84 71/71/71 72/72/72
f 73/73/73 84/84/84 72/72/72
f 76/76/76 85/85/85 75/75/75
f 78/78/78 76/76/76 77/77/77
f 80/80/80 78/78/78 79/79/79
f 82/82/82 80/80/80 81/81/81
f 88/88/88 87/87/87 86/86/86
f 89/89/89 88/88/88 86/86/86
f 90/90/90 89/89/89 86/86/86
f 92/92/92 91/91/91 86/86/86
f 91/91/91 90/90/90 86/86/86
f 93/93/93 91/91/91 92/92/92
f 93/93/93 94/94/94 91/91/91
f 95/95/95 94/94/94 93/93/93
f 96/96/96 95/95/95 93/93/93
f 97/97/97 96/96/96 93/93/93
f 100/100/100 99/99/99 98/98/98
f 100/100/100 101/101/101 99/99/99
f 103/103/103 102/102/102 99/99/99
f 105/105/105 104/104/104 102/102/102
f 101/101/101 103/103/103 99/99/99
f 103/103/103 105/105/105 102/102/102
f 106/106/106 104/104/104 105/105/105
f 107/107/107 104/104/104 106/106/106
f 108/108/108 104/104/104 107/107/107
f 110/110/110 109/109/109 108/108/108
f 110/110/110 108/108/108 107/107/107
f 110/110/110 112/112/112 111/111/111
f 110/110/110 111/111/111 109/109/109
f 114/114/114 113/113/113 111/111/111
f 97/97/97 115/115/115 96/96/96
f 116/116/116 115/115/115 97/97/97
f 117/117/117 116/116/116 97/97/97
f 112/112/112 114/114/114 111/111/111
f 114/114/114 118/118/118 113/113/113
f 118/118/118 120/120/120 119/119/119
f 120/120/120 121/121/121 119/119/119
f 118/118/118 119/119/119 113/113/113
f 121/121/121 123/123/123 122/122/122
f 121/121/121 122/122/122 119/119/119
f 126/126/126 125/125/125 124/124/124
f 129/129/129 128/128/128 127/127/127
f 128/128/128 126/126/126 130/130/130
f 123/123/123 129/129/129 131/131/131
f 123/123/123 131/131/131 122/122/122
f 129/129/129 127/127/127 131/131/131
f 128/128/128 130/130/130 127/127/127
f 132/132/132 117/117/117 97/97/97
f 133/133/133 117/117/117 132/132/132
f 134/134/134 117/117/117 133/133/133
f 135/135/135 134/134/134 133/133/133
f 136/136/136 134/134/134 135/135/135
f 137/137/137 134/134/134 136/136/136
f 139/139/139 137/137/137 138/138/138
f 125/125/125 139/139/139 140/140/140
f 138/138/138 137/137/137 136/136/136
f 140/140/140 139/139/139 138/138/138
f 124/124/124 125/125/125 140/140/140
f 130/130/130 126/126/126 124/124/124
f 143/143/143 142/142/142 141/141/141
f 144/144/144 143/143/143 141/141/141
f 144/144/144 145/145/145 143/143/143
f 148/148/148 147/147/147 146/146/146
f 149/149/149 148/148/148 146/146/146
f 150/150/150 148/148/148 149/149/149
f 150/150/150 151/151/151 148/148/148
f 152/152/152 145/145/145 144/144/144
f 155/155/155 154/154/154 153/153/153
f 155/155/155 156/156/156 154/154/154
f 157/157/157 155/155/155 153/153/153
f 155/155/155 158/158/158 156/156/156
f 161/161/161 160/160/160 159/159/159
f 160/160/160 162/162/162 159/159/159
f 163/163/163 162/162/162 160/160/160
f 166/166/166 165/165/165 164/164/164
f 165/165/165 167/167/167 164/164/164
f 165/165/165 168/168/168 167/167/167
f 168/168/168 169/169/169 167/167/167
f 163/163/163 170/170/170 162/162/162
f 173/173/173 172/172/172 171/171/171
f 174/174/174 173/173/173 171/171/171
f 177/177/177 176/176/176 175/175/175
f 177/177/177 178/178/178 176/176/176
f 179/179/179 178/178/178 177/177/177
f 178/178/178 180/180/180 176/176/176
f 181/181/181 178/178/178 179/179/179
f 183/183/183 182/182/182 181/181/181
f 184/184/184 182/182/182 183/183/183
f 185/185/185 182/182/182 184/184/184
f 178/178/178 186/186/186 180/180/180
f 182/182/182 178/178/178 181/181/181
f 178/178/178 187/187/187 186/186/186
f 178/178/178 188/188/188 187/187/187
f 189/189/189 178/178/178 182/182/182
f 190/190/190 182/182/182 185/185/185
f 191/191/191 182/182/182 190/190/190
f 192/192/192 182/182/182 191/191/191
f 193/193/193 182/182/182 192/192/192
f 195/195/195 194/194/194 171/171/171
f 194/194/194 195/195/195 196/196/196
f 198/198/198 197/197/197 196/196/196
f 197/197/197 194/194/194 196/196/196
f 199/199/199 197/197/197 198/198/198
f 199/199/199 200/200/200 197/197/197
f 200/200/200 201/201/201 197/197/197
f 194/194/194 174/174/174 171/171/171
f 194/194/194 202/202/202 174/174/174
f 194/194/194 203/203/203 202/202/202
f 194/194/194 204/204/204 203/203/203
f 194/194/194 205/205/205 204/204/204
f 194/194/194 206/206/206 205/205/205
f 194/194/194 207/207/207 206/206/206
f 194/194/194 208/208/208 207/207/207
f 194/194/194 209/209/209 208/208/208
f 210/210/210 194/194/194 197/197/197
f 213/213/213 212/212/212 211/211/211
f 213/213/213 214/214/214 212/212/212
f 215/215/215 213/213/213 211/211/211
f 213/213/213 216/216/216 214/214/214
f 219/219/219 218/218/218 217/217/217
f 222/222/222 221/221/221 220/220/220
f 223/223/223 221/221/221 222/222/222
f 223/223/223 224/224/224 221/221/221
f 225/225/225 223/223/223 222/222/222
f 223/223/223 226/226/226 224/224/224
f 223/223/223 227/227/227 226/226/226
f 223/223/223 228/228/228 227/227/227
f 223/223/223 229/229/229 228/228/228
f 230/230/230 223/223/223 225/225/225
f 231/231/231 223/223/223 230/230/230
f 233/233/233 232/232/232 230/230/230
f 232/232/232 231/231/231 230/230/230
f 234/234/234 232/232/232 233/233/233
f 223/223/223 235/235/235 229/229/229
f 223/223/223 236/236/236 235/235/235
f 223/223/223 237/237/237 236/236/236
f 223/223/223 238/238/238 237/237/237
f 240/240/240 239/239/239 217/217/217
f 218/218/218 240/240/240 217/217/217
f 241/241/241 240/240/240 218/218/218
f 239/239/239 240/240/240 242/242/242
f 240/240/240 243/243/243 242/242/242
f 240/240/240 244/244/244 243/243/243
f 245/245/245 244/244/244 240/240/240
f 245/245/245 246/246/246 244/244/244
f 247/247/247 240/240/240 241/241/241
f 249/249/249 248/248/248 247/247/247
f 250/250/250 248/248/248 249/249/249
f 251/251/251 248/248/248 250/250/250
f 252/252/252 248/248/248 251/251/251
f 253/253/253 248/248/248 252/252/252
f 254/254/254 248/248/248 253/253/253
f 248/248/248 240/240/240 247/247/247
f 255/255/255 248/248/248 254/254/254
f 248/248/248 256/256/256 240/240/240
f 259/259/259 258/258/258 257/257/257
f 262/262/262 261/261/261 260/260/260
f 261/261/261 263/263/263 260/260/260
f 261/261/261 264/264/264 263/263/263
f 261/261/261 265/265/265 264/264/264
f 265/265/265 266/266/266 264/264/264
f 265/265/265 267/267/267 266/266/266
f 265/265/265 268/268/268 267/267/267
f 268/268/268 269/269/269 267/267/267
f 258/258/258 270/270/270 257/257/257
f 271/271/271 270/270/270 258/258/258
f 272/272/272 270/270/270 271/271/271
f 273/273/273 270/270/270 272/272/272
f 273/273/273 274/274/274 270/270/270
f 274/274/274 275/275/275 270/270/270
f 278/278/278 277/277/277 276/276/276
f 278/278/278 279/279/279 277/277/277
f 280/280/280 278/278/278 276/276/276
f 278/278/278 281/281/281 279/279/279
f 284/284/284 283/283/283 282/282/282
f 287/287/287 286/286/286 285/285/285
f 288/288/288 287/287/287 285/285/285
f 289/289/289 287/287/287 288/288/288
f 290/290/290 289/289/289 288/288/288
f 291/291/291 289/289/289 290/290/290
f 292/292/292 289/289/289 291/291/291
f 293/293/293 289/289/289 292/292/292
f 294/294/294 293/293/293 292/292/292
f 295/295/295 284/284/284 282/282/282
f 296/296/296 295/295/295 282/282/282
f 296/296/296 297/297/297 295/295/295
f 296/296/296 298/298/298 297/297/297
f 299/299/299 298/298/298 296/296/296
f 299/299/299 300/300/300 298/298/298
f 303/303/303 302/302/302 301/301/301
f 303/303/303 304/304/304 302/302/302
f 303/303/303 305/305/305 304/304/304
f 305/305/305 306/306/306 304/304/304
f 309/309/309 308/308/308 307/307/307
f 310/310/310 308/308/308 309/309/309
f 310/310/310 311/311/311 308/308/308
f 311/311/311 312/312/312 308/308/308
f 315/315/315 314/314/314 313/313/313
f 315/315/315 316/316/316 314/314/314
f 317/317/317 315/315/315 313/313/313
f 315/315/315 318/318/318 316/316/316
f 321/321/321 320/320/320 319/319/319
f 322/322/322 320/320/320 321/321/321
f 323/323/323 320/320/320 322/322/322
f 324/324/324 323/323/323 322/322/322
f 327/327/327 326/326/326 325/325/325
f 327/327/327 328/328/328 326/326/326
f 329/329/329 328/328/328 327/327/327
f 329/329/329 330/330/330 328/328/328
f 333/333/333 332/332/332 331/331/331
f 336/336/336 335/335/335 334/334/334
f 335/335/335 337/337/337 334/334/334
f 333/333/333 331/331/331 334/334/334
f 338/338/338 333/333/333 334/334/334
f 339/339/339 338/338/338 334/334/334
f 337/337/337 340/340/340 334/334/334
f 340/340/340 339/339/339 334/334/334
f 343/343/343 342/342/342 341/341/341
f 341/341/341 342/342/342 334/334/334
f 345/345/345 344/344/344 334/334/334
f 344/344/344 346/346/346 334/334/334
f 347/347/347 342/342/342 343/343/343
f 348/348/348 342/342/342 347/347/347
f 349/349/349 342/342/342 348/348/348
f 350/350/350 345/345/345 334/334/334
f 342/342/342 350/350/350 334/334/334
f 351/351/351 336/336/336 334/334/334
f 352/352/352 351/351/351 334/334/334
f 346/346/346 352/352/352 334/334/334
f 333/333/333 353/353/353 332/332/332
f 333/333/333 354/354/354 353/353/353
f 355/355/355 333/333/333 338/338/338
f 333/333/333 356/356/356 354/354/354
f 357/357/357 356/356/356 333/333/333
f 358/358/358 342/342/342 349/349/349
f 342/342/342 359/359/359 350/350/350
f 358/358/358 360/360/360 342/342/342
f 363/363/363 362/362/362 361/361/361
f 365/365/365 361/361/361 364/364/364
f 367/367/367 366/366/366 364/364/364
f 369/369/369 368/368/368 367/367/367
f 371/371/371 370/370/370 362/362/362
f 373/373/373 372/372/372 370/370/370
f 375/375/375 374/374/374 372/372/372
f 377/377/377 376/376/376 369/369/369
f 378/378/378 376/376/376 377/377/377
f 380/380/380 379/379/379 374/374/374
f 382/382/382 381/381/381 379/379/379
f 363/363/363 371/371/371 362/362/362
f 365/365/365 363/363/363 361/361/361
f 368/368/368 366/366/366 367/367/367
f 366/366/366 365/365/365 364/364/364
f 371/371/371 373/373/373 370/370/370
f 373/373/373 375/375/375 372/372/372
f 375/375/375 380/380/380 374/374/374
f 376/376/376 368/368/368 369/369/369
f 383/383/383 376/376/376 378/378/378
f 380/380/380 382/382/382 379/379/379
f 382/382/382 384/384/384 381/381/381
f 387/387/387 386/386/386 385/385/385
f 389/389/389 388/388/388 385/385/385
f 391/391/391 390/390/390 385/385/385
f 392/392/392 387/387/387 385/385/385
f 390/390/390 392/392/392 385/385/385
f 388/388/388 391/391/391 385/385/385
f 395/395/395 394/394/394 393/393/393
f 395/395/395 393/393/393 396/396/396
f 385/385/385 397/397/397 396/396/396
f 398/398/398 397/397/397 385/385/385
f 395/395/395 399/399/399 394/394/394
f 395/395/395 400/400/400 399/399/399
f 395/395/395 401/401/401 400/400/400
f 397/397/397 395/395/395 396/396/396
f 404/404/404 403/403/403 402/402/402
f 405/405/405 404/404/404 385/385/385
f 404/404/404 402/402/402 385/385/385
f 386/386/386 405/405/405 385/385/385
f 402/402/402 398/398/398 385/385/385
f 406/406/406 388/388/388 389/389/389
f 408/408/408 407/407/407 406/406/406
f 409/409/409 388/388/388 406/406/406
f 407/407/407 409/409/409 406/406/406
f 410/410/410 407/407/407 408/408/408
f 410/410/410 411/411/411 407/407/407
f 395/395/395 412/412/412 401/401/401
f 413/413/413 395/395/395 397/397/397
f 414/414/414 412/412/412 395/395/395
f 417/417/417 416/416/416 415/415/415
f 419/419/419 418/418/418 417/417/417
f 421/421/421 420/420/420 415/415/415
f 423/423/423 422/422/422 420/420/420
f 425/425/425 424/424/424 422/422/422
f 416/416/416 421/421/421 415/415/415
f 421/421/421 423/423/423 420/420/420
f 418/418/418 416/416/416 417/417/417
f 423/423/423 425/425/425 422/422/422
f 427/427/427 426/426/426 419/419/419
f 426/426/426 418/418/418 419/419/419
f 428/428/428 426/426/426 427/427/427
f 429/429/429 428/428/428 427/427/427
f 430/430/430 429/429/429 427/427/427
f 430/430/430 431/431/431 429/429/429
f 433/433/433 432/432/432 424/424/424
f 433/433/433 424/424/424 425/425/425
f 433/433/433 434/434/434 432/432/432
f 434/434/434 435/435/435 432/432/432
f 436/436/436 435/435/435 434/434/434
f 438/438/438 437/437/437 436/436/436
f 437/437/437 435/435/435 436/436/436
f 439/439/439 437/437/437 438/438/438
f 440/440/440 439/439/439 438/438/438
f 441/441/441 439/439/439 440/440/440
f 444/444/444 443/443/443 442/442/442
f 445/445/445 441/441/441 440/440/440
f 447/447/447 446/446/446 445/445/445
f 449/449/449 447/447/447 448/448/448
f 445/445/445 446/446/446 441/441/441
f 449/449/449 446/446/446 447/447/447
f 451/451/451 450/450/450 448/448/448
f 452/452/452 451/451/451 442/442/442
f 452/452/452 450/450/450 451/451/451
f 450/450/450 449/449/449 448/448/448
f 430/430/430 453/453/453 431/431/431
f 430/430/430 454/454/454 453/453/453
f 430/430/430 455/455/455 454/454/454
f 430/430/430 456/456/456 455/455/455
f 457/457/457 444/444/444 456/456/456
f 430/430/430 457/457/457 456/456/456
f 457/457/457 443/443/443 444/444/444
f 443/443/443 452/452/452 442/442/442
f 460/460/460 459/459/459 458/458/458
f 462/462/462 461/461/461 459/459/459
f 464/464/464 463/463/463 458/458/458
f 466/466/466 465/465/465 464/464/464
f 468/468/468 467/467/467 466/466/466
f 470/470/470 469/469/469 461/461/461
f 472/472/472 471/471/471 468/468/468
f 474/474/474 473/473/473 472/472/472
f 476/476/476 475/475/475 474/474/474
f 478/478/478 477/477/477 476/476/476
f 480/480/480 479/479/479 478/478/478
f 482/482/482 481/481/481 480/480/480
f 485/485/485 484/484/484 483/483/483
f 487/487/487 486/486/486 485/485/485
f 490/490/490 489/489/489 488/488/488
f 492/492/492 488/488/488 491/491/491
f 489/489/489 494/494/494 493/493/493
f 493/493/493 495/495/495 487/487/487
f 463/463/463 460/460/460 458/458/458
f 462/462/462 470/470/470 461/461/461
f 460/460/460 462/462/462 459/459/459
f 465/465/465 463/463/463 464/464/464
f 467/467/467 465/465/465 466/466/466
f 470/470/470 496/496/496 469/469/469
f 471/471/471 467/467/467 468/468/468
f 473/473/473 471/471/471 472/472/472
f 475/475/475 473/473/473 474/474/474
f 477/477/477 475/475/475 476/476/476
f 479/479/479 477/477/477 478/478/478
f 481/481/481 479/479/479 480/480/480
f 484/484/484 497/497/497 483/483/483
f 486/486/486 484/484/484 485/485/485
f 490/490/490 494/494/494 489/489/489
f 492/492/492 490/490/490 488/488/488
f 494/494/494 495/495/495 493/493/493
f 495/495/495 486/486/486 487/487/487
f 500/500/500 499/499/499 498/498/498
f 502/502/502 501/501/501 499/499/499
f 504/504/504 503/503/503 498/498/498
f 507/507/507 506/506/506 505/505/505
f 505/505/505 508/508/508 504/504/504
f 506/506/506 508/508/508 505/505/505
f 503/503/503 500/500/500 498/498/498
f 500/500/500 502/502/502 499/499/499
f 508/508/508 503/503/503 504/504/504
f 510/510/510 509/509/509 501/501/501
f 502/502/502 510/510/510 501/501/501
f 510/510/510 511/511/511 509/509/509
f 511/511/511 512/512/512 509/509/509
f 512/512/512 513/513/513 509/509/509
f 513/513/513 514/514/514 509/509/509
f 515/515/515 514/514/514 513/513/513
f 516/516/516 514/514/514 515/515/515
f 517/517/517 514/514/514 516/516/516
f 519/519/519 518/518/518 507/507/507
f 518/518/518 506/506/506 507/507/507
f 521/521/521 520/520/520 519/519/519
f 520/520/520 518/518/518 519/519/519
f 521/521/521 522/522/522 520/520/520
f 521/521/521 523/523/523 522/522/522
f 523/523/523 524/524/524 522/522/522
f 523/523/523 525/525/525 524/524/524
f 525/525/525 526/526/526 524/524/524
f 527/527/527 526/526/526 525/525/525
f 530/530/530 529/529/529 528/528/528
f 531/531/531 526/526/526 527/527/527
f 531/531/531 533/533/533 532/532/532
f 533/533/533 531/531/531 527/527/527
f 533/533/533 534/534/534 532/532/532
f 536/536/536 535/535/535 528/528/528
f 534/534/534 536/536/536 532/532/532
f 535/535/535 530/530/530 528/528/528
f 534/534/534 535/535/535 536/536/536
f 537/537/537 514/514/514 517/517/517
f 538/538/538 537/537/537 517/517/517
f 540/540/540 539/539/539 538/538/538
f 539/539/539 537/537/537 538/538/538
f 529/529/529 541/541/541 540/540/540
f 541/541/541 539/539/539 540/540/540
f 530/530/530 541/541/541 529/529/529
f 544/544/544 543/543/543 542/542/542
f 547/547/547 546/546/546 545/545/545
f 550/550/550 549/549/549 548/548/548
f 549/549/549 551/551/551 548/548/548
f 547/547/547 552/552/552 546/546/546
f 555/555/555 554/554/554 553/553/553
f 558/558/558 557/557/557 556/556/556
f 561/561/561 560/560/560 559/559/559
f 564/564/564 563/563/563 562/562/562
f 563/563/563 565/565/565 562/562/562
f 561/561/561 566/566/566 560/560/560
f 569/569/569 568/568/568 567/567/567
f 572/572/572 571/571/571 570/570/570
f 575/575/575 574/574/574 573/573/573
f 576/576/576 572/572/572 570/570/570
f 579/579/579 578/578/578 577/577/577
f 574/574/574 580/580/580 573/573/573
f 581/581/581 580/580/580 574/574/574
f 582/582/582 579/579/579 577/577/577
f 582/582/582 583/583/583 579/579/579
f 586/586/586 585/585/585 584/584/584
f 589/589/589 588/588/588 587/587/587
f 590/590/590 582/582/582 577/577/577
f 585/585/585 591/591/591 584/584/584
f 594/594/594 593/593/593 592/592/592
f 597/597/597 596/596/596 595/595/595
f 600/600/600 599/599/599 598/598/598
f 603/603/603 602/602/602 601/601/601
f 602/602/602 604/604/604 601/601/601
f 597/597/597 605/605/605 596/596/596
f 608/608/608 607/607/607 606/606/606
f 611/611/611 610/610/610 609/609/609
f 614/614/614 613/613/613 612/612/612
f 617/617/617 616/616/616 615/615/615
f 613/613/613 618/618/618 612/612/612
f 619/619/619 610/610/610 611/611/611
f 622/622/622 621/621/621 620/620/620
f 625/625/625 624/624/624 623/623/623
f 628/628/628 627/627/627 626/626/626
f 631/631/631 630/630/630 629/629/629
f 627/627/627 632/632/632 626/626/626
f 633/633/633 624/624/624 625/625/625
f 636/636/636 635/635/635 634/634/634
f 639/639/639 638/638/638 637/637/637
f 640/640/640 636/636/636 634/634/634
f 643/643/643 642/642/642 641/641/641
f 638/638/638 644/644/644 637/637/637
f 645/645/645 644/644/644 638/638/638
f 646/646/646 643/643/643 641/641/641
f 649/649/649 648/648/648 647/647/647
f 646/646/646 650/650/650 643/643/643
f 653/653/653 652/652/652 651/651/651
f 654/654/654 646/646/646 641/641/641
f 648/648/648 655/655/655 647/647/647
f 658/658/658 657/657/657 656/656/656
f 661/661/661 660/660/660 659/659/659
f 664/664/664 663/663/663 662/662/662
f 667/667/667 666/666/666 665/665/665
f 663/663/663 668/668/668 662/662/662
f 661/661/661 669/669/669 660/660/660
f 672/672/672 671/671/671 670/670/670
f 675/675/675 674/674/674 673/673/673
f 678/678/678 677/677/677 676/676/676
f 679/679/679 678/678/678 676/676/676
f 682/682/682 681/681/681 680/680/680
f 675/675/675 683/683/683 674/674/674
f 686/686/686 685/685/685 684/684/684
f 689/689/689 688/688/688 687/687/687
f 692/692/692 691/691/691 690/690/690
f 693/693/693 692/692/692 690/690/690
f 696/696/696 695/695/695 694/694/694
f 689/689/689 697/697/697 688/688/688
f 700/700/700 699/699/699 698/698/698
f 703/703/703 702/702/702 701/701/701
f 704/704/704 700/700/700 698/698/698
f 707/707/707 706/706/706 705/705/705
f 702/702/702 708/708/708 701/701/701
f 709/709/709 708/708/708 702/702/702
f 710/710/710 707/707/707 705/705/705
f 710/710/710 711/711/711 707/707/707
f 714/714/714 713/713/713 712/712/712
f 717/717/717 716/716/716 715/715/715
f 718/718/718 710/710/710 705/705/705
f 713/713/713 719/719/719 712/712/712
f 722/722/722 721/721/721 720/720/720
f 725/725/725 724/724/724 723/723/723
f 728/728/728 727/727/727 726/726/726
f 731/731/731 730/730/730 729/729/729
f 727/727/727 732/732/732 726/726/726
f 725/725/725 733/733/733 724/724/724
f 736/736/736 735/735/735 734/734/734
f 739/739/739 738/738/738 737/737/737
f 742/742/742 741/741/741 740/740/740
f 745/745/745 744/744/744 743/743/743
f 741/741/741 746/746/746 740/740/740
f 739/739/739 747/747/747 738/738/738
f 750/750/750 749/749/749 748/748/748
f 753/753/753 752/752/752 751/751/751
f 756/756/756 755/755/755 754/754/754
f 759/759/759 758/758/758 757/757/757
f 755/755/755 760/760/760 754/754/754
f 753/753/753 761/761/761 752/752/752
f 764/764/764 763/763/763 762/762/762
f 767/767/767 766/766/766 765/765/765
f 768/768/768 764/764/764 762/762/762
f 771/771/771 770/770/770 769/769/769
f 766/766/766 772/772/772 765/765/765
f 773/773/773 772/772/772 766/766/766
f 774/774/774 771/771/771 769/769/769
f 774/774/774 775/775/775 771/771/771
f 778/778/778 777/777/777 776/776/776
f 781/781/781 780/780/780 779/779/779
f 782/782/782 774/774/774 769/769/769
f 777/777/777 783/783/783 776/776/776
f 786/786/786 785/785/785 784/784/784
f 789/789/789 788/788/788 787/787/787
f 792/792/792 791/791/791 790/790/790
f 795/795/795 794/794/794 793/793/793
f 789/789/789 796/796/796 788/788/788
f 797/797/797 795/795/795 793/793/793
f 800/800/800 799/799/799 798/798/798
f 803/803/803 802/802/802 801/801/801
f 806/806/806 805/805/805 804/804/804
f 807/807/807 806/806/806 804/804/804
f 810/810/810 809/809/809 808/808/808
f 811/811/811 802/802/802 803/803/803
f 814/814/814 813/813/813 812/812/812
f 817/817/817 816/816/816 815/815/815
f 820/820/820 819/819/819 818/818/818
f 821/821/821 820/820/820 818/818/818
f 824/824/824 823/823/823 822/822/822
f 825/825/825 816/816/816 817/817/817
f 828/828/828 827/827/827 826/826/826
f 831/831/831 830/830/830 829/829/829
f 832/832/832 828/828/828 826/826/826
f 835/835/835 834/834/834 833/833/833
f 830/830/830 836/836/836 829/829/829
f 837/837/837 836/836/836 830/830/830
f 838/838/838 835/835/835 833/833/833
f 841/841/841 840/840/840 839/839/839
f 838/838/838 842/842/842 835/835/835
f 845/845/845 844/844/844 843/843/843
f 846/846/846 838/838/838 833/833/833
f 840/840/840 847/847/847 839/839/839
f 850/850/850 849/849/849 848/848/848
f 853/853/853 852/852/852 851/851/851
f 856/856/856 855/855/855 854/854/854
f 859/859/859 858/858/858 857/857/857
f 855/855/855 860/860/860 854/854/854
f 853/853/853 861/861/861 852/852/852
f 864/864/864 863/863/863 862/862/862
f 867/867/867 866/866/866 865/865/865
f 870/870/870 869/869/869 868/868/868
f 869/869/869 871/871/871 868/868/868
f 867/867/867 872/872/872 866/866/866
f 875/875/875 874/874/874 873/873/873
f 878/878/878 877/877/877 876/876/876
f 881/881/881 880/880/880 879/879/879
f 884/884/884 883/883/883 882/882/882
f 883/883/883 885/885/885 882/882/882
f 881/881/881 886/886/886 880/880/880
f 889/889/889 888/888/888 887/887/887
f 892/892/892 891/891/891 890/890/890
f 895/895/895 894/894/894 893/893/893
f 896/896/896 892/892/892 890/890/890
f 899/899/899 898/898/898 897/897/897
f 894/894/894 900/900/900 893/893/893
f 901/901/901 900/900/900 894/894/894
f 902/902/902 899/899/899 897/897/897
f 902/902/902 903/903/903 899/899/899
f 906/906/906 905/905/905 904/904/904
f 909/909/909 908/908/908 907/907/907
f 910/910/910 902/902/902 897/897/897
f 905/905/905 911/911/911 904/904/904
f 914/914/914 913/913/913 912/912/912
f 917/917/917 916/916/916 915/915/915
f 920/920/920 919/919/919 918/918/918
f 923/923/923 922/922/922 921/921/921
f 919/919/919 924/924/924 918/918/918
f 917/917/917 925/925/925 916/916/916
f 928/928/928 927/927/927 926/926/926
f 931/931/931 930/930/930 929/929/929
f 934/934/934 933/933/933 932/932/932
f 937/937/937 936/936/936 935/935/935
f 933/933/933 938/938/938 932/932/932
f 931/931/931 939/939/939 930/930/930
f 942/942/942 941/941/941 940/940/940
f 945/945/945 944/944/944 943/943/943
f 948/948/948 947/947/947 946/946/946
f 951/951/951 950/950/950 949/949/949
f 947/947/947 952/952/952 946/946/946
f 945/945/945 953/953/953 944/944/944
f 956/956/956 955/955/955 954/954/954
f 959/959/959 958/958/958 957/957/957
f 960/960/960 956/956/956 954/954/954
f 963/963/963 962/962/962 961/961/961
f 958/958/958 964/964/964 957/957/957
f 965/965/965 964/964/964 958/958/958
f 966/966/966 963/963/963 961/961/961
f 966/966/966 967/967/967 963/963/963
f 970/970/970 969/969/969 968/968/968
f 973/973/973 972/972/972 971/971/971
f 974/974/974 966/966/966 961/961/961
f 969/969/969 975/975/975 968/968/968
f 978/978/978 977/977/977 976/976/976
f 981/981/981 980/980/980 979/979/979
f 984/984/984 983/983/983 982/982/982
f 987/987/987 986/986/986 985/985/985
f 986/986/986 988/988/988 985/985/985
f 981/981/981 989/989/989 980/980/980
f 992/992/992 991/991/991 990/990/990
f 995/995/995 994/994/994 993/993/993
f 998/998/998 997/997/997 996/996/996
f 997/997/997 999/999/999 996/996/996
f 1000/1000/1000 994/994/994 995/995/995
f 1003/1003/1003 1002/1002/1002 1001/1001/1001
f 1006/1006/1006 1005/1005/1005 1004/1004/1004
f 1009/1009/1009 1008/1008/1008 1007/1007/1007
f 1012/1012/1012 1011/1011/1011 1010/1010/1010
f 1011/1011/1011 1013/1013/1013 1010/1010/1010
f 1014/1014/1014 1008/1008/1008 1009/1009/1009
f 1017/1017/1017 1016/1016/1016 1015/1015/1015
f 1020/1020/1020 1019/1019/1019 1018/1018/1018
f 1023/1023/1023 1022/1022/1022 1021/1021/1021
f 1024/1024/1024 1020/1020/1020 1018/1018/1018
f 1027/1027/1027 1026/1026/1026 1025/1025/1025
f 1022/1022/1022 1028/1028/1028 1021/1021/1021
f 1029/1029/1029 1028/1028/1028 1022/1022/1022
f 1030/1030/1030 1027/1027/1027 1025/1025/1025
f 1030/1030/1030 1031/1031/1031 1027/1027/1027
f 1034/1034/1034 1033/1033/1033 1032/1032/1032
f 1037/1037/1037 1036/1036/1036 1035/1035/1035
f 1038/1038/1038 1030/1030/1030 1025/1025/1025
f 1033/1033/1033 1039/1039/1039 1032/1032/1032
f 1042/1042/1042 1041/1041/1041 1040/1040/1040
f 1045/1045/1045 1044/1044/1044 1043/1043/1043
f 1048/1048/1048 1047/1047/1047 1046/1046/1046
f 1051/1051/1051 1050/1050/1050 1049/1049/1049
f 1047/1047/1047 1052/1052/1052 1046/1046/1046
f 1045/1045/1045 1053/1053/1053 1044/1044/1044
f 1056/1056/1056 1055/1055/1055 1054/1054/1054
f 1059/1059/1059 1058/1058/1058 1057/1057/1057
f 1062/1062/1062 1061/1061/1061 1060/1060/1060
f 1065/1065/1065 1064/1064/1064 1063/1063/1063
f 1061/1061/1061 1066/1066/1066 1060/1060/1060
f 1059/1059/1059 1067/1067/1067 1058/1058/1058
f 1070/1070/1070 1069/1069/1069 1068/1068/1068
f 1073/1073/1073 1072/1072/1072 1071/1071/1071
f 1076/1076/1076 1075/1075/1075 1074/1074/1074
f 1079/1079/1079 1078/1078/1078 1077/1077/1077
f 1075/1075/1075 1080/1080/1080 1074/1074/1074
f 1073/1073/1073 1081/1081/1081 1072/1072/1072
f 1084/1084/1084 1083/1083/1083 1082/1082/1082
f 1087/1087/1087 1086/1086/1086 1085/1085/1085
f 1088/1088/1088 1084/1084/1084 1082/1082/1082
f 1091/1091/1091 1090/1090/1090 1089/1089/1089
f 1086/1086/1086 1092/1092/1092 1085/1085/1085
f 1093/1093/1093 1092/1092/1092 1086/1086/1086
f 1094/1094/1094 1091/1091/1091 1089/1089/1089
f 1094/1094/1094 1095/1095/1095 1091/1091/1091
f 1098/1098/1098 1097/1097/1097 1096/1096/1096
f 1099/1099/1099 1094/1094/1094 1089/1089/1089
f 1102/1102/1102 1101/1101/1101 1100/1100/1100
f 1101/1101/1101 1103/1103/1103 1100/1100/1100
f 1106/1106/1106 1105/1105/1105 1104/1104/1104
f 1109/1109/1109 1108/1108/1108 1107/1107/1107
f 1112/1112/1112 1111/1111/1111 1110/1110/1110
f 1115/1115/1115 1114/1114/1114 1113/1113/1113
f 1111/1111/1111 1116/1116/1116 1110/1110/1110
f 1109/1109/1109 1117/1117/1117 1108/1108/1108
f 1120/1120/1120 1119/1119/1119 1118/1118/1118
f 1123/1123/1123 1122/1122/1122 1121/1121/1121
f 1126/1126/1126 1125/1125/1125 1124/1124/1124
f 1125/1125/1125 1127/1127/1127 1124/1124/1124
f 1123/1123/1123 1128/1128/1128 1122/1122/1122
f 1131/1131/1131 1130/1130/1130 1129/1129/1129
f 1134/1134/1134 1133/1133/1133 1132/1132/1132
f 1137/1137/1137 1136/1136/1136 1135/1135/1135
f 1140/1140/1140 1139/1139/1139 1138/1138/1138
f 1133/1133/1133 1141/1141/1141 1132/1132/1132
f 1140/1140/1140 1142/1142/1142 1139/1139/1139
f 1145/1145/1145 1144/1144/1144 1143/1143/1143
f 1148/1148/1148 1147/1147/1147 1146/1146/1146
f 1149/1149/1149 1148/1148/1148 1146/1146/1146
f 1152/1152/1152 1151/1151/1151 1150/1150/1150
f 1155/1155/1155 1154/1154/1154 1153/1153/1153
f 1151/1151/1151 1156/1156/1156 1150/1150/1150
f 1157/1157/1157 1155/1155/1155 1153/1153/1153
f 1158/1158/1158 1156/1156/1156 1151/1151/1151
f 1159/1159/1159 1157/1157/1157 1153/1153/1153
f 1162/1162/1162 1161/1161/1161 1160/1160/1160
f 1163/1163/1163 1162/1162/1162 1160/1160/1160
f 1157/1157/1157 1164/1164/1164 1155/1155/1155
f 1167/1167/1167 1166/1166/1166 1165/1165/1165
f 1170/1170/1170 1169/1169/1169 1168/1168/1168
f 1173/1173/1173 1172/1172/1172 1171/1171/1171
f 1176/1176/1176 1175/1175/1175 1174/1174/1174
f 1177/1177/1177 1176/1176/1176 1174/1174/1174
f 1180/1180/1180 1179/1179/1179 1178/1178/1178
f 1173/1173/1173 1181/1181/1181 1172/1172/1172
f 1184/1184/1184 1183/1183/1183 1182/1182/1182
f 1187/1187/1187 1186/1186/1186 1185/1185/1185
f 1190/1190/1190 1189/1189/1189 1188/1188/1188
f 1193/1193/1193 1192/1192/1192 1191/1191/1191
f 1189/1189/1189 1194/1194/1194 1188/1188/1188
f 1195/1195/1195 1186/1186/1186 1187/1187/1187
f 1198/1198/1198 1197/1197/1197 1196/1196/1196
f 1201/1201/1201 1200/1200/1200 1199/1199/1199
f 1204/1204/1204 1203/1203/1203 1202/1202/1202
f 1207/1207/1207 1206/1206/1206 1205/1205/1205
f 1200/1200/1200 1208/1208/1208 1199/1199/1199
f 1209/1209/1209 1203/1203/1203 1204/1204/1204
f 1212/1212/1212 1211/1211/1211 1210/1210/1210
f 1213/1213/1213 1212/1212/1212 1210/1210/1210
f 1216/1216/1216 1215/1215/1215 1214/1214/1214
f 1219/1219/1219 1218/1218/1218 1217/1217/1217
f 1215/1215/1215 1220/1220/1220 1214/1214/1214
f 1221/1221/1221 1219/1219/1219 1217/1217/1217
f 1222/1222/1222 1220/1220/1220 1215/1215/1215
f 1223/1223/1223 1221/1221/1221 1217/1217/1217
f 1226/1226/1226 1225/1225/1225 1224/1224/1224
f 1227/1227/1227 1226/1226/1226 1224/1224/1224
f 1221/1221/1221 1228/1228/1228 1219/1219/1219
f 1231/1231/1231 1230/1230/1230 1229/1229/1229
f 1234/1234/1234 1233/1233/1233 1232/1232/1232
f 1237/1237/1237 1236/1236/1236 1235/1235/1235
f 1240/1240/1240 1239/1239/1239 1238/1238/1238
f 1241/1241/1241 1240/1240/1240 1238/1238/1238
f 1244/1244/1244 1243/1243/1243 1242/1242/1242
f 1237/1237/1237 1245/1245/1245 1236/1236/1236
f 1248/1248/1248 1247/1247/1247 1246/1246/1246
f 1251/1251/1251 1250/1250/1250 1249/1249/1249
f 1254/1254/1254 1253/1253/1253 1252/1252/1252
f 1255/1255/1255 1254/1254/1254 1252/1252/1252
f 1258/1258/1258 1257/1257/1257 1256/1256/1256
f 1251/1251/1251 1259/1259/1259 1250/1250/1250
f 1262/1262/1262 1261/1261/1261 1260/1260/1260
f 1265/1265/1265 1264/1264/1264 1263/1263/1263
f 1268/1268/1268 1267/1267/1267 1266/1266/1266
f 1269/1269/1269 1268/1268/1268 1266/1266/1266
f 1272/1272/1272 1271/1271/1271 1270/1270/1270
f 1265/1265/1265 1273/1273/1273 1264/1264/1264
f 1276/1276/1276 1275/1275/1275 1274/1274/1274
f 1277/1277/1277 1276/1276/1276 1274/1274/1274
f 1280/1280/1280 1279/1279/1279 1278/1278/1278
f 1283/1283/1283 1282/1282/1282 1281/1281/1281
f 1279/1279/1279 1284/1284/1284 1278/1278/1278
f 1285/1285/1285 1283/1283/1283 1281/1281/1281
f 1286/1286/1286 1284/1284/1284 1279/1279/1279
f 1287/1287/1287 1285/1285/1285 1281/1281/1281
f 1290/1290/1290 1289/1289/1289 1288/1288/1288
f 1285/1285/1285 1291/1291/1291 1283/1283/1283
f 1292/1292/1292 1290/1290/1290 1288/1288/1288
f 1295/1295/1295 1294/1294/1294 1293/1293/1293
f 1298/1298/1298 1297/1297/1297 1296/1296/1296
f 1301/1301/1301 1300/1300/1300 1299/1299/1299
f 1304/1304/1304 1303/1303/1303 1302/1302/1302
f 1305/1305/1305 1304/1304/1304 1302/1302/1302
f 1308/1308/1308 1307/1307/1307 1306/1306/1306
f 1301/1301/1301 1309/1309/1309 1300/1300/1300
f 1312/1312/1312 1311/1311/1311 1310/1310/1310
f 1315/1315/1315 1314/1314/1314 1313/1313/1313
f 1318/1318/1318 1317/1317/1317 1316/1316/1316
f 1321/1321/1321 1320/1320/1320 1319/1319/1319
f 1317/1317/1317 1322/1322/1322 1316/1316/1316
f 1315/1315/1315 1323/1323/1323 1314/1314/1314
f 1326/1326/1326 1325/1325/1325 1324/1324/1324
f 1329/1329/1329 1328/1328/1328 1327/1327/1327
f 1332/1332/1332 1331/1331/1331 1330/1330/1330
f 1335/1335/1335 1334/1334/1334 1333/1333/1333
f 1325/1325/1325 1336/1336/1336 1324/1324/1324
f 1332/1332/1332 1337/1337/1337 1331/1331/1331
f 1340/1340/1340 1339/1339/1339 1338/1338/1338
f 1341/1341/1341 1340/1340/1340 1338/1338/1338
f 1344/1344/1344 1343/1343/1343 1342/1342/1342
f 1347/1347/1347 1346/1346/1346 1345/1345/1345
f 1343/1343/1343 1348/1348/1348 1342/1342/1342
f 1349/1349/1349 1347/1347/1347 1345/1345/1345
f 1350/1350/1350 1348/1348/1348 1343/1343/1343
f 1351/1351/1351 1349/1349/1349 1345/1345/1345
f 1354/1354/1354 1353/1353/1353 1352/1352/1352
f 1355/1355/1355 1354/1354/1354 1352/1352/1352
f 1349/1349/1349 1356/1356/1356 1347/1347/1347
f 1359/1359/1359 1358/1358/1358 1357/1357/1357
f 1362/1362/1362 1361/1361/1361 1360/1360/1360
f 1365/1365/1365 1364/1364/1364 1363/1363/1363
f 1368/1368/1368 1367/1367/1367 1366/1366/1366
f 1371/1371/1371 1370/1370/1370 1369/1369/1369
f 1365/1365/1365 1372/1372/1372 1364/1364/1364
f 1373/1373/1373 1368/1368/1368 1366/1366/1366
f 1376/1376/1376 1375/1375/1375 1374/1374/1374
f 1379/1379/1379 1378/1378/1378 1377/1377/1377
f 1382/1382/1382 1381/1381/1381 1380/1380/1380
f 1383/1383/1383 1382/1382/1382 1380/1380/1380
f 1386/1386/1386 1385/1385/1385 1384/1384/1384
f 1387/1387/1387 1378/1378/1378 1379/1379/1379
f 1390/1390/1390 1389/1389/1389 1388/1388/1388
f 1393/1393/1393 1392/1392/1392 1391/1391/1391
f 1396/1396/1396 1395/1395/1395 1394/1394/1394
f 1397/1397/1397 1396/1396/1396 1394/1394/1394
f 1400/1400/1400 1399/1399/1399 1398/1398/1398
f 1401/1401/1401 1392/1392/1392 1393/1393/1393
f 1404/1404/1404 1403/1403/1403 1402/1402/1402
f 1405/1405/1405 1404/1404/1404 1402/1402/1402
f 1408/1408/1408 1407/1407/1407 1406/1406/1406
f 1411/1411/1411 1410/1410/1410 1409/1409/1409
f 1407/1407/1407 1412/1412/1412 1406/1406/1406
f 1413/1413/1413 1411/1411/1411 1409/1409/1409
f 1414/1414/1414 1412/1412/1412 1407/1407/1407
f 1415/1415/1415 1413/1413/1413 1409/1409/1409
f 1418/1418/1418 1417/1417/1417 1416/1416/1416
f 1419/1419/1419 1418/1418/1418 1416/1416/1416
f 1413/1413/1413 1420/1420/1420 1411/1411/1411
f 1423/1423/1423 1422/1422/1422 1421/1421/1421
f 1426/1426/1426 1425/1425/1425 1424/1424/1424
f 1429/1429/1429 1428/1428/1428 1427/1427/1427
f 1432/1432/1432 1431/1431/1431 1430/1430/1430
f 1433/1433/1433 1432/1432/1432 1430/1430/1430
f 1436/1436/1436 1435/1435/1435 1434/1434/1434
f 1426/1426/1426 1437/1437/1437 1425/1425/1425
f 1440/1440/1440 1439/1439/1439 1438/1438/1438
f 1443/1443/1443 1442/1442/1442 1441/1441/1441
f 1446/1446/1446 1445/1445/1445 1444/1444/1444
f 1445/1445/1445 1447/1447/1447 1444/1444/1444
f 1443/1443/1443 1448/1448/1448 1442/1442/1442
f 1451/1451/1451 1450/1450/1450 1449/1449/1449
f 1454/1454/1454 1453/1453/1453 1452/1452/1452
f 1457/1457/1457 1456/1456/1456 1455/1455/1455
f 1460/1460/1460 1459/1459/1459 1458/1458/1458
f 1453/1453/1453 1461/1461/1461 1452/1452/1452
f 1460/1460/1460 1462/1462/1462 1459/1459/1459
f 1465/1465/1465 1464/1464/1464 1463/1463/1463
f 1468/1468/1468 1467/1467/1467 1466/1466/1466
f 1469/1469/1469 1468/1468/1468 1466/1466/1466
f 1472/1472/1472 1471/1471/1471 1470/1470/1470
f 1475/1475/1475 1474/1474/1474 1473/1473/1473
f 1471/1471/1471 1476/1476/1476 1470/1470/1470
f 1477/1477/1477 1475/1475/1475 1473/1473/1473
f 1478/1478/1478 1476/1476/1476 1471/1471/1471
f 1479/1479/1479 1477/1477/1477 1473/1473/1473
f 1482/1482/1482 1481/1481/1481 1480/1480/1480
f 1483/1483/1483 1482/1482/1482 1480/1480/1480
f 1477/1477/1477 1484/1484/1484 1475/1475/1475
f 1487/1487/1487 1486/1486/1486 1485/1485/1485
f 1490/1490/1490 1489/1489/1489 1488/1488/1488
f 1493/1493/1493 1492/1492/1492 1491/1491/1491
f 1496/1496/1496 1495/1495/1495 1494/1494/1494
f 1497/1497/1497 1496/1496/1496 1494/1494/1494
f 1500/1500/1500 1499/1499/1499 1498/1498/1498
f 1493/1493/1493 1501/1501/1501 1492/1492/1492
f 1504/1504/1504 1503/1503/1503 1502/1502/1502
f 1507/1507/1507 1506/1506/1506 1505/1505/1505
f 1510/1510/1510 1509/1509/1509 1508/1508/1508
f 1513/1513/1513 1512/1512/1512 1511/1511/1511
f 1509/1509/1509 1514/1514/1514 1508/1508/1508
f 1507/1507/1507 1515/1515/1515 1506/1506/1506
f 1518/1518/1518 1517/1517/1517 1516/1516/1516
f 1521/1521/1521 1520/1520/1520 1519/1519/1519
f 1524/1524/1524 1523/1523/1523 1522/1522/1522
f 1527/1527/1527 1526/1526/1526 1525/1525/1525
f 1520/1520/1520 1528/1528/1528 1519/1519/1519
f 1524/1524/1524 1529/1529/1529 1523/1523/1523
f 1532/1532/1532 1531/1531/1531 1530/1530/1530
f 1533/1533/1533 1532/1532/1532 1530/1530/1530
f 1536/1536/1536 1535/1535/1535 1534/1534/1534
f 1539/1539/1539 1538/1538/1538 1537/1537/1537
f 1535/1535/1535 1540/1540/1540 1534/1534/1534
f 1541/1541/1541 1539/1539/1539 1537/1537/1537
f 1542/1542/1542 1540/1540/1540 1535/1535/1535
f 1543/1543/1543 1541/1541/1541 1537/1537/1537
f 1546/1546/1546 1545/1545/1545 1544/1544/1544
f 1547/1547/1547 1546/1546/1546 1544/1544/1544
f 1541/1541/1541 1548/1548/1548 1539/1539/1539
f 1551/1551/1551 1550/1550/1550 1549/1549/1549
f 1554/1554/1554 1553/1553/1553 1552/1552/1552
f 1557/1557/1557 1556/1556/1556 1555/1555/1555
f 1560/1560/1560 1559/1559/1559 1558/1558/1558
f 1561/1561/1561 1560/1560/1560 1558/1558/1558
f 1564/1564/1564 1563/1563/1563 1562/1562/1562
f 1557/1557/1557 1565/1565/1565 1556/1556/1556
f 1568/1568/1568 1567/1567/1567 1566/1566/1566
f 1571/1571/1571 1570/1570/1570 1569/1569/1569
f 1574/1574/1574 1573/1573/1573 1572/1572/1572
f 1573/1573/1573 1575/1575/1575 1572/1572/1572
f 1576/1576/1576 1570/1570/1570 1571/1571/1571
f 1579/1579/1579 1578/1578/1578 1577/1577/1577
f 1582/1582/1582 1581/1581/1581 1580/1580/1580
f 1585/1585/1585 1584/1584/1584 1583/1583/1583
f 1588/1588/1588 1587/1587/1587 1586/1586/1586
f 1581/1581/1581 1589/1589/1589 1580/1580/1580
f 1590/1590/1590 1587/1587/1587 1588/1588/1588
f 1593/1593/1593 1592/1592/1592 1591/1591/1591
f 1596/1596/1596 1595/1595/1595 1594/1594/1594
f 1597/1597/1597 1596/1596/1596 1594/1594/1594
f 1600/1600/1600 1599/1599/1599 1598/1598/1598
f 1603/1603/1603 1602/1602/1602 1601/1601/1601
f 1599/1599/1599 1604/1604/1604 1598/1598/1598
f 1605/1605/1605 1603/1603/1603 1601/1601/1601
f 1606/1606/1606 1604/1604/1604 1599/1599/1599
f 1607/1607/1607 1605/1605/1605 1601/1601/1601
f 1610/1610/1610 1609/1609/1609 1608/1608/1608
f 1611/1611/1611 1610/1610/1610 1608/1608/1608
f 1605/1605/1605 1612/1612/1612 1603/1603/1603
f 1615/1615/1615 1614/1614/1614 1613/1613/1613
f 1618/1618/1618 1617/1617/1617 1616/1616/1616
f 1621/1621/1621 1620/1620/1620 1619/1619/1619
f 1624/1624/1624 1623/1623/1623 1622/1622/1622
f 1625/1625/1625 1624/1624/1624 1622/1622/1622
f 1628/1628/1628 1627/1627/1627 1626/1626/1626
f 1621/1621/1621 1629/1629/1629 1620/1620/1620
f 1632/1632/1632 1631/1631/1631 1630/1630/1630
f 1635/1635/1635 1634/1634/1634 1633/1633/1633
f 1638/1638/1638 1637/1637/1637 1636/1636/1636
f 1641/1641/1641 1640/1640/1640 1639/1639/1639
f 1637/1637/1637 1642/1642/1642 1636/1636/1636
f 1635/1635/1635 1643/1643/1643 1634/1634/1634
f 1646/1646/1646 1645/1645/1645 1644/1644/1644
f 1649/1649/1649 1648/1648/1648 1647/1647/1647
f 1652/1652/1652 1651/1651/1651 1650/1650/1650
f 1655/1655/1655 1654/1654/1654 1653/1653/1653
f 1645/1645/1645 1656/1656/1656 1644/1644/1644
f 1652/1652/1652 1657/1657/1657 1651/1651/1651
f 1660/1660/1660 1659/1659/1659 1658/1658/1658
f 1661/1661/1661 1660/1660/1660 1658/1658/1658
f 1664/1664/1664 1663/1663/1663 1662/1662/1662
f 1667/1667/1667 1666/1666/1666 1665/1665/1665
f 1663/1663/1663 1668/1668/1668 1662/1662/1662
f 1669/1669/1669 1667/1667/1667 1665/1665/1665
f 1670/1670/1670 1669/1669/1669 1665/1665/1665
f 1671/1671/1671 1668/1668/1668 1663/1663/1663
f 1674/1674/1674 1673/1673/1673 1672/1672/1672
f 1669/1669/1669 1675/1675/1675 1667/1667/1667
f 1678/1678/1678 1677/1677/1677 1676/1676/1676
f 1679/1679/1679 1674/1674/1674 1672/1672/1672
f 1682/1682/1682 1681/1681/1681 1680/1680/1680
f 1685/1685/1685 1684/1684/1684 1683/1683/1683
f 1688/1688/1688 1687/1687/1687 1686/1686/1686
f 1689/1689/1689 1688/1688/1688 1686/1686/1686
f 1692/1692/1692 1691/1691/1691 1690/1690/1690
f 1685/1685/1685 1693/1693/1693 1684/1684/1684
f 1696/1696/1696 1695/1695/1695 1694/1694/1694
f 1699/1699/1699 1698/1698/1698 1697/1697/1697
f 1702/1702/1702 1701/1701/1701 1700/1700/1700
f 1695/1695/1695 1703/1703/1703 1694/1694/1694
f 1702/1702/1702 1704/1704/1704 1701/1701/1701
f 1707/1707/1707 1706/1706/1706 1705/1705/1705
f 1710/1710/1710 1709/1709/1709 1708/1708/1708
f 1713/1713/1713 1712/1712/1712 1711/1711/1711
f 1716/1716/1716 1715/1715/1715 1714/1714/1714
f 1715/1715/1715 1717/1717/1717 1714/1714/1714
f 1713/1713/1713 1718/1718/1718 1712/1712/1712
f 1721/1721/1721 1720/1720/1720 1719/1719/1719
f 1724/1724/1724 1723/1723/1723 1722/1722/1722
f 1725/1725/1725 1724/1724/1724 1722/1722/1722
f 1728/1728/1728 1727/1727/1727 1726/1726/1726
f 1731/1731/1731 1730/1730/1730 1729/1729/1729
f 1727/1727/1727 1732/1732/1732 1726/1726/1726
f 1733/1733/1733 1731/1731/1731 1729/1729/1729
f 1734/1734/1734 1732/1732/1732 1727/1727/1727
f 1735/1735/1735 1732/1732/1732 1734/1734/1734
f 1736/1736/1736 1733/1733/1733 1729/1729/1729
f 1739/1739/1739 1738/1738/1738 1737/1737/1737
f 1740/1740/1740 1739/1739/1739 1737/1737/1737
f 1733/1733/1733 1741/1741/1741 1731/1731/1731
f 1744/1744/1744 1743/1743/1743 1742/1742/1742
f 1747/1747/1747 1746/1746/1746 1745/1745/1745
f 1750/1750/1750 1749/1749/1749 1748/1748/1748
f 1753/1753/1753 1752/1752/1752 1751/1751/1751
f 1754/1754/1754 1753/1753/1753 1751/1751/1751
f 1757/1757/1757 1756/1756/1756 1755/1755/1755
f 1758/1758/1758 1749/1749/1749 1750/1750/1750
f 1761/1761/1761 1760/1760/1760 1759/1759/1759
f 1764/1764/1764 1763/1763/1763 1762/1762/1762
f 1767/1767/1767 1766/1766/1766 1765/1765/1765
f 1770/1770/1770 1769/1769/1769 1768/1768/1768
f 1763/1763/1763 1771/1771/1771 1762/1762/1762
f 1772/1772/1772 1766/1766/1766 1767/1767/1767
f 1775/1775/1775 1774/1774/1774 1773/1773/1773
f 1778/1778/1778 1777/1777/1777 1776/1776/1776
f 1781/1781/1781 1780/1780/1780 1779/1779/1779
f 1784/1784/1784 1783/1783/1783 1782/1782/1782
f 1780/1780/1780 1785/1785/1785 1779/1779/1779
f 1786/1786/1786 1777/1777/1777 1778/1778/1778
f 1789/1789/1789 1788/1788/1788 1787/1787/1787
f 1790/1790/1790 1789/1789/1789 1787/1787/1787
f 1793/1793/1793 1792/1792/1792 1791/1791/1791
f 1796/1796/1796 1795/1795/1795 1794/1794/1794
f 1792/1792/1792 1797/1797/1797 1791/1791/1791
f 1798/1798/1798 1796/1796/1796 1794/1794/1794
f 1799/1799/1799 1797/1797/1797 1792/1792/1792
f 1800/1800/1800 1798/1798/1798 1794/1794/1794
f 1803/1803/1803 1802/1802/1802 1801/1801/1801
f 1804/1804/1804 1803/1803/1803 1801/1801/1801
f 1798/1798/1798 1805/1805/1805 1796/1796/1796
f 1808/1808/1808 1807/1807/1807 1806/1806/1806
f 1811/1811/1811 1810/1810/1810 1809/1809/1809
f 1814/1814/1814 1813/1813/1813 1812/1812/1812
f 1817/1817/1817 1816/1816/1816 1815/1815/1815
f 1818/1818/1818 1817/1817/1817 1815/1815/1815
f 1821/1821/1821 1820/1820/1820 1819/1819/1819
f 1822/1822/1822 1813/1813/1813 1814/1814/1814
f 1825/1825/1825 1824/1824/1824 1823/1823/1823
f 1828/1828/1828 1827/1827/1827 1826/1826/1826
f 1831/1831/1831 1830/1830/1830 1829/1829/1829
f 1832/1832/1832 1831/1831/1831 1829/1829/1829
f 1835/1835/1835 1834/1834/1834 1833/1833/1833
f 1828/1828/1828 1836/1836/1836 1827/1827/1827
f 1839/1839/1839 1838/1838/1838 1837/1837/1837
f 1842/1842/1842 1841/1841/1841 1840/1840/1840
f 1845/1845/1845 1844/1844/1844 1843/1843/1843
f 1846/1846/1846 1845/1845/1845 1843/1843/1843
f 1849/1849/1849 1848/1848/1848 1847/1847/1847
f 1842/1842/1842 1850/1850/1850 1841/1841/1841
f 1853/1853/1853 1852/1852/1852 1851/1851/1851
f 1854/1854/1854 1853/1853/1853 1851/1851/1851
f 1857/1857/1857 1856/1856/1856 1855/1855/1855
f 1860/1860/1860 1859/1859/1859 1858/1858/1858
f 1856/1856/1856 1861/1861/1861 1855/1855/1855
f 1862/1862/1862 1860/1860/1860 1858/1858/1858
f 1863/1863/1863 1861/1861/1861 1856/1856/1856
f 1864/1864/1864 1862/1862/1862 1858/1858/1858
f 1867/1867/1867 1866/1866/1866 1865/1865/1865
f 1862/1862/1862 1868/1868/1868 1860/1860/1860
f 1869/1869/1869 1867/1867/1867 1865/1865/1865
f 1872/1872/1872 1871/1871/1871 1870/1870/1870
f 1875/1875/1875 1874/1874/1874 1873/1873/1873
f 1878/1878/1878 1877/1877/1877 1876/1876/1876
f 1881/1881/1881 1880/1880/1880 1879/1879/1879
f 1882/1882/1882 1881/1881/1881 1879/1879/1879
f 1885/1885/1885 1884/1884/1884 1883/1883/1883
f 1886/1886/1886 1877/1877/1877 1878/1878/1878
f 1889/1889/1889 1888/1888/1888 1887/1887/1887
f 1892/1892/1892 1891/1891/1891 1890/1890/1890
f 1895/1895/1895 1894/1894/1894 1893/1893/1893
f 1898/1898/1898 1897/1897/1897 1896/1896/1896
f 1888/1888/1888 1899/1899/1899 1887/1887/1887
f 1895/1895/1895 1900/1900/1900 1894/1894/1894
f 1903/1903/1903 1902/1902/1902 1901/1901/1901
f 1906/1906/1906 1905/1905/1905 1904/1904/1904
f 1909/1909/1909 1908/1908/1908 1907/1907/1907
f 1912/1912/1912 1911/1911/1911 1910/1910/1910
f 1908/1908/1908 1913/1913/1913 1907/1907/1907
f 1906/1906/1906 1914/1914/1914 1905/1905/1905
f 1917/1917/1917 1916/1916/1916 1915/1915/1915
f 1918/1918/1918 1917/1917/1917 1915/1915/1915
f 1921/1921/1921 1920/1920/1920 1919/1919/1919
f 1924/1924/1924 1923/1923/1923 1922/1922/1922
f 1920/1920/1920 1925/1925/1925 1919/1919/1919
f 1926/1926/1926 1924/1924/1924 1922/1922/1922
f 1927/1927/1927 1925/1925/1925 1920/1920/1920
f 1928/1928/1928 1926/1926/1926 1922/1922/1922
f 1931/1931/1931 1930/1930/1930 1929/1929/1929
f 1932/1932/1932 1931/1931/1931 1929/1929/1929
f 1926/1926/1926 1933/1933/1933 1924/1924/1924
f 1936/1936/1936 1935/1935/1935 1934/1934/1934
f 1939/1939/1939 1938/1938/1938 1937/1937/1937
f 1942/1942/1942 1941/1941/1941 1940/1940/1940
f 1945/1945/1945 1944/1944/1944 1943/1943/1943
f 1948/1948/1948 1947/1947/1947 1946/1946/1946
f 1949/1949/1949 1941/1941/1941 1942/1942/1942
f 1950/1950/1950 1945/1945/1945 1943/1943/1943
f 1953/1953/1953 1952/1952/1952 1951/1951/1951
f 1956/1956/1956 1955/1955/1955 1954/1954/1954
f 1959/1959/1959 1958/1958/1958 1957/1957/1957
f 1960/1960/1960 1959/1959/1959 1957/1957/1957
f 1963/1963/1963 1962/1962/1962 1961/1961/1961
f 1964/1964/1964 1955/1955/1955 1956/1956/1956
f 1967/1967/1967 1966/1966/1966 1965/1965/1965
f 1970/1970/1970 1969/1969/1969 1968/1968/1968
f 1973/1973/1973 1972/1972/1972 1971/1971/1971
f 1974/1974/1974 1973/1973/1973 1971/1971/1971
f 1977/1977/1977 1976/1976/1976 1975/1975/1975
f 1978/1978/1978 1969/1969/1969 1970/1970/1970
f 1981/1981/1981 1980/1980/1980 1979/1979/1979
f 1982/1982/1982 1981/1981/1981 1979/1979/1979
f 1985/1985/1985 1984/1984/1984 1983/1983/1983
f 1988/1988/1988 1987/1987/1987 1986/1986/1986
f 1984/1984/1984 1989/1989/1989 1983/1983/1983
f 1990/1990/1990 1988/1988/1988 1986/1986/1986
f 1991/1991/1991 1989/1989/1989 1984/1984/1984
f 1992/1992/1992 1990/1990/1990 1986/1986/1986
f 1995/1995/1995 1994/1994/1994 1993/1993/1993
f 1996/1996/1996 1995/1995/1995 1993/1993/1993
f 1990/1990/1990 1997/1997/1997 1988/1988/1988
f 2000/2000/2000 1999/1999/1999 1998/1998/1998
f 2003/2003/2003 2002/2002/2002 2001/2001/2001
f 2006/2006/2006 2005/2005/2005 2004/2004/2004
f 2009/2009/2009 2008/2008/2008 2007/2007/2007
f 2010/2010/2010 2009/2009/2009 2007/2007/2007
f 2013/2013/2013 2012/2012/2012 2011/2011/2011
f 2014/2014/2014 2002/2002/2002 2003/2003/2003
f 2017/2017/2017 2016/2016/2016 2015/2015/2015
f 2020/2020/2020 2019/2019/2019 2018/2018/2018
f 2023/2023/2023 2022/2022/2022 2021/2021/2021
f 2016/2016/2016 2024/2024/2024 2015/2015/2015
f 2023/2023/2023 2025/2025/2025 2022/2022/2022
f 2028/2028/2028 2027/2027/2027 2026/2026/2026
f 2031/2031/2031 2030/2030/2030 2029/2029/2029
f 2034/2034/2034 2033/2033/2033 2032/2032/2032
f 2037/2037/2037 2036/2036/2036 2035/2035/2035
f 2036/2036/2036 2038/2038/2038 2035/2035/2035
f 2034/2034/2034 2039/2039/2039 2033/2033/2033
f 2042/2042/2042 2041/2041/2041 2040/2040/2040
f 2045/2045/2045 2044/2044/2044 2043/2043/2043
f 2046/2046/2046 2045/2045/2045 2043/2043/2043
f 2049/2049/2049 2048/2048/2048 2047/2047/2047
f 2052/2052/2052 2051/2051/2051 2050/2050/2050
f 2048/2048/2048 2053/2053/2053 2047/2047/2047
f 2054/2054/2054 2052/2052/2052 2050/2050/2050
f 2055/2055/2055 2053/2053/2053 2048/2048/2048
f 2056/2056/2056 2054/2054/2054 2050/2050/2050
f 2059/2059/2059 2058/2058/2058 2057/2057/2057
f 2054/2054/2054 2060/2060/2060 2052/2052/2052
f 2061/2061/2061 2059/2059/2059 2057/2057/2057
f 2064/2064/2064 2063/2063/2063 2062/2062/2062
f 2067/2067/2067 2066/2066/2066 2065/2065/2065
f 2070/2070/2070 2069/2069/2069 2068/2068/2068
f 2073/2073/2073 2072/2072/2072 2071/2071/2071
f 2074/2074/2074 2073/2073/2073 2071/2071/2071
f 2077/2077/2077 2076/2076/2076 2075/2075/2075
f 2078/2078/2078 2069/2069/2069 2070/2070/2070
f 2081/2081/2081 2080/2080/2080 2079/2079/2079
f 2084/2084/2084 2083/2083/2083 2082/2082/2082
f 2087/2087/2087 2086/2086/2086 2085/2085/2085
f 2090/2090/2090 2089/2089/2089 2088/2088/2088
f 2083/2083/2083 2091/2091/2091 2082/2082/2082
f 2087/2087/2087 2092/2092/2092 2086/2086/2086
f 2095/2095/2095 2094/2094/2094 2093/2093/2093
f 2098/2098/2098 2097/2097/2097 2096/2096/2096
f 2101/2101/2101 2100/2100/2100 2099/2099/2099
f 2104/2104/2104 2103/2103/2103 2102/2102/2102
f 2100/2100/2100 2105/2105/2105 2099/2099/2099
f 2098/2098/2098 2106/2106/2106 2097/2097/2097
f 2109/2109/2109 2108/2108/2108 2107/2107/2107
f 2110/2110/2110 2109/2109/2109 2107/2107/2107
f 2113/2113/2113 2112/2112/2112 2111/2111/2111
f 2116/2116/2116 2115/2115/2115 2114/2114/2114
f 2112/2112/2112 2117/2117/2117 2111/2111/2111
f 2118/2118/2118 2116/2116/2116 2114/2114/2114
f 2119/2119/2119 2117/2117/2117 2112/2112/2112
f 2120/2120/2120 2118/2118/2118 2114/2114/2114
f 2123/2123/2123 2122/2122/2122 2121/2121/2121
f 2124/2124/2124 2123/2123/2123 2121/2121/2121
f 2118/2118/2118 2125/2125/2125 2116/2116/2116
f 2128/2128/2128 2127/2127/2127 2126/2126/2126
f 2131/2131/2131 2130/2130/2130 2129/2129/2129
f 2134/2134/2134 2133/2133/2133 2132/2132/2132
f 2137/2137/2137 2136/2136/2136 2135/2135/2135
f 2138/2138/2138 2137/2137/2137 2135/2135/2135
f 2141/2141/2141 2140/2140/2140 2139/2139/2139
f 2142/2142/2142 2133/2133/2133 2134/2134/2134
f 2145/2145/2145 2144/2144/2144 2143/2143/2143
f 2148/2148/2148 2147/2147/2147 2146/2146/2146
f 2151/2151/2151 2150/2150/2150 2149/2149/2149
f 2144/2144/2144 2152/2152/2152 2143/2143/2143
f 2153/2153/2153 2150/2150/2150 2151/2151/2151
f 2156/2156/2156 2155/2155/2155 2154/2154/2154
f 2159/2159/2159 2158/2158/2158 2157/2157/2157
f 2162/2162/2162 2161/2161/2161 2160/2160/2160
f 2165/2165/2165 2164/2164/2164 2163/2163/2163
f 2164/2164/2164 2166/2166/2166 2163/2163/2163
f 2167/2167/2167 2161/2161/2161 2162/2162/2162
f 2170/2170/2170 2169/2169/2169 2168/2168/2168
f 2173/2173/2173 2172/2172/2172 2171/2171/2171
f 2174/2174/2174 2173/2173/2173 2171/2171/2171
f 2177/2177/2177 2176/2176/2176 2175/2175/2175
f 2180/2180/2180 2179/2179/2179 2178/2178/2178
f 2176/2176/2176 2181/2181/2181 2175/2175/2175
f 2182/2182/2182 2180/2180/2180 2178/2178/2178
f 2183/2183/2183 2181/2181/2181 2176/2176/2176
f 2184/2184/2184 2182/2182/2182 2178/2178/2178
f 2187/2187/2187 2186/2186/2186 2185/2185/2185
f 2188/2188/2188 2187/2187/2187 2185/2185/2185
f 2182/2182/2182 2189/2189/2189 2180/2180/2180
f 2192/2192/2192 2191/2191/2191 2190/2190/2190
f 2195/2195/2195 2194/2194/2194 2193/2193/2193
f 2198/2198/2198 2197/2197/2197 2196/2196/2196
f 2201/2201/2201 2200/2200/2200 2199/2199/2199
f 2202/2202/2202 2201/2201/2201 2199/2199/2199
f 2205/2205/2205 2204/2204/2204 2203/2203/2203
f 2206/2206/2206 2197/2197/2197 2198/2198/2198
f 2209/2209/2209 2208/2208/2208 2207/2207/2207
f 2212/2212/2212 2211/2211/2211 2210/2210/2210
f 2215/2215/2215 2214/2214/2214 2213/2213/2213
f 2218/2218/2218 2217/2217/2217 2216/2216/2216
f 2208/2208/2208 2219/2219/2219 2207/2207/2207
f 2215/2215/2215 2220/2220/2220 2214/2214/2214
f 2223/2223/2223 2222/2222/2222 2221/2221/2221
f 2226/2226/2226 2225/2225/2225 2224/2224/2224
f 2229/2229/2229 2228/2228/2228 2227/2227/2227
f 2232/2232/2232 2231/2231/2231 2230/2230/2230
f 2228/2228/2228 2233/2233/2233 2227/2227/2227
f 2226/2226/2226 2234/2234/2234 2225/2225/2225
f 2237/2237/2237 2236/2236/2236 2235/2235/2235
f 2238/2238/2238 2237/2237/2237 2235/2235/2235
f 2241/2241/2241 2240/2240/2240 2239/2239/2239
f 2244/2244/2244 2243/2243/2243 2242/2242/2242
f 2240/2240/2240 2245/2245/2245 2239/2239/2239
f 2246/2246/2246 2244/2244/2244 2242/2242/2242
f 2247/2247/2247 2246/2246/2246 2242/2242/2242
f 2248/2248/2248 2245/2245/2245 2240/2240/2240
f 2251/2251/2251 2250/2250/2250 2249/2249/2249
f 2246/2246/2246 2252/2252/2252 2244/2244/2244
f 2255/2255/2255 2254/2254/2254 2253/2253/2253
f 2256/2256/2256 2251/2251/2251 2249/2249/2249
f 2259/2259/2259 2258/2258/2258 2257/2257/2257
f 2262/2262/2262 2261/2261/2261 2260/2260/2260
f 2265/2265/2265 2264/2264/2264 2263/2263/2263
f 2266/2266/2266 2265/2265/2265 2263/2263/2263
f 2269/2269/2269 2268/2268/2268 2267/2267/2267
f 2270/2270/2270 2261/2261/2261 2262/2262/2262
f 2273/2273/2273 2272/2272/2272 2271/2271/2271
f 2276/2276/2276 2275/2275/2275 2274/2274/2274
f 2279/2279/2279 2278/2278/2278 2277/2277/2277
f 2278/2278/2278 2280/2280/2280 2277/2277/2277
f 2276/2276/2276 2281/2281/2281 2275/2275/2275
f 2284/2284/2284 2283/2283/2283 2282/2282/2282
f 2287/2287/2287 2286/2286/2286 2285/2285/2285
f 2290/2290/2290 2289/2289/2289 2288/2288/2288
f 2293/2293/2293 2292/2292/2292 2291/2291/2291
f 2292/2292/2292 2294/2294/2294 2291/2291/2291
f 2290/2290/2290 2295/2295/2295 2289/2289/2289
f 2298/2298/2298 2297/2297/2297 2296/2296/2296
f 2301/2301/2301 2300/2300/2300 2299/2299/2299
f 2302/2302/2302 2301/2301/2301 2299/2299/2299
f 2305/2305/2305 2304/2304/2304 2303/2303/2303
f 2308/2308/2308 2307/2307/2307 2306/2306/2306
f 2304/2304/2304 2309/2309/2309 2303/2303/2303
f 2310/2310/2310 2308/2308/2308 2306/2306/2306
f 2311/2311/2311 2309/2309/2309 2304/2304/2304
f 2314/2314/2314 2313/2313/2313 2312/2312/2312
f 2315/2315/2315 2310/2310/2310 2306/2306/2306
f 2313/2313/2313 2316/2316/2316 2312/2312/2312
f 2310/2310/2310 2317/2317/2317 2308/2308/2308
f 2320/2320/2320 2319/2319/2319 2318/2318/2318
f 2323/2323/2323 2322/2322/2322 2321/2321/2321
f 2326/2326/2326 2325/2325/2325 2324/2324/2324
f 2329/2329/2329 2328/2328/2328 2327/2327/2327
f 2330/2330/2330 2326/2326/2326 2324/2324/2324
f 2331/2331/2331 2328/2328/2328 2329/2329/2329
f 2334/2334/2334 2333/2333/2333 2332/2332/2332
f 2337/2337/2337 2336/2336/2336 2335/2335/2335
f 2340/2340/2340 2339/2339/2339 2338/2338/2338
f 2343/2343/2343 2342/2342/2342 2341/2341/2341
f 2346/2346/2346 2345/2345/2345 2344/2344/2344
f 2342/2342/2342 2347/2347/2347 2341/2341/2341
f 2348/2348/2348 2339/2339/2339 2340/2340/2340
f 2351/2351/2351 2350/2350/2350 2349/2349/2349
f 2354/2354/2354 2353/2353/2353 2352/2352/2352
f 2357/2357/2357 2356/2356/2356 2355/2355/2355
f 2360/2360/2360 2359/2359/2359 2358/2358/2358
f 2356/2356/2356 2361/2361/2361 2355/2355/2355
f 2362/2362/2362 2353/2353/2353 2354/2354/2354
f 2365/2365/2365 2364/2364/2364 2363/2363/2363
f 2366/2366/2366 2365/2365/2365 2363/2363/2363
f 2369/2369/2369 2368/2368/2368 2367/2367/2367
f 2372/2372/2372 2371/2371/2371 2370/2370/2370
f 2368/2368/2368 2373/2373/2373 2367/2367/2367
f 2374/2374/2374 2372/2372/2372 2370/2370/2370
f 2375/2375/2375 2373/2373/2373 2368/2368/2368
f 2378/2378/2378 2377/2377/2377 2376/2376/2376
f 2379/2379/2379 2374/2374/2374 2370/2370/2370
f 2377/2377/2377 2380/2380/2380 2376/2376/2376
f 2374/2374/2374 2381/2381/2381 2372/2372/2372
f 2384/2384/2384 2383/2383/2383 2382/2382/2382
f 2387/2387/2387 2386/2386/2386 2385/2385/2385
f 2390/2390/2390 2389/2389/2389 2388/2388/2388
f 2393/2393/2393 2392/2392/2392 2391/2391/2391
f 2392/2392/2392 2394/2394/2394 2391/2391/2391
f 2390/2390/2390 2395/2395/2395 2389/2389/2389
f 2398/2398/2398 2397/2397/2397 2396/2396/2396
f 2401/2401/2401 2400/2400/2400 2399/2399/2399
f 2404/2404/2404 2403/2403/2403 2402/2402/2402
f 2407/2407/2407 2406/2406/2406 2405/2405/2405
f 2408/2408/2408 2407/2407/2407 2405/2405/2405
f 2411/2411/2411 2410/2410/2410 2409/2409/2409
f 2404/2404/2404 2412/2412/2412 2403/2403/2403
f 2415/2415/2415 2414/2414/2414 2413/2413/2413
f 2418/2418/2418 2417/2417/2417 2416/2416/2416
f 2421/2421/2421 2420/2420/2420 2419/2419/2419
f 2422/2422/2422 2421/2421/2421 2419/2419/2419
f 2425/2425/2425 2424/2424/2424 2423/2423/2423
f 2418/2418/2418 2426/2426/2426 2417/2417/2417
f 2429/2429/2429 2428/2428/2428 2427/2427/2427
f 2430/2430/2430 2429/2429/2429 2427/2427/2427
f 2433/2433/2433 2432/2432/2432 2431/2431/2431
f 2436/2436/2436 2435/2435/2435 2434/2434/2434
f 2432/2432/2432 2437/2437/2437 2431/2431/2431
f 2438/2438/2438 2436/2436/2436 2434/2434/2434
f 2439/2439/2439 2437/2437/2437 2432/2432/2432
f 2442/2442/2442 2441/2441/2441 2440/2440/2440
f 2443/2443/2443 2438/2438/2438 2434/2434/2434
f 2441/2441/2441 2444/2444/2444 2440/2440/2440
f 2438/2438/2438 2445/2445/2445 2436/2436/2436
f 2448/2448/2448 2447/2447/2447 2446/2446/2446
f 2451/2451/2451 2450/2450/2450 2449/2449/2449
f 2454/2454/2454 2453/2453/2453 2452/2452/2452
f 2457/2457/2457 2456/2456/2456 2455/2455/2455
f 2456/2456/2456 2458/2458/2458 2455/2455/2455
f 2454/2454/2454 2459/2459/2459 2453/2453/2453
f 2462/2462/2462 2461/2461/2461 2460/2460/2460
f 2465/2465/2465 2464/2464/2464 2463/2463/2463
f 2468/2468/2468 2467/2467/2467 2466/2466/2466
f 2471/2471/2471 2470/2470/2470 2469/2469/2469
f 2474/2474/2474 2473/2473/2473 2472/2472/2472
f 2470/2470/2470 2475/2475/2475 2469/2469/2469
f 2468/2468/2468 2476/2476/2476 2467/2467/2467
f 2479/2479/2479 2478/2478/2478 2477/2477/2477
f 2482/2482/2482 2481/2481/2481 2480/2480/2480
f 2485/2485/2485 2484/2484/2484 2483/2483/2483
f 2488/2488/2488 2487/2487/2487 2486/2486/2486
f 2484/2484/2484 2489/2489/2489 2483/2483/2483
f 2482/2482/2482 2490/2490/2490 2481/2481/2481
f 2493/2493/2493 2492/2492/2492 2491/2491/2491
f 2494/2494/2494 2493/2493/2493 2491/2491/2491
f 2497/2497/2497 2496/2496/2496 2495/2495/2495
f 2500/2500/2500 2499/2499/2499 2498/2498/2498
f 2496/2496/2496 2501/2501/2501 2495/2495/2495
f 2502/2502/2502 2500/2500/2500 2498/2498/2498
f 2503/2503/2503 2501/2501/2501 2496/2496/2496
f 2506/2506/2506 2505/2505/2505 2504/2504/2504
f 2507/2507/2507 2502/2502/2502 2498/2498/2498
f 2505/2505/2505 2508/2508/2508 2504/2504/2504
f 2502/2502/2502 2509/2509/2509 2500/2500/2500
f 2512/2512/2512 2511/2511/2511 2510/2510/2510
f 2515/2515/2515 2514/2514/2514 2513/2513/2513
f 2518/2518/2518 2517/2517/2517 2516/2516/2516
f 2521/2521/2521 2520/2520/2520 2519/2519/2519
f 2518/2518/2518 2522/2522/2522 2517/2517/2517
f 2523/2523/2523 2521/2521/2521 2519/2519/2519
f 2526/2526/2526 2525/2525/2525 2524/2524/2524
f 2529/2529/2529 2528/2528/2528 2527/2527/2527
f 2532/2532/2532 2531/2531/2531 2530/2530/2530
f 2535/2535/2535 2534/2534/2534 2533/2533/2533
f 2536/2536/2536 2535/2535/2535 2533/2533/2533
f 2539/2539/2539 2538/2538/2538 2537/2537/2537
f 2540/2540/2540 2531/2531/2531 2532/2532/2532
f 2543/2543/2543 2542/2542/2542 2541/2541/2541
f 2546/2546/2546 2545/2545/2545 2544/2544/2544
f 2549/2549/2549 2548/2548/2548 2547/2547/2547
f 2550/2550/2550 2549/2549/2549 2547/2547/2547
f 2553/2553/2553 2552/2552/2552 2551/2551/2551
f 2554/2554/2554 2545/2545/2545 2546/2546/2546
f 2557/2557/2557 2556/2556/2556 2555/2555/2555
f 2558/2558/2558 2557/2557/2557 2555/2555/2555
f 2561/2561/2561 2560/2560/2560 2559/2559/2559
f 2564/2564/2564 2563/2563/2563 2562/2562/2562
f 2560/2560/2560 2565/2565/2565 2559/2559/2559
f 2566/2566/2566 2564/2564/2564 2562/2562/2562
f 2567/2567/2567 2565/2565/2565 2560/2560/2560
f 2570/2570/2570 2569/2569/2569 2568/2568/2568
f 2571/2571/2571 2566/2566/2566 2562/2562/2562
f 2569/2569/2569 2572/2572/2572 2568/2568/2568
f 2566/2566/2566 2573/2573/2573 2564/2564/2564
f 2576/2576/2576 2575/2575/2575 2574/2574/2574
f 2579/2579/2579 2578/2578/2578 2577/2577/2577
f 2582/2582/2582 2581/2581/2581 2580/2580/2580
f 2585/2585/2585 2584/2584/2584 2583/2583/2583
f 2584/2584/2584 2586/2586/2586 2583/2583/2583
f 2579/2579/2579 2587/2587/2587 2578/2578/2578
f 2590/2590/2590 2589/2589/2589 2588/2588/2588
f 2593/2593/2593 2592/2592/2592 2591/2591/2591
f 2596/2596/2596 2595/2595/2595 2594/2594/2594
f 2599/2599/2599 2598/2598/2598 2597/2597/2597
f 2598/2598/2598 2600/2600/2600 2597/2597/2597
f 2596/2596/2596 2601/2601/2601 2595/2595/2595
f 2604/2604/2604 2603/2603/2603 2602/2602/2602
f 2607/2607/2607 2606/2606/2606 2605/2605/2605
f 2610/2610/2610 2609/2609/2609 2608/2608/2608
f 2613/2613/2613 2612/2612/2612 2611/2611/2611
f 2612/2612/2612 2614/2614/2614 2611/2611/2611
f 2610/2610/2610 2615/2615/2615 2609/2609/2609
f 2618/2618/2618 2617/2617/2617 2616/2616/2616
f 2621/2621/2621 2620/2620/2620 2619/2619/2619
f 2622/2622/2622 2621/2621/2621 2619/2619/2619
f 2625/2625/2625 2624/2624/2624 2623/2623/2623
f 2628/2628/2628 2627/2627/2627 2626/2626/2626
f 2624/2624/2624 2629/2629/2629 2623/2623/2623
f 2630/2630/2630 2628/2628/2628 2626/2626/2626
f 2631/2631/2631 2629/2629/2629 2624/2624/2624
f 2634/2634/2634 2633/2633/2633 2632/2632/2632
f 2635/2635/2635 2630/2630/2630 2626/2626/2626
f 2633/2633/2633 2636/2636/2636 2632/2632/2632
f 2630/2630/2630 2637/2637/2637 2628/2628/2628
f 2640/2640/2640 2639/2639/2639 2638/2638/2638
f 2643/2643/2643 2642/2642/2642 2641/2641/2641
f 2646/2646/2646 2645/2645/2645 2644/2644/2644
f 2649/2649/2649 2648/2648/2648 2647/2647/2647
f 2648/2648/2648 2650/2650/2650 2647/2647/2647
f 2646/2646/2646 2651/2651/2651 2645/2645/2645
f 2654/2654/2654 2653/2653/2653 2652/2652/2652
f 2657/2657/2657 2656/2656/2656 2655/2655/2655
f 2660/2660/2660 2659/2659/2659 2658/2658/2658
f 2663/2663/2663 2662/2662/2662 2661/2661/2661
f 2666/2666/2666 2665/2665/2665 2664/2664/2664
f 2662/2662/2662 2667/2667/2667 2661/2661/2661
f 2660/2660/2660 2668/2668/2668 2659/2659/2659
f 2671/2671/2671 2670/2670/2670 2669/2669/2669
f 2674/2674/2674 2673/2673/2673 2672/2672/2672
f 2677/2677/2677 2676/2676/2676 2675/2675/2675
f 2680/2680/2680 2679/2679/2679 2678/2678/2678
f 2676/2676/2676 2681/2681/2681 2675/2675/2675
f 2674/2674/2674 2682/2682/2682 2673/2673/2673
f 2685/2685/2685 2684/2684/2684 2683/2683/2683
f 2686/2686/2686 2685/2685/2685 2683/2683/2683
f 2689/2689/2689 2688/2688/2688 2687/2687/2687
f 2692/2692/2692 2691/2691/2691 2690/2690/2690
f 2688/2688/2688 2693/2693/2693 2687/2687/2687
f 2694/2694/2694 2692/2692/2692 2690/2690/2690
f 2695/2695/2695 2693/2693/2693 2688/2688/2688
f 2698/2698/2698 2697/2697/2697 2696/2696/2696
f 2699/2699/2699 2694/2694/2694 2690/2690/2690
f 2697/2697/2697 2700/2700/2700 2696/2696/2696
f 2694/2694/2694 2701/2701/2701 2692/2692/2692
f 2704/2704/2704 2703/2703/2703 2702/2702/2702
f 2707/2707/2707 2706/2706/2706 2705/2705/2705
f 2710/2710/2710 2709/2709/2709 2708/2708/2708
f 2713/2713/2713 2712/2712/2712 2711/2711/2711
f 2712/2712/2712 2714/2714/2714 2711/2711/2711
f 2710/2710/2710 2715/2715/2715 2709/2709/2709
f 2718/2718/2718 2717/2717/2717 2716/2716/2716
f 2721/2721/2721 2720/2720/2720 2719/2719/2719
f 2724/2724/2724 2723/2723/2723 2722/2722/2722
f 2727/2727/2727 2726/2726/2726 2725/2725/2725
f 2726/2726/2726 2728/2728/2728 2725/2725/2725
f 2729/2729/2729 2723/2723/2723 2724/2724/2724
f 2732/2732/2732 2731/2731/2731 2730/2730/2730
f 2735/2735/2735 2734/2734/2734 2733/2733/2733
f 2738/2738/2738 2737/2737/2737 2736/2736/2736
f 2741/2741/2741 2740/2740/2740 2739/2739/2739
f 2740/2740/2740 2742/2742/2742 2739/2739/2739
f 2743/2743/2743 2737/2737/2737 2738/2738/2738
f 2746/2746/2746 2745/2745/2745 2744/2744/2744
f 2749/2749/2749 2748/2748/2748 2747/2747/2747
f 2750/2750/2750 2749/2749/2749 2747/2747/2747
f 2753/2753/2753 2752/2752/2752 2751/2751/2751
f 2756/2756/2756 2755/2755/2755 2754/2754/2754
f 2752/2752/2752 2757/2757/2757 2751/2751/2751
f 2758/2758/2758 2756/2756/2756 2754/2754/2754
f 2759/2759/2759 2757/2757/2757 2752/2752/2752
f 2762/2762/2762 2761/2761/2761 2760/2760/2760
f 2763/2763/2763 2758/2758/2758 2754/2754/2754
f 2761/2761/2761 2764/2764/2764 2760/2760/2760
f 2758/2758/2758 2765/2765/2765 2756/2756/2756
f 2768/2768/2768 2767/2767/2767 2766/2766/2766
f 2771/2771/2771 2770/2770/2770 2769/2769/2769
f 2774/2774/2774 2773/2773/2773 2772/2772/2772
f 2777/2777/2777 2776/2776/2776 2775/2775/2775
f 2776/2776/2776 2778/2778/2778 2775/2775/2775
f 2774/2774/2774 2779/2779/2779 2773/2773/2773
f 2782/2782/2782 2781/2781/2781 2780/2780/2780
f 2785/2785/2785 2784/2784/2784 2783/2783/2783
f 2788/2788/2788 2787/2787/2787 2786/2786/2786
f 2791/2791/2791 2790/2790/2790 2789/2789/2789
f 2794/2794/2794 2793/2793/2793 2792/2792/2792
f 2790/2790/2790 2795/2795/2795 2789/2789/2789
f 2788/2788/2788 2796/2796/2796 2787/2787/2787
f 2799/2799/2799 2798/2798/2798 2797/2797/2797
f 2802/2802/2802 2801/2801/2801 2800/2800/2800
f 2805/2805/2805 2804/2804/2804 2803/2803/2803
f 2808/2808/2808 2807/2807/2807 2806/2806/2806
f 2804/2804/2804 2809/2809/2809 2803/2803/2803
f 2802/2802/2802 2810/2810/2810 2801/2801/2801
f 2813/2813/2813 2812/2812/2812 2811/2811/2811
f 2814/2814/2814 2813/2813/2813 2811/2811/2811
f 2817/2817/2817 2816/2816/2816 2815/2815/2815
f 2820/2820/2820 2819/2819/2819 2818/2818/2818
f 2816/2816/2816 2821/2821/2821 2815/2815/2815
f 2822/2822/2822 2820/2820/2820 2818/2818/2818
f 2823/2823/2823 2822/2822/2822 2818/2818/2818
f 2824/2824/2824 2821/2821/2821 2816/2816/2816
f 2827/2827/2827 2826/2826/2826 2825/2825/2825
f 2826/2826/2826 2828/2828/2828 2825/2825/2825
f 2822/2822/2822 2829/2829/2829 2820/2820/2820
f 2832/2832/2832 2831/2831/2831 2830/2830/2830
f 2835/2835/2835 2834/2834/2834 2833/2833/2833
f 2838/2838/2838 2837/2837/2837 2836/2836/2836
f 2841/2841/2841 2840/2840/2840 2839/2839/2839
f 2840/2840/2840 2842/2842/2842 2839/2839/2839
f 2838/2838/2838 2843/2843/2843 2837/2837/2837
f 2846/2846/2846 2845/2845/2845 2844/2844/2844
f 2849/2849/2849 2848/2848/2848 2847/2847/2847
f 2852/2852/2852 2851/2851/2851 2850/2850/2850
f 2855/2855/2855 2854/2854/2854 2853/2853/2853
f 2854/2854/2854 2856/2856/2856 2853/2853/2853
f 2852/2852/2852 2857/2857/2857 2851/2851/2851
f 2860/2860/2860 2859/2859/2859 2858/2858/2858
f 2863/2863/2863 2862/2862/2862 2861/2861/2861
f 2866/2866/2866 2865/2865/2865 2864/2864/2864
f 2869/2869/2869 2868/2868/2868 2867/2867/2867
f 2865/2865/2865 2870/2870/2870 2864/2864/2864
f 2869/2869/2869 2871/2871/2871 2868/2868/2868
f 2874/2874/2874 2873/2873/2873 2872/2872/2872
f 2877/2877/2877 2876/2876/2876 2875/2875/2875
f 2880/2880/2880 2879/2879/2879 2878/2878/2878
f 2881/2881/2881 2880/2880/2880 2878/2878/2878
f 2884/2884/2884 2883/2883/2883 2882/2882/2882
f 2876/2876/2876 2885/2885/2885 2875/2875/2875
f 2886/2886/2886 2884/2884/2884 2882/2882/2882
f 2887/2887/2887 2885/2885/2885 2876/2876/2876
f 2886/2886/2886 2888/2888/2888 2884/2884/2884
f 2891/2891/2891 2890/2890/2890 2889/2889/2889
f 2892/2892/2892 2886/2886/2886 2882/2882/2882
f 2890/2890/2890 2893/2893/2893 2889/2889/2889
f 2896/2896/2896 2895/2895/2895 2894/2894/2894
f 2899/2899/2899 2898/2898/2898 2897/2897/2897
f 2902/2902/2902 2901/2901/2901 2900/2900/2900
f 2905/2905/2905 2904/2904/2904 2903/2903/2903
f 2904/2904/2904 2906/2906/2906 2903/2903/2903
f 2902/2902/2902 2907/2907/2907 2901/2901/2901
f 2910/2910/2910 2909/2909/2909 2908/2908/2908
f 2913/2913/2913 2912/2912/2912 2911/2911/2911
f 2916/2916/2916 2915/2915/2915 2914/2914/2914
f 2919/2919/2919 2918/2918/2918 2917/2917/2917
f 2922/2922/2922 2921/2921/2921 2920/2920/2920
f 2918/2918/2918 2923/2923/2923 2917/2917/2917
f 2924/2924/2924 2915/2915/2915 2916/2916/2916
f 2927/2927/2927 2926/2926/2926 2925/2925/2925
f 2930/2930/2930 2929/2929/2929 2928/2928/2928
f 2933/2933/2933 2932/2932/2932 2931/2931/2931
f 2936/2936/2936 2935/2935/2935 2934/2934/2934
f 2932/2932/2932 2937/2937/2937 2931/2931/2931
f 2938/2938/2938 2929/2929/2929 2930/2930/2930
f 2941/2941/2941 2940/2940/2940 2939/2939/2939
f 2944/2944/2944 2943/2943/2943 2942/2942/2942
f 2945/2945/2945 2944/2944/2944 2942/2942/2942
f 2948/2948/2948 2947/2947/2947 2946/2946/2946
f 2940/2940/2940 2949/2949/2949 2939/2939/2939
f 2950/2950/2950 2948/2948/2948 2946/2946/2946
f 2951/2951/2951 2949/2949/2949 2940/2940/2940
f 2954/2954/2954 2953/2953/2953 2952/2952/2952
f 2950/2950/2950 2955/2955/2955 2948/2948/2948
f 2956/2956/2956 2950/2950/2950 2946/2946/2946
f 2953/2953/2953 2957/2957/2957 2952/2952/2952
f 2960/2960/2960 2959/2959/2959 2958/2958/2958
f 2963/2963/2963 2962/2962/2962 2961/2961/2961
f 2966/2966/2966 2965/2965/2965 2964/2964/2964
f 2969/2969/2969 2968/2968/2968 2967/2967/2967
f 2968/2968/2968 2970/2970/2970 2967/2967/2967
f 2966/2966/2966 2971/2971/2971 2965/2965/2965
f 2974/2974/2974 2973/2973/2973 2972/2972/2972
f 2977/2977/2977 2976/2976/2976 2975/2975/2975
f 2980/2980/2980 2979/2979/2979 2978/2978/2978
f 2983/2983/2983 2982/2982/2982 2981/2981/2981
f 2984/2984/2984 2980/2980/2980 2978/2978/2978
f 2982/2982/2982 2985/2985/2985 2981/2981/2981
f 2988/2988/2988 2987/2987/2987 2986/2986/2986
f 2991/2991/2991 2990/2990/2990 2989/2989/2989
f 2994/2994/2994 2993/2993/2993 2992/2992/2992
f 2997/2997/2997 2996/2996/2996 2995/2995/2995
f 2998/2998/2998 2997/2997/2997 2995/2995/2995
f 3001/3001/3001 3000/3000/3000 2999/2999/2999
f 2994/2994/2994 3002/3002/3002 2993/2993/2993
f 3005/3005/3005 3004/3004/3004 3003/3003/3003
f 3008/3008/3008 3007/3007/3007 3006/3006/3006
f 3009/3009/3009 3008/3008/3008 3006/3006/3006
f 3012/3012/3012 3011/3011/3011 3010/3010/3010
f 3004/3004/3004 3013/3013/3013 3003/3003/3003
f 3014/3014/3014 3012/3012/3012 3010/3010/3010
f 3015/3015/3015 3013/3013/3013 3004/3004/3004
f 3014/3014/3014 3016/3016/3016 3012/3012/3012
f 3019/3019/3019 3018/3018/3018 3017/3017/3017
f 3020/3020/3020 3014/3014/3014 3010/3010/3010
f 3018/3018/3018 3021/3021/3021 3017/3017/3017
f 3024/3024/3024 3023/3023/3023 3022/3022/3022
f 3027/3027/3027 3026/3026/3026 3025/3025/3025
f 3030/3030/3030 3029/3029/3029 3028/3028/3028
f 3033/3033/3033 3032/3032/3032 3031/3031/3031
f 3032/3032/3032 3034/3034/3034 3031/3031/3031
f 3030/3030/3030 3035/3035/3035 3029/3029/3029
f 3038/3038/3038 3037/3037/3037 3036/3036/3036
f 3041/3041/3041 3040/3040/3040 3039/3039/3039
f 3044/3044/3044 3043/3043/3043 3042/3042/3042
f 3047/3047/3047 3046/3046/3046 3045/3045/3045
f 3050/3050/3050 3049/3049/3049 3048/3048/3048
f 3043/3043/3043 3051/3051/3051 3042/3042/3042
f 3052/3052/3052 3047/3047/3047 3045/3045/3045
f 3055/3055/3055 3054/3054/3054 3053/3053/3053
f 3058/3058/3058 3057/3057/3057 3056/3056/3056
f 3061/3061/3061 3060/3060/3060 3059/3059/3059
f 3064/3064/3064 3063/3063/3063 3062/3062/3062
f 3060/3060/3060 3065/3065/3065 3059/3059/3059
f 3058/3058/3058 3066/3066/3066 3057/3057/3057
f 3069/3069/3069 3068/3068/3068 3067/3067/3067
f 3072/3072/3072 3071/3071/3071 3070/3070/3070
f 3073/3073/3073 3072/3072/3072 3070/3070/3070
f 3076/3076/3076 3075/3075/3075 3074/3074/3074
f 3068/3068/3068 3077/3077/3077 3067/3067/3067
f 3078/3078/3078 3076/3076/3076 3074/3074/3074
f 3079/3079/3079 3077/3077/3077 3068/3068/3068
f 3078/3078/3078 3080/3080/3080 3076/3076/3076
f 3083/3083/3083 3082/3082/3082 3081/3081/3081
f 3084/3084/3084 3078/3078/3078 3074/3074/3074
f 3082/3082/3082 3085/3085/3085 3081/3081/3081
f 3088/3088/3088 3087/3087/3087 3086/3086/3086
f 3091/3091/3091 3090/3090/3090 3089/3089/3089
f 3094/3094/3094 3093/3093/3093 3092/3092/3092
f 3097/3097/3097 3096/3096/3096 3095/3095/3095
f 3094/3094/3094 3098/3098/3098 3093/3093/3093
f 3099/3099/3099 3097/3097/3097 3095/3095/3095
f 3102/3102/3102 3101/3101/3101 3100/3100/3100
f 3105/3105/3105 3104/3104/3104 3103/3103/3103
f 3108/3108/3108 3107/3107/3107 3106/3106/3106
f 3111/3111/3111 3110/3110/3110 3109/3109/3109
f 3112/3112/3112 3108/3108/3108 3106/3106/3106
f 3110/3110/3110 3113/3113/3113 3109/3109/3109
f 3116/3116/3116 3115/3115/3115 3114/3114/3114
f 3119/3119/3119 3118/3118/3118 3117/3117/3117
f 3122/3122/3122 3121/3121/3121 3120/3120/3120
f 3125/3125/3125 3124/3124/3124 3123/3123/3123
f 3126/3126/3126 3125/3125/3125 3123/3123/3123
f 3129/3129/3129 3128/3128/3128 3127/3127/3127
f 3130/3130/3130 3121/3121/3121 3122/3122/3122
f 3133/3133/3133 3132/3132/3132 3131/3131/3131
f 3136/3136/3136 3135/3135/3135 3134/3134/3134
f 3137/3137/3137 3136/3136/3136 3134/3134/3134
f 3140/3140/3140 3139/3139/3139 3138/3138/3138
f 3132/3132/3132 3141/3141/3141 3131/3131/3131
f 3142/3142/3142 3140/3140/3140 3138/3138/3138
f 3143/3143/3143 3141/3141/3141 3132/3132/3132
f 3146/3146/3146 3145/3145/3145 3144/3144/3144
f 3142/3142/3142 3147/3147/3147 3140/3140/3140
f 3148/3148/3148 3142/3142/3142 3138/3138/3138
f 3145/3145/3145 3149/3149/3149 3144/3144/3144
f 3152/3152/3152 3151/3151/3151 3150/3150/3150
f 3155/3155/3155 3154/3154/3154 3153/3153/3153
f 3158/3158/3158 3157/3157/3157 3156/3156/3156
f 3161/3161/3161 3160/3160/3160 3159/3159/3159
f 3160/3160/3160 3162/3162/3162 3159/3159/3159
f 3158/3158/3158 3163/3163/3163 3157/3157/3157
f 3166/3166/3166 3165/3165/3165 3164/3164/3164
f 3169/3169/3169 3168/3168/3168 3167/3167/3167
f 3172/3172/3172 3171/3171/3171 3170/3170/3170
f 3175/3175/3175 3174/3174/3174 3173/3173/3173
f 3171/3171/3171 3176/3176/3176 3170/3170/3170
f 3177/3177/3177 3175/3175/3175 3173/3173/3173
f 3180/3180/3180 3179/3179/3179 3178/3178/3178
f 3183/3183/3183 3182/3182/3182 3181/3181/3181
f 3186/3186/3186 3185/3185/3185 3184/3184/3184
f 3189/3189/3189 3188/3188/3188 3187/3187/3187
f 3185/3185/3185 3190/3190/3190 3184/3184/3184
f 3189/3189/3189 3191/3191/3191 3188/3188/3188
f 3194/3194/3194 3193/3193/3193 3192/3192/3192
f 3197/3197/3197 3196/3196/3196 3195/3195/3195
f 3200/3200/3200 3199/3199/3199 3198/3198/3198
f 3201/3201/3201 3200/3200/3200 3198/3198/3198
f 3204/3204/3204 3203/3203/3203 3202/3202/3202
f 3196/3196/3196 3205/3205/3205 3195/3195/3195
f 3206/3206/3206 3204/3204/3204 3202/3202/3202
f 3207/3207/3207 3205/3205/3205 3196/3196/3196
f 3206/3206/3206 3208/3208/3208 3204/3204/3204
f 3211/3211/3211 3210/3210/3210 3209/3209/3209
f 3212/3212/3212 3206/3206/3206 3202/3202/3202
f 3210/3210/3210 3213/3213/3213 3209/3209/3209
f 3216/3216/3216 3215/3215/3215 3214/3214/3214
f 3219/3219/3219 3218/3218/3218 3217/3217/3217
f 3222/3222/3222 3221/3221/3221 3220/3220/3220
f 3225/3225/3225 3224/3224/3224 3223/3223/3223
f 3224/3224/3224 3226/3226/3226 3223/3223/3223
f 3222/3222/3222 3227/3227/3227 3221/3221/3221
f 3230/3230/3230 3229/3229/3229 3228/3228/3228
f 3233/3233/3233 3232/3232/3232 3231/3231/3231
f 3236/3236/3236 3235/3235/3235 3234/3234/3234
f 3239/3239/3239 3238/3238/3238 3237/3237/3237
f 3242/3242/3242 3241/3241/3241 3240/3240/3240
f 3238/3238/3238 3243/3243/3243 3237/3237/3237
f 3236/3236/3236 3244/3244/3244 3235/3235/3235
f 3247/3247/3247 3246/3246/3246 3245/3245/3245
f 3250/3250/3250 3249/3249/3249 3248/3248/3248
f 3253/3253/3253 3252/3252/3252 3251/3251/3251
f 3256/3256/3256 3255/3255/3255 3254/3254/3254
f 3249/3249/3249 3257/3257/3257 3248/3248/3248
f 3253/3253/3253 3258/3258/3258 3252/3252/3252
f 3261/3261/3261 3260/3260/3260 3259/3259/3259
f 3264/3264/3264 3263/3263/3263 3262/3262/3262
f 3265/3265/3265 3264/3264/3264 3262/3262/3262
f 3268/3268/3268 3267/3267/3267 3266/3266/3266
f 3260/3260/3260 3269/3269/3269 3259/3259/3259
f 3270/3270/3270 3268/3268/3268 3266/3266/3266
f 3271/3271/3271 3269/3269/3269 3260/3260/3260
f 3270/3270/3270 3272/3272/3272 3268/3268/3268
f 3275/3275/3275 3274/3274/3274 3273/3273/3273
f 3276/3276/3276 3270/3270/3270 3266/3266/3266
f 3274/3274/3274 3277/3277/3277 3273/3273/3273
f 3280/3280/3280 3279/3279/3279 3278/3278/3278
f 3283/3283/3283 3282/3282/3282 3281/3281/3281
f 3286/3286/3286 3285/3285/3285 3284/3284/3284
f 3289/3289/3289 3288/3288/3288 3287/3287/3287
f 3288/3288/3288 3290/3290/3290 3287/3287/3287
f 3286/3286/3286 3291/3291/3291 3285/3285/3285
f 3294/3294/3294 3293/3293/3293 3292/3292/3292
f 3297/3297/3297 3296/3296/3296 3295/3295/3295
f 3300/3300/3300 3299/3299/3299 3298/3298/3298
f 3303/3303/3303 3302/3302/3302 3301/3301/3301
f 3302/3302/3302 3304/3304/3304 3301/3301/3301
f 3305/3305/3305 3299/3299/3299 3300/3300/3300
f 3308/3308/3308 3307/3307/3307 3306/3306/3306
f 3311/3311/3311 3310/3310/3310 3309/3309/3309
f 3314/3314/3314 3313/3313/3313 3312/3312/3312
f 3317/3317/3317 3316/3316/3316 3315/3315/3315
f 3313/3313/3313 3318/3318/3318 3312/3312/3312
f 3319/3319/3319 3316/3316/3316 3317/3317/3317
f 3322/3322/3322 3321/3321/3321 3320/3320/3320
f 3325/3325/3325 3324/3324/3324 3323/3323/3323
f 3328/3328/3328 3327/3327/3327 3326/3326/3326
f 3329/3329/3329 3328/3328/3328 3326/3326/3326
f 3332/3332/3332 3331/3331/3331 3330/3330/3330
f 3324/3324/3324 3333/3333/3333 3323/3323/3323
f 3334/3334/3334 3332/3332/3332 3330/3330/3330
f 3335/3335/3335 3333/3333/3333 3324/3324/3324
f 3334/3334/3334 3336/3336/3336 3332/3332/3332
f 3339/3339/3339 3338/3338/3338 3337/3337/3337
f 3340/3340/3340 3334/3334/3334 3330/3330/3330
f 3338/3338/3338 3341/3341/3341 3337/3337/3337
f 3344/3344/3344 3343/3343/3343 3342/3342/3342
f 3347/3347/3347 3346/3346/3346 3345/3345/3345
f 3350/3350/3350 3349/3349/3349 3348/3348/3348
f 3353/3353/3353 3352/3352/3352 3351/3351/3351
f 3352/3352/3352 3354/3354/3354 3351/3351/3351
f 3350/3350/3350 3355/3355/3355 3349/3349/3349
f 3358/3358/3358 3357/3357/3357 3356/3356/3356
f 3361/3361/3361 3360/3360/3360 3359/3359/3359
f 3364/3364/3364 3363/3363/3363 3362/3362/3362
f 3367/3367/3367 3366/3366/3366 3365/3365/3365
f 3370/3370/3370 3369/3369/3369 3368/3368/3368
f 3366/3366/3366 3371/3371/3371 3365/3365/3365
f 3364/3364/3364 3372/3372/3372 3363/3363/3363
f 3375/3375/3375 3374/3374/3374 3373/3373/3373
f 3378/3378/3378 3377/3377/3377 3376/3376/3376
f 3381/3381/3381 3380/3380/3380 3379/3379/3379
f 3384/3384/3384 3383/3383/3383 3382/3382/3382
f 3380/3380/3380 3385/3385/3385 3379/3379/3379
f 3378/3378/3378 3386/3386/3386 3377/3377/3377
f 3389/3389/3389 3388/3388/3388 3387/3387/3387
f 3392/3392/3392 3391/3391/3391 3390/3390/3390
f 3393/3393/3393 3392/3392/3392 3390/3390/3390
f 3396/3396/3396 3395/3395/3395 3394/3394/3394
f 3388/3388/3388 3397/3397/3397 3387/3387/3387
f 3398/3398/3398 3396/3396/3396 3394/3394/3394
f 3398/3398/3398 3399/3399/3399 3396/3396/3396
f 3400/3400/3400 3398/3398/3398 3394/3394/3394
f 3401/3401/3401 3397/3397/3397 3388/3388/3388
f 3404/3404/3404 3403/3403/3403 3402/3402/3402
f 3403/3403/3403 3405/3405/3405 3402/3402/3402
f 3408/3408/3408 3407/3407/3407 3406/3406/3406
f 3411/3411/3411 3410/3410/3410 3409/3409/3409
f 3414/3414/3414 3413/3413/3413 3412/3412/3412
f 3417/3417/3417 3416/3416/3416 3415/3415/3415
f 3416/3416/3416 3418/3418/3418 3415/3415/3415
f 3414/3414/3414 3419/3419/3419 3413/3413/3413
f 3422/3422/3422 3421/3421/3421 3420/3420/3420
f 3425/3425/3425 3424/3424/3424 3423/3423/3423
f 3426/3426/3426 3425/3425/3425 3423/3423/3423
f 3424/3424/3424 3427/3427/3427 3423/3423/3423
f 3428/3428/3428 3427/3427/3427 3424/3424/3424
f 3431/3431/3431 3430/3430/3430 3429/3429/3429
f 3433/3433/3433 3432/3432/3432 3427/3427/3427
f 3430/3430/3430 3433/3433/3433 3427/3427/3427
f 3435/3435/3435 3434/3434/3434 3423/3423/3423
f 3437/3437/3437 3436/3436/3436 3425/3425/3425
f 3439/3439/3439 3438/3438/3438 3423/3423/3423
f 3438/3438/3438 3426/3426/3426 3423/3423/3423
f 3434/3434/3434 3439/3439/3439 3423/3423/3423
f 3441/3441/3441 3436/3436/3436 3440/3440/3440
f 3442/3442/3442 3435/3435/3435 3423/3423/3423
f 3426/3426/3426 3443/3443/3443 3425/3425/3425
f 3443/3443/3443 3444/3444/3444 3425/3425/3425
f 3444/3444/3444 3445/3445/3445 3425/3425/3425
f 3445/3445/3445 3437/3437/3437 3425/3425/3425
f 3446/3446/3446 3436/3436/3436 3437/3437/3437
f 3447/3447/3447 3436/3436/3436 3446/3446/3446
f 3440/3440/3440 3436/3436/3436 3447/3447/3447
f 3448/3448/3448 3441/3441/3441 3440/3440/3440
f 3449/3449/3449 3441/3441/3441 3448/3448/3448
f 3441/3441/3441 3431/3431/3431 3436/3436/3436
f 3441/3441/3441 3450/3450/3450 3431/3431/3431
f 3452/3452/3452 3451/3451/3451 3431/3431/3431
f 3453/3453/3453 3451/3451/3451 3452/3452/3452
f 3456/3456/3456 3455/3455/3455 3454/3454/3454
f 3431/3431/3431 3433/3433/3433 3430/3430/3430
f 3457/3457/3457 3433/3433/3433 3431/3431/3431
f 3451/3451/3451 3457/3457/3457 3431/3431/3431
f 3457/3457/3457 3458/3458/3458 3433/3433/3433
f 3455/3455/3455 3459/3459/3459 3451/3451/3451
f 3459/3459/3459 3457/3457/3457 3451/3451/3451
f 3461/3461/3461 3456/3456/3456 3460/3460/3460
f 3461/3461/3461 3462/3462/3462 3456/3456/3456
f 3464/3464/3464 3463/3463/3463 3456/3456/3456
f 3465/3465/3465 3463/3463/3463 3464/3464/3464
f 3456/3456/3456 3459/3459/3459 3455/3455/3455
f 3466/3466/3466 3459/3459/3459 3456/3456/3456
f 3463/3463/3463 3466/3466/3466 3456/3456/3456
f 3466/3466/3466 3467/3467/3467 3459/3459/3459
f 3469/3469/3469 3468/3468/3468 3463/3463/3463
f 3468/3468/3468 3466/3466/3466 3463/3463/3463
f 3472/3472/3472 3471/3471/3471 3470/3470/3470
f 3475/3475/3475 3474/3474/3474 3473/3473/3473
f 3478/3478/3478 3477/3477/3477 3476/3476/3476
f 3474/3474/3474 3478/3478/3478 3476/3476/3476
f 3481/3481/3481 3480/3480/3480 3479/3479/3479
f 3484/3484/3484 3483/3483/3483 3482/3482/3482
f 3483/3483/3483 3485/3485/3485 3480/3480/3480
f 3427/3427/3427 3486/3486/3486 3423/3423/3423
f 3485/3485/3485 3487/3487/3487 3480/3480/3480
f 3432/3432/3432 3486/3486/3486 3427/3427/3427
f 3488/3488/3488 3486/3486/3486 3432/3432/3432
f 3489/3489/3489 3486/3486/3486 3488/3488/3488
f 3476/3476/3476 3486/3486/3486 3489/3489/3489
f 3492/3492/3492 3491/3491/3491 3490/3490/3490
f 3491/3491/3491 3494/3494/3494 3493/3493/3493
f 3494/3494/3494 3495/3495/3495 3493/3493/3493
f 3496/3496/3496 3475/3475/3475 3433/3433/3433
f 3458/3458/3458 3496/3496/3496 3433/3433/3433
f 3475/3475/3475 3478/3478/3478 3474/3474/3474
f 3497/3497/3497 3478/3478/3478 3475/3475/3475
f 3496/3496/3496 3497/3497/3497 3475/3475/3475
f 3498/3498/3498 3496/3496/3496 3458/3458/3458
f 3501/3501/3501 3500/3500/3500 3499/3499/3499
f 3500/3500/3500 3502/3502/3502 3496/3496/3496
f 3502/3502/3502 3497/3497/3497 3496/3496/3496
f 3497/3497/3497 3484/3484/3484 3478/3478/3478
f 3503/3503/3503 3484/3484/3484 3497/3497/3497
f 3484/3484/3484 3485/3485/3485 3483/3483/3483
f 3505/3505/3505 3504/3504/3504 3484/3484/3484
f 3504/3504/3504 3506/3506/3506 3484/3484/3484
f 3507/3507/3507 3504/3504/3504 3505/3505/3505
f 3510/3510/3510 3509/3509/3509 3508/3508/3508
f 3509/3509/3509 3511/3511/3511 3504/3504/3504
f 3512/3512/3512 3501/3501/3501 3459/3459/3459
f 3467/3467/3467 3513/3513/3513 3459/3459/3459
f 3513/3513/3513 3512/3512/3512 3459/3459/3459
f 3501/3501/3501 3502/3502/3502 3500/3500/3500
f 3512/3512/3512 3502/3502/3502 3501/3501/3501
f 3514/3514/3514 3513/3513/3513 3467/3467/3467
f 3515/3515/3515 3512/3512/3512 3513/3513/3513
f 3516/3516/3516 3512/3512/3512 3515/3515/3515
f 3512/3512/3512 3517/3517/3517 3502/3502/3502
f 3517/3517/3517 3518/3518/3518 3502/3502/3502
f 3510/3510/3510 3511/3511/3511 3509/3509/3509
f 3519/3519/3519 3510/3510/3510 3502/3502/3502
f 3518/3518/3518 3519/3519/3519 3502/3502/3502
f 3520/3520/3520 3518/3518/3518 3517/3517/3517
f 3521/3521/3521 3519/3519/3519 3518/3518/3518
f 3506/3506/3506 3485/3485/3485 3484/3484/3484
f 3506/3506/3506 3492/3492/3492 3485/3485/3485
f 3522/3522/3522 3492/3492/3492 3506/3506/3506
f 3511/3511/3511 3506/3506/3506 3504/3504/3504
f 3492/3492/3492 3494/3494/3494 3491/3491/3491
f 3524/3524/3524 3523/3523/3523 3492/3492/3492
f 3525/3525/3525 3494/3494/3494 3492/3492/3492
f 3523/3523/3523 3525/3525/3525 3492/3492/3492
f 3525/3525/3525 3526/3526/3526 3494/3494/3494
f 3527/3527/3527 3523/3523/3523 3524/3524/3524
f 3530/3530/3530 3529/3529/3529 3528/3528/3528
f 3529/3529/3529 3531/3531/3531 3523/3523/3523
f 3531/3531/3531 3525/3525/3525 3523/3523/3523
f 3519/3519/3519 3511/3511/3511 3510/3510/3510
f 3519/3519/3519 3530/3530/3530 3511/3511/3511
f 3532/3532/3532 3530/3530/3530 3519/3519/3519
f 3533/3533/3533 3519/3519/3519 3521/3521/3521
f 3530/3530/3530 3531/3531/3531 3529/3529/3529
f 3535/3535/3535 3534/3534/3534 3530/3530/3530
f 3536/3536/3536 3531/3531/3531 3530/3530/3530
f 3534/3534/3534 3536/3536/3536 3530/3530/3530
f 3536/3536/3536 3537/3537/3537 3531/3531/3531
f 3538/3538/3538 3534/3534/3534 3535/3535/3535
f 3540/3540/3540 3539/3539/3539 3534/3534/3534
f 3539/3539/3539 3536/3536/3536 3534/3534/3534
f 3541/3541/3541 3460/3460/3460 3441/3441/3441
f 3541/3541/3541 3441/3441/3441 3449/3449/3449
f 3541/3541/3541 3461/3461/3461 3460/3460/3460
f 3541/3541/3541 3542/3542/3542 3435/3435/3435
f 3541/3541/3541 3543/3543/3543 3542/3542/3542
f 3541/3541/3541 3544/3544/3544 3543/3543/3543
f 3541/3541/3541 3545/3545/3545 3544/3544/3544
f 3541/3541/3541 3546/3546/3546 3545/3545/3545
f 3548/3548/3548 3541/3541/3541 3547/3547/3547
f 3541/3541/3541 3549/3549/3549 3546/3546/3546
f 3541/3541/3541 3550/3550/3550 3549/3549/3549
f 3551/3551/3551 3541/3541/3541 3548/3548/3548
f 3541/3541/3541 3551/3551/3551 3550/3550/3550
f 3547/3547/3547 3541/3541/3541 3449/3449/3449
f 3541/3541/3541 3552/3552/3552 3461/3461/3461
f 3541/3541/3541 3553/3553/3553 3552/3552/3552
f 3541/3541/3541 3554/3554/3554 3553/3553/3553
f 3553/3553/3553 3555/3555/3555 3552/3552/3552
f 3555/3555/3555 3469/3469/3469 3556/3556/3556
f 3553/3553/3553 3557/3557/3557 3555/3555/3555
f 3559/3559/3559 3558/3558/3558 3555/3555/3555
f 3560/3560/3560 3558/3558/3558 3559/3559/3559
f 3555/3555/3555 3468/3468/3468 3469/3469/3469
f 3561/3561/3561 3468/3468/3468 3555/3555/3555
f 3558/3558/3558 3562/3562/3562 3555/3555/3555
f 3563/3563/3563 3562/3562/3562 3558/3558/3558
f 3562/3562/3562 3564/3564/3564 3555/3555/3555
f 3564/3564/3564 3565/3565/3565 3555/3555/3555
f 3568/3568/3568 3567/3567/3567 3566/3566/3566
f 3569/3569/3569 3568/3568/3568 3554/3554/3554
f 3569/3569/3569 3570/3570/3570 3568/3568/3568
f 3572/3572/3572 3571/3571/3571 3568/3568/3568
f 3573/3573/3573 3571/3571/3571 3572/3572/3572
f 3567/3567/3567 3563/3563/3563 3558/3558/3558
f 3568/3568/3568 3563/3563/3563 3567/3567/3567
f 3571/3571/3571 3574/3574/3574 3568/3568/3568
f 3575/3575/3575 3563/3563/3563 3568/3568/3568
f 3574/3574/3574 3576/3576/3576 3568/3568/3568
f 3576/3576/3576 3577/3577/3577 3568/3568/3568
f 3442/3442/3442 3541/3541/3541 3435/3435/3435
f 3578/3578/3578 3569/3569/3569 3554/3554/3554
f 3578/3578/3578 3579/3579/3579 3569/3569/3569
f 3541/3541/3541 3580/3580/3580 3554/3554/3554
f 3580/3580/3580 3578/3578/3578 3554/3554/3554
f 3581/3581/3581 3579/3579/3579 3578/3578/3578
f 3582/3582/3582 3579/3579/3579 3581/3581/3581
f 3583/3583/3583 3579/3579/3579 3582/3582/3582
f 3584/3584/3584 3579/3579/3579 3583/3583/3583
f 3585/3585/3585 3579/3579/3579 3584/3584/3584
f 3586/3586/3586 3579/3579/3579 3585/3585/3585
f 3587/3587/3587 3579/3579/3579 3586/3586/3586
f 3588/3588/3588 3579/3579/3579 3587/3587/3587
f 3589/3589/3589 3579/3579/3579 3588/3588/3588
f 3590/3590/3590 3579/3579/3579 3589/3589/3589
f 3593/3593/3593 3592/3592/3592 3591/3591/3591
f 3592/3592/3592 3594/3594/3594 3571/3571/3571
f 3594/3594/3594 3574/3574/3574 3571/3571/3571
f 3593/3593/3593 3594/3594/3594 3592/3592/3592
f 3596/3596/3596 3515/3515/3515 3595/3595/3595
f 3561/3561/3561 3596/3596/3596 3468/3468/3468
f 3596/3596/3596 3516/3516/3516 3515/3515/3515
f 3561/3561/3561 3516/3516/3516 3596/3596/3596
f 3565/3565/3565 3561/3561/3561 3555/3555/3555
f 3597/3597/3597 3565/3565/3565 3564/3564/3564
f 3598/3598/3598 3561/3561/3561 3565/3565/3565
f 3600/3600/3600 3521/3521/3521 3599/3599/3599
f 3600/3600/3600 3533/3533/3533 3521/3521/3521
f 3601/3601/3601 3600/3600/3600 3516/3516/3516
f 3561/3561/3561 3602/3602/3602 3516/3516/3516
f 3602/3602/3602 3603/3603/3603 3516/3516/3516
f 3603/3603/3603 3601/3601/3601 3516/3516/3516
f 3604/3604/3604 3603/3603/3603 3602/3602/3602
f 3605/3605/3605 3601/3601/3601 3603/3603/3603
f 3607/3607/3607 3598/3598/3598 3606/3606/3606
f 3598/3598/3598 3608/3608/3608 3561/3561/3561
f 3607/3607/3607 3608/3608/3608 3598/3598/3598
f 3575/3575/3575 3607/3607/3607 3563/3563/3563
f 3577/3577/3577 3575/3575/3575 3568/3568/3568
f 3609/3609/3609 3577/3577/3577 3576/3576/3576
f 3575/3575/3575 3610/3610/3610 3607/3607/3607
f 3612/3612/3612 3605/3605/3605 3611/3611/3611
f 3612/3612/3612 3613/3613/3613 3605/3605/3605
f 3614/3614/3614 3608/3608/3608 3607/3607/3607
f 3610/3610/3610 3615/3615/3615 3607/3607/3607
f 3615/3615/3615 3614/3614/3614 3607/3607/3607
f 3614/3614/3614 3612/3612/3612 3608/3608/3608
f 3616/3616/3616 3615/3615/3615 3610/3610/3610
f 3601/3601/3601 3533/3533/3533 3600/3600/3600
f 3601/3601/3601 3617/3617/3617 3533/3533/3533
f 3617/3617/3617 3618/3618/3618 3533/3533/3533
f 3620/3620/3620 3540/3540/3540 3619/3619/3619
f 3620/3620/3620 3539/3539/3539 3540/3540/3540
f 3621/3621/3621 3620/3620/3620 3533/3533/3533
f 3621/3621/3621 3539/3539/3539 3620/3620/3620
f 3618/3618/3618 3621/3621/3621 3533/3533/3533
f 3622/3622/3622 3618/3618/3618 3617/3617/3617
f 3623/3623/3623 3621/3621/3621 3618/3618/3618
f 3621/3621/3621 3624/3624/3624 3539/3539/3539
f 3613/3613/3613 3601/3601/3601 3605/3605/3605
f 3614/3614/3614 3625/3625/3625 3612/3612/3612
f 3626/3626/3626 3613/3613/3613 3612/3612/3612
f 3625/3625/3625 3627/3627/3627 3612/3612/3612
f 3627/3627/3627 3626/3626/3626 3612/3612/3612
f 3629/3629/3629 3623/3623/3623 3628/3628/3628
f 3629/3629/3629 3630/3630/3630 3623/3623/3623
f 3623/3623/3623 3630/3630/3630 3621/3621/3621
f 3626/3626/3626 3629/3629/3629 3613/3613/3613
f 3631/3631/3631 3627/3627/3627 3625/3625/3625
f 3632/3632/3632 3626/3626/3626 3627/3627/3627
f 3633/3633/3633 3630/3630/3630 3629/3629/3629
f 3626/3626/3626 3634/3634/3634 3629/3629/3629
f 3637/3637/3637 3636/3636/3636 3635/3635/3635
f 3638/3638/3638 3575/3575/3575 3577/3577/3577
f 3636/3636/3636 3638/3638/3638 3577/3577/3577
f 3637/3637/3637 3638/3638/3638 3636/3636/3636
f 3640/3640/3640 3639/3639/3639 3615/3615/3615
f 3642/3642/3642 3640/3640/3640 3641/3641/3641
f 3642/3642/3642 3639/3639/3639 3640/3640/3640
f 3639/3639/3639 3614/3614/3614 3615/3615/3615
f 3643/3643/3643 3593/3593/3593 3579/3579/3579
f 3645/3645/3645 3632/3632/3632 3644/3644/3644
f 3645/3645/3645 3646/3646/3646 3632/3632/3632
f 3632/3632/3632 3646/3646/3646 3626/3626/3626
f 3643/3643/3643 3594/3594/3594 3593/3593/3593
f 3643/3643/3643 3637/3637/3637 3594/3594/3594
f 3643/3643/3643 3579/3579/3579 3590/3590/3590
f 3649/3649/3649 3648/3648/3648 3647/3647/3647
f 3652/3652/3652 3651/3651/3651 3650/3650/3650
f 3654/3654/3654 3653/3653/3653 3650/3650/3650
f 3655/3655/3655 3654/3654/3654 3650/3650/3650
f 3651/3651/3651 3655/3655/3655 3650/3650/3650
f 3653/3653/3653 3656/3656/3656 3650/3650/3650
f 3655/3655/3655 3657/3657/3657 3654/3654/3654
f 3657/3657/3657 3658/3658/3658 3654/3654/3654
f 3659/3659/3659 3655/3655/3655 3651/3651/3651
f 3659/3659/3659 3660/3660/3660 3655/3655/3655
f 3662/3662/3662 3661/3661/3661 3660/3660/3660
f 3664/3664/3664 3663/3663/3663 3662/3662/3662
f 3667/3667/3667 3666/3666/3666 3665/3665/3665
f 3669/3669/3669 3659/3659/3659 3668/3668/3668
f 3669/3669/3669 3660/3660/3660 3659/3659/3659
f 3670/3670/3670 3664/3664/3664 3662/3662/3662
f 3670/3670/3670 3671/3671/3671 3664/3664/3664
f 3672/3672/3672 3669/3669/3669 3668/3668/3668
f 3673/3673/3673 3662/3662/3662 3660/3660/3660
f 3670/3670/3670 3674/3674/3674 3671/3671/3671
f 3669/3669/3669 3673/3673/3673 3660/3660/3660
f 3673/3673/3673 3670/3670/3670 3662/3662/3662
f 3673/3673/3673 3675/3675/3675 3670/3670/3670
f 3671/3671/3671 3676/3676/3676 3664/3664/3664
f 3670/3670/3670 3677/3677/3677 3674/3674/3674
f 3676/3676/3676 3678/3678/3678 3664/3664/3664
f 3677/3677/3677 3679/3679/3679 3674/3674/3674
f 3681/3681/3681 3680/3680/3680 3653/3653/3653
f 3658/3658/3658 3682/3682/3682 3681/3681/3681
f 3657/3657/3657 3682/3682/3682 3658/3658/3658
f 3657/3657/3657 3683/3683/3683 3682/3682/3682
f 3683/3683/3683 3684/3684/3684 3682/3682/3682
f 3686/3686/3686 3685/3685/3685 3684/3684/3684
f 3688/3688/3688 3687/3687/3687 3650/3650/3650
f 3656/3656/3656 3688/3688/3688 3650/3650/3650
f 3687/3687/3687 3689/3689/3689 3650/3650/3650
f 3682/3682/3682 3690/3690/3690 3681/3681/3681
f 3685/3685/3685 3691/3691/3691 3684/3684/3684
f 3691/3691/3691 3692/3692/3692 3684/3684/3684
f 3693/3693/3693 3656/3656/3656 3653/3653/3653
f 3694/3694/3694 3693/3693/3693 3653/3653/3653
f 3695/3695/3695 3694/3694/3694 3653/3653/3653
f 3696/3696/3696 3695/3695/3695 3653/3653/3653
f 3697/3697/3697 3696/3696/3696 3653/3653/3653
f 3680/3680/3680 3697/3697/3697 3653/3653/3653
f 3698/3698/3698 3680/3680/3680 3681/3681/3681
f 3690/3690/3690 3698/3698/3698 3681/3681/3681
f 3699/3699/3699 3690/3690/3690 3682/3682/3682
f 3692/3692/3692 3701/3701/3701 3700/3700/3700
f 3691/3691/3691 3701/3701/3701 3692/3692/3692
f 3691/3691/3691 3702/3702/3702 3701/3701/3701
f 3689/3689/3689 3703/3703/3703 3650/3650/3650
f 3702/3702/3702 3704/3704/3704 3701/3701/3701
f 3706/3706/3706 3705/3705/3705 3704/3704/3704
f 3705/3705/3705 3707/3707/3707 3704/3704/3704
f 3710/3710/3710 3709/3709/3709 3708/3708/3708
f 3711/3711/3711 3683/3683/3683 3657/3657/3657
f 3683/3683/3683 3686/3686/3686 3684/3684/3684
f 3712/3712/3712 3685/3685/3685 3686/3686/3686
f 3713/3713/3713 3685/3685/3685 3712/3712/3712
f 3714/3714/3714 3712/3712/3712 3686/3686/3686
f 3715/3715/3715 3685/3685/3685 3713/3713/3713
f 3711/3711/3711 3716/3716/3716 3683/3683/3683
f 3666/3666/3666 3711/3711/3711 3665/3665/3665
f 3678/3678/3678 3711/3711/3711 3666/3666/3666
f 3714/3714/3714 3717/3717/3717 3712/3712/3712
f 3718/3718/3718 3717/3717/3717 3714/3714/3714
f 3718/3718/3718 3715/3715/3715 3717/3717/3717
f 3719/3719/3719 3718/3718/3718 3714/3714/3714
f 3720/3720/3720 3719/3719/3719 3714/3714/3714
f 3718/3718/3718 3685/3685/3685 3715/3715/3715
f 3719/3719/3719 3721/3721/3721 3718/3718/3718
f 3720/3720/3720 3722/3722/3722 3719/3719/3719
f 3725/3725/3725 3724/3724/3724 3723/3723/3723
f 3676/3676/3676 3677/3677/3677 3678/3678/3678
f 3678/3678/3678 3677/3677/3677 3711/3711/3711
f 3711/3711/3711 3726/3726/3726 3716/3716/3716
f 3679/3679/3679 3677/3677/3677 3676/3676/3676
f 3677/3677/3677 3727/3727/3727 3711/3711/3711
f 3727/3727/3727 3728/3728/3728 3711/3711/3711
f 3729/3729/3729 3714/3714/3714 3716/3716/3716
f 3729/3729/3729 3720/3720/3720 3714/3714/3714
f 3730/3730/3730 3729/3729/3729 3716/3716/3716
f 3728/3728/3728 3726/3726/3726 3711/3711/3711
f 3726/3726/3726 3730/3730/3730 3716/3716/3716
f 3731/3731/3731 3727/3727/3727 3677/3677/3677
f 3731/3731/3731 3732/3732/3732 3727/3727/3727
f 3733/3733/3733 3726/3726/3726 3728/3728/3728
f 3734/3734/3734 3729/3729/3729 3730/3730/3730
f 3733/3733/3733 3735/3735/3735 3726/3726/3726
f 3729/3729/3729 3736/3736/3736 3720/3720/3720
f 3729/3729/3729 3737/3737/3737 3736/3736/3736
f 3736/3736/3736 3738/3738/3738 3720/3720/3720
f 3738/3738/3738 3739/3739/3739 3720/3720/3720
f 3729/3729/3729 3740/3740/3740 3737/3737/3737
f 3740/3740/3740 3741/3741/3741 3737/3737/3737
f 3734/3734/3734 3742/3742/3742 3729/3729/3729
f 3743/3743/3743 3702/3702/3702 3691/3691/3691
f 3702/3702/3702 3706/3706/3706 3704/3704/3704
f 3744/3744/3744 3705/3705/3705 3706/3706/3706
f 3745/3745/3745 3744/3744/3744 3706/3706/3706
f 3724/3724/3724 3743/3743/3743 3723/3723/3723
f 3743/3743/3743 3746/3746/3746 3702/3702/3702
f 3745/3745/3745 3747/3747/3747 3744/3744/3744
f 3748/3748/3748 3747/3747/3747 3745/3745/3745
f 3749/3749/3749 3705/3705/3705 3744/3744/3744
f 3750/3750/3750 3705/3705/3705 3749/3749/3749
f 3750/3750/3750 3748/3748/3748 3705/3705/3705
f 3748/3748/3748 3750/3750/3750 3747/3747/3747
f 3751/3751/3751 3748/3748/3748 3745/3745/3745
f 3752/3752/3752 3751/3751/3751 3745/3745/3745
f 3751/3751/3751 3753/3753/3753 3748/3748/3748
f 3752/3752/3752 3754/3754/3754 3751/3751/3751
f 3738/3738/3738 3740/3740/3740 3739/3739/3739
f 3741/3741/3741 3740/3740/3740 3738/3738/3738
f 3740/3740/3740 3755/3755/3755 3739/3739/3739
f 3756/3756/3756 3746/3746/3746 3743/3743/3743
f 3724/3724/3724 3756/3756/3756 3743/3743/3743
f 3739/3739/3739 3757/3757/3757 3724/3724/3724
f 3756/3756/3756 3745/3745/3745 3746/3746/3746
f 3755/3755/3755 3757/3757/3757 3739/3739/3739
f 3757/3757/3757 3756/3756/3756 3724/3724/3724
f 3758/3758/3758 3756/3756/3756 3757/3757/3757
f 3759/3759/3759 3755/3755/3755 3740/3740/3740
f 3760/3760/3760 3758/3758/3758 3757/3757/3757
f 3759/3759/3759 3761/3761/3761 3755/3755/3755
f 3760/3760/3760 3762/3762/3762 3758/3758/3758
f 3756/3756/3756 3752/3752/3752 3745/3745/3745
f 3756/3756/3756 3763/3763/3763 3752/3752/3752
f 3764/3764/3764 3756/3756/3756 3758/3758/3758
f 3756/3756/3756 3765/3765/3765 3763/3763/3763
f 3763/3763/3763 3766/3766/3766 3752/3752/3752
f 3767/3767/3767 3765/3765/3765 3756/3756/3756
f 3764/3764/3764 3768/3768/3768 3756/3756/3756
f 3768/3768/3768 3769/3769/3769 3756/3756/3756
f 3772/3772/3772 3771/3771/3771 3770/3770/3770
f 3774/3774/3774 3673/3673/3673 3773/3773/3773
f 3776/3776/3776 3775/3775/3775 3675/3675/3675
f 3774/3774/3774 3675/3675/3675 3673/3673/3673
f 3778/3778/3778 3777/3777/3777 3776/3776/3776
f 3779/3779/3779 3774/3774/3774 3773/3773/3773
f 3780/3780/3780 3778/3778/3778 3776/3776/3776
f 3780/3780/3780 3781/3781/3781 3778/3778/3778
f 3782/3782/3782 3776/3776/3776 3675/3675/3675
f 3780/3780/3780 3783/3783/3783 3781/3781/3781
f 3774/3774/3774 3782/3782/3782 3675/3675/3675
f 3782/3782/3782 3780/3780/3780 3776/3776/3776
f 3786/3786/3786 3785/3785/3785 3784/3784/3784
f 3781/3781/3781 3787/3787/3787 3778/3778/3778
f 3788/3788/3788 3783/3783/3783 3780/3780/3780
f 3787/3787/3787 3789/3789/3789 3778/3778/3778
f 3788/3788/3788 3790/3790/3790 3783/3783/3783
f 3782/3782/3782 3791/3791/3791 3780/3780/3780
f 3793/3793/3793 3792/3792/3792 3791/3791/3791
f 3795/3795/3795 3782/3782/3782 3794/3794/3794
f 3797/3797/3797 3796/3796/3796 3793/3793/3793
f 3795/3795/3795 3791/3791/3791 3782/3782/3782
f 3795/3795/3795 3793/3793/3793 3791/3791/3791
f 3800/3800/3800 3799/3799/3799 3798/3798/3798
f 3802/3802/3802 3801/3801/3801 3797/3797/3797
f 3805/3805/3805 3804/3804/3804 3803/3803/3803
f 3806/3806/3806 3652/3652/3652 3650/3650/3650
f 3807/3807/3807 3795/3795/3795 3794/3794/3794
f 3795/3795/3795 3797/3797/3797 3793/3793/3793
f 3809/3809/3809 3808/3808/3808 3797/3797/3797
f 3795/3795/3795 3809/3809/3809 3797/3797/3797
f 3809/3809/3809 3810/3810/3810 3808/3808/3808
f 3806/3806/3806 3668/3668/3668 3652/3652/3652
f 3795/3795/3795 3811/3811/3811 3809/3809/3809
f 3811/3811/3811 3812/3812/3812 3809/3809/3809
f 3808/3808/3808 3802/3802/3802 3797/3797/3797
f 3809/3809/3809 3813/3813/3813 3810/3810/3810
f 3813/3813/3813 3814/3814/3814 3810/3810/3810
f 3806/3806/3806 3672/3672/3672 3668/3668/3668
f 3816/3816/3816 3815/3815/3815 3812/3812/3812
f 3818/3818/3818 3811/3811/3811 3817/3817/3817
f 3818/3818/3818 3812/3812/3812 3811/3811/3811
f 3818/3818/3818 3816/3816/3816 3812/3812/3812
f 3820/3820/3820 3819/3819/3819 3816/3816/3816
f 3818/3818/3818 3820/3820/3820 3816/3816/3816
f 3822/3822/3822 3821/3821/3821 3820/3820/3820
f 3806/3806/3806 3773/3773/3773 3672/3672/3672
f 3823/3823/3823 3818/3818/3818 3817/3817/3817
f 3818/3818/3818 3822/3822/3822 3820/3820/3820
f 3822/3822/3822 3824/3824/3824 3821/3821/3821
f 3825/3825/3825 3822/3822/3822 3818/3818/3818
f 3821/3821/3821 3826/3826/3826 3820/3820/3820
f 3829/3829/3829 3828/3828/3828 3827/3827/3827
f 3826/3826/3826 3830/3830/3830 3820/3820/3820
f 3822/3822/3822 3831/3831/3831 3824/3824/3824
f 3831/3831/3831 3832/3832/3832 3824/3824/3824
f 3785/3785/3785 3731/3731/3731 3784/3784/3784
f 3789/3789/3789 3731/3731/3731 3785/3785/3785
f 3731/3731/3731 3833/3833/3833 3732/3732/3732
f 3742/3742/3742 3735/3735/3735 3733/3733/3733
f 3742/3742/3742 3734/3734/3734 3735/3735/3735
f 3834/3834/3834 3733/3733/3733 3732/3732/3732
f 3835/3835/3835 3742/3742/3742 3733/3733/3733
f 3836/3836/3836 3835/3835/3835 3733/3733/3733
f 3787/3787/3787 3788/3788/3788 3789/3789/3789
f 3788/3788/3788 3731/3731/3731 3789/3789/3789
f 3788/3788/3788 3837/3837/3837 3731/3731/3731
f 3837/3837/3837 3838/3838/3838 3731/3731/3731
f 3790/3790/3790 3788/3788/3788 3787/3787/3787
f 3838/3838/3838 3833/3833/3833 3731/3731/3731
f 3833/3833/3833 3839/3839/3839 3732/3732/3732
f 3834/3834/3834 3836/3836/3836 3733/3733/3733
f 3839/3839/3839 3834/3834/3834 3732/3732/3732
f 3835/3835/3835 3840/3840/3840 3742/3742/3742
f 3836/3836/3836 3841/3841/3841 3835/3835/3835
f 3844/3844/3844 3843/3843/3843 3842/3842/3842
f 3834/3834/3834 3845/3845/3845 3836/3836/3836
f 3834/3834/3834 3846/3846/3846 3845/3845/3845
f 3845/3845/3845 3847/3847/3847 3836/3836/3836
f 3847/3847/3847 3848/3848/3848 3836/3836/3836
f 3834/3834/3834 3849/3849/3849 3846/3846/3846
f 3849/3849/3849 3850/3850/3850 3846/3846/3846
f 3851/3851/3851 3837/3837/3837 3788/3788/3788
f 3851/3851/3851 3852/3852/3852 3837/3837/3837
f 3853/3853/3853 3833/3833/3833 3838/3838/3838
f 3854/3854/3854 3834/3834/3834 3839/3839/3839
f 3853/3853/3853 3855/3855/3855 3833/3833/3833
f 3799/3799/3799 3851/3851/3851 3798/3798/3798
f 3799/3799/3799 3801/3801/3801 3851/3851/3851
f 3856/3856/3856 3855/3855/3855 3853/3853/3853
f 3856/3856/3856 3854/3854/3854 3855/3855/3855
f 3857/3857/3857 3856/3856/3856 3853/3853/3853
f 3851/3851/3851 3858/3858/3858 3852/3852/3852
f 3858/3858/3858 3853/3853/3853 3852/3852/3852
f 3801/3801/3801 3858/3858/3858 3851/3851/3851
f 3859/3859/3859 3857/3857/3857 3853/3853/3853
f 3858/3858/3858 3859/3859/3859 3853/3853/3853
f 3854/3854/3854 3856/3856/3856 3834/3834/3834
f 3857/3857/3857 3860/3860/3860 3856/3856/3856
f 3859/3859/3859 3861/3861/3861 3857/3857/3857
f 3864/3864/3864 3863/3863/3863 3862/3862/3862
f 3866/3866/3866 3865/3865/3865 3859/3859/3859
f 3843/3843/3843 3759/3759/3759 3842/3842/3842
f 3769/3769/3769 3762/3762/3762 3760/3760/3760
f 3867/3867/3867 3761/3761/3761 3759/3759/3759
f 3843/3843/3843 3867/3867/3867 3759/3759/3759
f 3867/3867/3867 3760/3760/3760 3761/3761/3761
f 3847/3847/3847 3849/3849/3849 3848/3848/3848
f 3849/3849/3849 3868/3868/3868 3848/3848/3848
f 3850/3850/3850 3849/3849/3849 3847/3847/3847
f 3848/3848/3848 3869/3869/3869 3843/3843/3843
f 3869/3869/3869 3867/3867/3867 3843/3843/3843
f 3868/3868/3868 3869/3869/3869 3848/3848/3848
f 3870/3870/3870 3867/3867/3867 3869/3869/3869
f 3769/3769/3769 3768/3768/3768 3762/3762/3762
f 3871/3871/3871 3769/3769/3769 3760/3760/3760
f 3872/3872/3872 3871/3871/3871 3760/3760/3760
f 3871/3871/3871 3873/3873/3873 3769/3769/3769
f 3872/3872/3872 3874/3874/3874 3871/3871/3871
f 3867/3867/3867 3872/3872/3872 3760/3760/3760
f 3867/3867/3867 3875/3875/3875 3872/3872/3872
f 3876/3876/3876 3867/3867/3867 3870/3870/3870
f 3867/3867/3867 3877/3877/3877 3875/3875/3875
f 3875/3875/3875 3878/3878/3878 3872/3872/3872
f 3879/3879/3879 3877/3877/3877 3867/3867/3867
f 3880/3880/3880 3868/3868/3868 3849/3849/3849
f 3881/3881/3881 3870/3870/3870 3869/3869/3869
f 3880/3880/3880 3882/3882/3882 3868/3868/3868
f 3881/3881/3881 3883/3883/3883 3870/3870/3870
f 3863/3863/3863 3880/3880/3880 3862/3862/3862
f 3884/3884/3884 3883/3883/3883 3881/3881/3881
f 3885/3885/3885 3882/3882/3882 3880/3880/3880
f 3863/3863/3863 3885/3885/3885 3880/3880/3880
f 3865/3865/3865 3885/3885/3885 3863/3863/3863
f 3885/3885/3885 3881/3881/3881 3882/3882/3882
f 3876/3876/3876 3886/3886/3886 3867/3867/3867
f 3886/3886/3886 3884/3884/3884 3867/3867/3867
f 3884/3884/3884 3886/3886/3886 3883/3883/3883
f 3887/3887/3887 3884/3884/3884 3881/3881/3881
f 3887/3887/3887 3888/3888/3888 3884/3884/3884
f 3889/3889/3889 3887/3887/3887 3881/3881/3881
f 3885/3885/3885 3889/3889/3889 3881/3881/3881
f 3889/3889/3889 3890/3890/3890 3887/3887/3887
f 3802/3802/3802 3813/3813/3813 3801/3801/3801
f 3814/3814/3814 3813/3813/3813 3802/3802/3802
f 3813/3813/3813 3891/3891/3891 3801/3801/3801
f 3891/3891/3891 3892/3892/3892 3801/3801/3801
f 3892/3892/3892 3858/3858/3858 3801/3801/3801
f 3893/3893/3893 3858/3858/3858 3892/3892/3892
f 3894/3894/3894 3858/3858/3858 3893/3893/3893
f 3895/3895/3895 3891/3891/3891 3813/3813/3813
f 3895/3895/3895 3896/3896/3896 3891/3891/3891
f 3897/3897/3897 3893/3893/3893 3892/3892/3892
f 3898/3898/3898 3858/3858/3858 3894/3894/3894
f 3897/3897/3897 3899/3899/3899 3893/3893/3893
f 3858/3858/3858 3900/3900/3900 3859/3859/3859
f 3858/3858/3858 3901/3901/3901 3900/3900/3900
f 3900/3900/3900 3866/3866/3866 3859/3859/3859
f 3858/3858/3858 3902/3902/3902 3901/3901/3901
f 3902/3902/3902 3903/3903/3903 3901/3901/3901
f 3898/3898/3898 3904/3904/3904 3858/3858/3858
f 3828/3828/3828 3895/3895/3895 3827/3827/3827
f 3830/3830/3830 3895/3895/3895 3828/3828/3828
f 3826/3826/3826 3831/3831/3831 3830/3830/3830
f 3904/3904/3904 3899/3899/3899 3897/3897/3897
f 3904/3904/3904 3898/3898/3898 3899/3899/3899
f 3905/3905/3905 3904/3904/3904 3897/3897/3897
f 3906/3906/3906 3905/3905/3905 3897/3897/3897
f 3907/3907/3907 3896/3896/3896 3895/3895/3895
f 3907/3907/3907 3897/3897/3897 3896/3896/3896
f 3830/3830/3830 3907/3907/3907 3895/3895/3895
f 3907/3907/3907 3906/3906/3906 3897/3897/3897
f 3832/3832/3832 3831/3831/3831 3826/3826/3826
f 3831/3831/3831 3908/3908/3908 3830/3830/3830
f 3908/3908/3908 3909/3909/3909 3830/3830/3830
f 3910/3910/3910 3908/3908/3908 3831/3831/3831
f 3909/3909/3909 3907/3907/3907 3830/3830/3830
f 3911/3911/3911 3907/3907/3907 3909/3909/3909
f 3912/3912/3912 3907/3907/3907 3911/3911/3911
f 3913/3913/3913 3911/3911/3911 3909/3909/3909
f 3914/3914/3914 3907/3907/3907 3912/3912/3912
f 3905/3905/3905 3915/3915/3915 3904/3904/3904
f 3906/3906/3906 3916/3916/3916 3905/3905/3905
f 3907/3907/3907 3917/3917/3917 3906/3906/3906
f 3920/3920/3920 3919/3919/3919 3918/3918/3918
f 3917/3917/3917 3921/3921/3921 3906/3906/3906
f 3921/3921/3921 3922/3922/3922 3906/3906/3906
f 3907/3907/3907 3923/3923/3923 3917/3917/3917
f 3907/3907/3907 3924/3924/3924 3923/3923/3923
f 3924/3924/3924 3925/3925/3925 3923/3923/3923
f 3866/3866/3866 3902/3902/3902 3865/3865/3865
f 3903/3903/3903 3902/3902/3902 3866/3866/3866
f 3902/3902/3902 3926/3926/3926 3865/3865/3865
f 3926/3926/3926 3927/3927/3927 3865/3865/3865
f 3927/3927/3927 3885/3885/3885 3865/3865/3865
f 3928/3928/3928 3885/3885/3885 3927/3927/3927
f 3929/3929/3929 3926/3926/3926 3902/3902/3902
f 3930/3930/3930 3928/3928/3928 3927/3927/3927
f 3929/3929/3929 3931/3931/3931 3926/3926/3926
f 3930/3930/3930 3932/3932/3932 3928/3928/3928
f 3885/3885/3885 3933/3933/3933 3889/3889/3889
f 3885/3885/3885 3934/3934/3934 3933/3933/3933
f 3935/3935/3935 3885/3885/3885 3928/3928/3928
f 3933/3933/3933 3936/3936/3936 3889/3889/3889
f 3885/3885/3885 3937/3937/3937 3934/3934/3934
f 3935/3935/3935 3938/3938/3938 3885/3885/3885
f 3938/3938/3938 3939/3939/3939 3885/3885/3885
f 3919/3919/3919 3929/3929/3929 3918/3918/3918
f 3921/3921/3921 3924/3924/3924 3922/3922/3922
f 3939/3939/3939 3932/3932/3932 3930/3930/3930
f 3940/3940/3940 3931/3931/3931 3929/3929/3929
f 3919/3919/3919 3940/3940/3940 3929/3929/3929
f 3922/3922/3922 3940/3940/3940 3919/3919/3919
f 3940/3940/3940 3930/3930/3930 3931/3931/3931
f 3925/3925/3925 3924/3924/3924 3921/3921/3921
f 3924/3924/3924 3941/3941/3941 3922/3922/3922
f 3942/3942/3942 3941/3941/3941 3924/3924/3924
f 3941/3941/3941 3943/3943/3943 3922/3922/3922
f 3943/3943/3943 3940/3940/3940 3922/3922/3922
f 3944/3944/3944 3940/3940/3940 3943/3943/3943
f 3945/3945/3945 3944/3944/3944 3943/3943/3943
f 3939/3939/3939 3938/3938/3938 3932/3932/3932
f 3946/3946/3946 3939/3939/3939 3930/3930/3930
f 3947/3947/3947 3946/3946/3946 3930/3930/3930
f 3946/3946/3946 3948/3948/3948 3939/3939/3939
f 3940/3940/3940 3947/3947/3947 3930/3930/3930
f 3947/3947/3947 3949/3949/3949 3946/3946/3946
f 3940/3940/3940 3950/3950/3950 3947/3947/3947
f 3950/3950/3950 3951/3951/3951 3947/3947/3947
f 3952/3952/3952 3940/3940/3940 3944/3944/3944
f 3940/3940/3940 3953/3953/3953 3950/3950/3950
f 3954/3954/3954 3940/3940/3940 3952/3952/3952
f 3955/3955/3955 3953/3953/3953 3940/3940/3940
f 3958/3958/3958 3957/3957/3957 3956/3956/3956
f 3959/3959/3959 3772/3772/3772 3770/3770/3770
f 3707/3707/3707 3960/3960/3960 3704/3704/3704
f 3700/3700/3700 3703/3703/3703 3682/3682/3682
f 3960/3960/3960 3962/3962/3962 3961/3961/3961
f 3707/3707/3707 3962/3962/3962 3960/3960/3960
f 3707/3707/3707 3963/3963/3963 3962/3962/3962
f 3703/3703/3703 3699/3699/3699 3682/3682/3682
f 3701/3701/3701 3703/3703/3703 3700/3700/3700
f 3963/3963/3963 3964/3964/3964 3962/3962/3962
f 3964/3964/3964 3965/3965/3965 3962/3962/3962
f 3964/3964/3964 3966/3966/3966 3965/3965/3965
f 3966/3966/3966 3967/3967/3967 3965/3965/3965
f 3968/3968/3968 3703/3703/3703 3689/3689/3689
f 3969/3969/3969 3703/3703/3703 3968/3968/3968
f 3970/3970/3970 3703/3703/3703 3969/3969/3969
f 3971/3971/3971 3703/3703/3703 3970/3970/3970
f 3972/3972/3972 3703/3703/3703 3971/3971/3971
f 3973/3973/3973 3703/3703/3703 3972/3972/3972
f 3974/3974/3974 3703/3703/3703 3973/3973/3973
f 3975/3975/3975 3703/3703/3703 3974/3974/3974
f 3703/3703/3703 3977/3977/3977 3976/3976/3976
f 3703/3703/3703 3978/3978/3978 3977/3977/3977
f 3703/3703/3703 3975/3975/3975 3978/3978/3978
f 3703/3703/3703 3976/3976/3976 3699/3699/3699
f 3961/3961/3961 3703/3703/3703 3701/3701/3701
f 3967/3967/3967 3979/3979/3979 3965/3965/3965
f 3962/3962/3962 3703/3703/3703 3961/3961/3961
f 3967/3967/3967 3981/3981/3981 3980/3980/3980
f 3981/3981/3981 3982/3982/3982 3980/3980/3980
f 3982/3982/3982 3983/3983/3983 3980/3980/3980
f 3982/3982/3982 3984/3984/3984 3983/3983/3983
f 3985/3985/3985 3703/3703/3703 3962/3962/3962
f 3472/3472/3472 3986/3986/3986 3471/3471/3471
f 3987/3987/3987 3963/3963/3963 3707/3707/3707
f 3989/3989/3989 3988/3988/3988 3964/3964/3964
f 3992/3992/3992 3991/3991/3991 3990/3990/3990
f 3991/3991/3991 3987/3987/3987 3990/3990/3990
f 3987/3987/3987 3993/3993/3993 3963/3963/3963
f 3988/3988/3988 3966/3966/3966 3964/3964/3964
f 3994/3994/3994 3966/3966/3966 3988/3988/3988
f 3995/3995/3995 3966/3966/3966 3994/3994/3994
f 3996/3996/3996 3988/3988/3988 3989/3989/3989
f 3995/3995/3995 3997/3997/3997 3966/3966/3966
f 3997/3997/3997 3996/3996/3996 3989/3989/3989
f 3997/3997/3997 3995/3995/3995 3996/3996/3996
f 3998/3998/3998 3997/3997/3997 3989/3989/3989
f 3999/3999/3999 3998/3998/3998 3989/3989/3989
f 3998/3998/3998 4000/4000/4000 3997/3997/3997
f 3999/3999/3999 4001/4001/4001 3998/3998/3998
f 3766/3766/3766 4002/4002/4002 3752/3752/3752
f 3767/3767/3767 4003/4003/4003 3765/3765/3765
f 3991/3991/3991 4004/4004/4004 3987/3987/3987
f 3766/3766/3766 3767/3767/3767 4002/4002/4002
f 4002/4002/4002 4004/4004/4004 3991/3991/3991
f 3987/3987/3987 4005/4005/4005 3993/3993/3993
f 4005/4005/4005 3989/3989/3989 3993/3993/3993
f 4003/4003/4003 3767/3767/3767 3766/3766/3766
f 3767/3767/3767 4006/4006/4006 4002/4002/4002
f 4006/4006/4006 4004/4004/4004 4002/4002/4002
f 4004/4004/4004 4005/4005/4005 3987/3987/3987
f 4007/4007/4007 4006/4006/4006 3767/3767/3767
f 4008/4008/4008 4005/4005/4005 4004/4004/4004
f 4007/4007/4007 4009/4009/4009 4006/4006/4006
f 4011/4011/4011 4010/4010/4010 3989/3989/3989
f 4010/4010/4010 3999/3999/3999 3989/3989/3989
f 4010/4010/4010 4012/4012/4012 3999/3999/3999
f 4005/4005/4005 4011/4011/4011 3989/3989/3989
f 4010/4010/4010 4013/4013/4013 4012/4012/4012
f 4012/4012/4012 4014/4014/4014 3999/3999/3999
f 4010/4010/4010 4015/4015/4015 4013/4013/4013
f 4016/4016/4016 4010/4010/4010 4011/4011/4011
f 4008/4008/4008 4017/4017/4017 4005/4005/4005
f 4016/4016/4016 4018/4018/4018 4010/4010/4010
f 4019/4019/4019 3981/3981/3981 3967/3967/3967
f 4022/4022/4022 4021/4021/4021 4020/4020/4020
f 4019/4019/4019 4023/4023/4023 3981/3981/3981
f 4021/4021/4021 4019/4019/4019 4020/4020/4020
f 4024/4024/4024 3984/3984/3984 3982/3982/3982
f 4025/4025/4025 3984/3984/3984 4024/4024/4024
f 4026/4026/4026 4024/4024/4024 3982/3982/3982
f 4027/4027/4027 3984/3984/3984 4025/4025/4025
f 4026/4026/4026 4028/4028/4028 4024/4024/4024
f 4027/4027/4027 4029/4029/4029 3984/3984/3984
f 4031/4031/4031 4030/4030/4030 4029/4029/4029
f 4033/4033/4033 4032/4032/4032 4031/4031/4031
f 4014/4014/4014 4034/4034/4034 3999/3999/3999
f 4015/4015/4015 4035/4035/4035 4013/4013/4013
f 4036/4036/4036 4023/4023/4023 4019/4019/4019
f 4021/4021/4021 4036/4036/4036 4019/4019/4019
f 4014/4014/4014 4015/4015/4015 4034/4034/4034
f 4034/4034/4034 4036/4036/4036 4021/4021/4021
f 4035/4035/4035 4015/4015/4015 4014/4014/4014
f 4015/4015/4015 4037/4037/4037 4034/4034/4034
f 4037/4037/4037 4036/4036/4036 4034/4034/4034
f 4038/4038/4038 4037/4037/4037 4015/4015/4015
f 4038/4038/4038 4039/4039/4039 4037/4037/4037
f 4040/4040/4040 4026/4026/4026 4023/4023/4023
f 4041/4041/4041 4028/4028/4028 4026/4026/4026
f 4042/4042/4042 4027/4027/4027 4028/4028/4028
f 4041/4041/4041 4042/4042/4042 4028/4028/4028
f 4036/4036/4036 4040/4040/4040 4023/4023/4023
f 4040/4040/4040 4041/4041/4041 4026/4026/4026
f 4042/4042/4042 4029/4029/4029 4027/4027/4027
f 4042/4042/4042 4031/4031/4031 4029/4029/4029
f 4042/4042/4042 4033/4033/4033 4031/4031/4031
f 4042/4042/4042 4043/4043/4043 4033/4033/4033
f 4042/4042/4042 4044/4044/4044 4043/4043/4043
f 4045/4045/4045 4040/4040/4040 4036/4036/4036
f 4045/4045/4045 4046/4046/4046 4040/4040/4040
f 4041/4041/4041 4047/4047/4047 4042/4042/4042
f 4047/4047/4047 4048/4048/4048 4042/4042/4042
f 3979/3979/3979 3703/3703/3703 3985/3985/3985
f 3967/3967/3967 3703/3703/3703 3979/3979/3979
f 3703/3703/3703 3967/3967/3967 3980/3980/3980
f 3984/3984/3984 4049/4049/4049 3983/3983/3983
f 4049/4049/4049 4050/4050/4050 3983/3983/3983
f 4051/4051/4051 3703/3703/3703 3980/3980/3980
f 4050/4050/4050 3703/3703/3703 4051/4051/4051
f 4049/4049/4049 3703/3703/3703 4050/4050/4050
f 4049/4049/4049 4052/4052/4052 3703/3703/3703
f 4052/4052/4052 4053/4053/4053 3703/3703/3703
f 4053/4053/4053 4054/4054/4054 3703/3703/3703
f 4057/4057/4057 4056/4056/4056 4055/4055/4055
f 4056/4056/4056 4058/4058/4058 4055/4055/4055
f 4059/4059/4059 4052/4052/4052 4049/4049/4049
f 4058/4058/4058 4060/4060/4060 4049/4049/4049
f 4060/4060/4060 4059/4059/4059 4049/4049/4049
f 4043/4043/4043 4061/4061/4061 4033/4033/4033
f 4042/4042/4042 4062/4062/4062 4044/4044/4044
f 4061/4061/4061 4063/4063/4063 4033/4033/4033
f 4062/4062/4062 4058/4058/4058 4056/4056/4056
f 4063/4063/4063 4062/4062/4062 4056/4056/4056
f 4061/4061/4061 4062/4062/4062 4063/4063/4063
f 4062/4062/4062 4064/4064/4064 4044/4044/4044
f 4064/4064/4064 4062/4062/4062 4061/4061/4061
f 4065/4065/4065 4054/4054/4054 4059/4059/4059
f 4062/4062/4062 4060/4060/4060 4058/4058/4058
f 4060/4060/4060 4065/4065/4065 4059/4059/4059
f 4066/4066/4066 4060/4060/4060 4062/4062/4062
f 4067/4067/4067 4066/4066/4066 4062/4062/4062
f 3710/3710/3710 4068/4068/4068 3709/3709/3709
f 4069/4069/4069 3771/3771/3771 3772/3772/3772
f 4070/4070/4070 4069/4069/4069 3772/3772/3772
f 4071/4071/4071 4070/4070/4070 3772/3772/3772
f 4072/4072/4072 4071/4071/4071 3772/3772/3772
f 4074/4074/4074 4073/4073/4073 4071/4071/4071
f 4072/4072/4072 4074/4074/4074 4071/4071/4071
f 4072/4072/4072 4075/4075/4075 4074/4074/4074
f 4072/4072/4072 4076/4076/4076 4075/4075/4075
f 4072/4072/4072 4077/4077/4077 4076/4076/4076
f 4072/4072/4072 4078/4078/4078 4077/4077/4077
f 4081/4081/4081 4080/4080/4080 4079/4079/4079
f 4080/4080/4080 4007/4007/4007 4079/4079/4079
f 4007/4007/4007 4082/4082/4082 4009/4009/4009
f 4082/4082/4082 4008/4008/4008 4009/4009/4009
f 3878/3878/3878 4083/4083/4083 3872/3872/3872
f 3879/3879/3879 4084/4084/4084 3877/3877/3877
f 4085/4085/4085 4007/4007/4007 4080/4080/4080
f 4083/4083/4083 4085/4085/4085 4080/4080/4080
f 3878/3878/3878 3879/3879/3879 4083/4083/4083
f 3879/3879/3879 4086/4086/4086 4083/4083/4083
f 4085/4085/4085 4082/4082/4082 4007/4007/4007
f 4084/4084/4084 3879/3879/3879 3878/3878/3878
f 4086/4086/4086 4085/4085/4085 4083/4083/4083
f 4087/4087/4087 4017/4017/4017 4008/4008/4008
f 4088/4088/4088 4016/4016/4016 4017/4017/4017
f 4089/4089/4089 4018/4018/4018 4016/4016/4016
f 4089/4089/4089 4090/4090/4090 4018/4018/4018
f 4088/4088/4088 4089/4089/4089 4016/4016/4016
f 4088/4088/4088 4091/4091/4091 4089/4089/4089
f 4082/4082/4082 4092/4092/4092 4008/4008/4008
f 4092/4092/4092 4087/4087/4087 4008/4008/4008
f 4087/4087/4087 4088/4088/4088 4017/4017/4017
f 4087/4087/4087 4093/4093/4093 4088/4088/4088
f 4087/4087/4087 4094/4094/4094 4093/4093/4093
f 4093/4093/4093 4095/4095/4095 4088/4088/4088
f 4087/4087/4087 4096/4096/4096 4094/4094/4094
f 4097/4097/4097 4086/4086/4086 3879/3879/3879
f 4098/4098/4098 4082/4082/4082 4085/4085/4085
f 4097/4097/4097 4099/4099/4099 4086/4086/4086
f 4102/4102/4102 4101/4101/4101 4100/4100/4100
f 4101/4101/4101 4097/4097/4097 4100/4100/4100
f 3936/3936/3936 4103/4103/4103 3889/3889/3889
f 4101/4101/4101 4104/4104/4104 4097/4097/4097
f 4103/4103/4103 4104/4104/4104 4101/4101/4101
f 4105/4105/4105 4098/4098/4098 4099/4099/4099
f 4097/4097/4097 4105/4105/4105 4099/4099/4099
f 4092/4092/4092 4106/4106/4106 4087/4087/4087
f 4098/4098/4098 4107/4107/4107 4082/4082/4082
f 4106/4106/4106 4108/4108/4108 4087/4087/4087
f 4109/4109/4109 4107/4107/4107 4098/4098/4098
f 4109/4109/4109 4106/4106/4106 4107/4107/4107
f 4110/4110/4110 4108/4108/4108 4106/4106/4106
f 4110/4110/4110 4111/4111/4111 4108/4108/4108
f 4109/4109/4109 4110/4110/4110 4106/4106/4106
f 4109/4109/4109 4112/4112/4112 4110/4110/4110
f 4113/4113/4113 4109/4109/4109 4098/4098/4098
f 4116/4116/4116 4115/4115/4115 4114/4114/4114
f 4115/4115/4115 4038/4038/4038 4114/4114/4114
f 4038/4038/4038 4117/4117/4117 4039/4039/4039
f 4095/4095/4095 4118/4118/4118 4088/4088/4088
f 4096/4096/4096 4119/4119/4119 4094/4094/4094
f 4115/4115/4115 4117/4117/4117 4038/4038/4038
f 4118/4118/4118 4117/4117/4117 4115/4115/4115
f 4095/4095/4095 4096/4096/4096 4118/4118/4118
f 4096/4096/4096 4120/4120/4120 4118/4118/4118
f 4119/4119/4119 4096/4096/4096 4095/4095/4095
f 4120/4120/4120 4117/4117/4117 4118/4118/4118
f 4121/4121/4121 4045/4045/4045 4039/4039/4039
f 4122/4122/4122 4046/4046/4046 4045/4045/4045
f 4123/4123/4123 4047/4047/4047 4046/4046/4046
f 4124/4124/4124 4048/4048/4048 4047/4047/4047
f 4124/4124/4124 4125/4125/4125 4048/4048/4048
f 4123/4123/4123 4124/4124/4124 4047/4047/4047
f 4127/4127/4127 4126/4126/4126 4124/4124/4124
f 4117/4117/4117 4121/4121/4121 4039/4039/4039
f 4121/4121/4121 4122/4122/4122 4045/4045/4045
f 4122/4122/4122 4123/4123/4123 4046/4046/4046
f 4123/4123/4123 4127/4127/4127 4124/4124/4124
f 4123/4123/4123 4128/4128/4128 4127/4127/4127
f 4123/4123/4123 4129/4129/4129 4128/4128/4128
f 4130/4130/4130 4120/4120/4120 4096/4096/4096
f 4130/4130/4130 4131/4131/4131 4120/4120/4120
f 4134/4134/4134 4133/4133/4133 4132/4132/4132
f 4136/4136/4136 4135/4135/4135 4109/4109/4109
f 4133/4133/4133 4130/4130/4130 4132/4132/4132
f 4133/4133/4133 4137/4137/4137 4130/4130/4130
f 4137/4137/4137 4131/4131/4131 4130/4130/4130
f 4135/4135/4135 4137/4137/4137 4133/4133/4133
f 4138/4138/4138 4121/4121/4121 4117/4117/4117
f 4138/4138/4138 4139/4139/4139 4121/4121/4121
f 4122/4122/4122 4140/4140/4140 4123/4123/4123
f 4140/4140/4140 4141/4141/4141 4123/4123/4123
f 4142/4142/4142 4138/4138/4138 4131/4131/4131
f 4143/4143/4143 4139/4139/4139 4138/4138/4138
f 4144/4144/4144 4140/4140/4140 4139/4139/4139
f 4145/4145/4145 4141/4141/4141 4140/4140/4140
f 4145/4145/4145 4146/4146/4146 4141/4141/4141
f 4148/4148/4148 4147/4147/4147 4145/4145/4145
f 4144/4144/4144 4145/4145/4145 4140/4140/4140
f 4144/4144/4144 4148/4148/4148 4145/4145/4145
f 3937/3937/3937 4149/4149/4149 3934/3934/3934
f 3936/3936/3936 3937/3937/3937 4103/4103/4103
f 4149/4149/4149 3937/3937/3937 3936/3936/3936
f 3937/3937/3937 4150/4150/4150 4103/4103/4103
f 4150/4150/4150 4104/4104/4104 4103/4103/4103
f 4104/4104/4104 4105/4105/4105 4097/4097/4097
f 4151/4151/4151 4150/4150/4150 3937/3937/3937
f 4152/4152/4152 4105/4105/4105 4104/4104/4104
f 4151/4151/4151 4153/4153/4153 4150/4150/4150
f 4105/4105/4105 4154/4154/4154 4098/4098/4098
f 4154/4154/4154 4113/4113/4113 4098/4098/4098
f 4113/4113/4113 4155/4155/4155 4109/4109/4109
f 4113/4113/4113 4156/4156/4156 4155/4155/4155
f 4155/4155/4155 4136/4136/4136 4109/4109/4109
f 4113/4113/4113 4157/4157/4157 4156/4156/4156
f 4158/4158/4158 4113/4113/4113 4154/4154/4154
f 4152/4152/4152 4159/4159/4159 4105/4105/4105
f 4158/4158/4158 4160/4160/4160 4113/4113/4113
f 4163/4163/4163 4162/4162/4162 4161/4161/4161
f 4162/4162/4162 4151/4151/4151 4161/4161/4161
f 3951/3951/3951 4164/4164/4164 3947/3947/3947
f 3951/3951/3951 3955/3955/3955 4164/4164/4164
f 4164/4164/4164 4165/4165/4165 4162/4162/4162
f 4166/4166/4166 4153/4153/4153 4151/4151/4151
f 4162/4162/4162 4166/4166/4166 4151/4151/4151
f 3955/3955/3955 4167/4167/4167 3953/3953/3953
f 4167/4167/4167 3955/3955/3955 3951/3951/3951
f 3955/3955/3955 4168/4168/4168 4164/4164/4164
f 4168/4168/4168 4165/4165/4165 4164/4164/4164
f 4165/4165/4165 4166/4166/4166 4162/4162/4162
f 4169/4169/4169 4168/4168/4168 3955/3955/3955
f 4171/4171/4171 4170/4170/4170 4165/4165/4165
f 4160/4160/4160 4159/4159/4159 4152/4152/4152
f 4160/4160/4160 4158/4158/4158 4159/4159/4159
f 4172/4172/4172 4160/4160/4160 4152/4152/4152
f 4173/4173/4173 4172/4172/4172 4152/4152/4152
f 4172/4172/4172 4174/4174/4174 4160/4160/4160
f 4166/4166/4166 4152/4152/4152 4153/4153/4153
f 4166/4166/4166 4173/4173/4173 4152/4152/4152
f 4173/4173/4173 4175/4175/4175 4172/4172/4172
f 4166/4166/4166 4176/4176/4176 4173/4173/4173
f 4176/4176/4176 4177/4177/4177 4173/4173/4173
f 4170/4170/4170 4166/4166/4166 4165/4165/4165
f 4166/4166/4166 4178/4178/4178 4176/4176/4176
f 4179/4179/4179 4166/4166/4166 4170/4170/4170
f 4180/4180/4180 4166/4166/4166 4179/4179/4179
f 4166/4166/4166 4181/4181/4181 4178/4178/4178
f 4157/4157/4157 4182/4182/4182 4156/4156/4156
f 4136/4136/4136 4157/4157/4157 4135/4135/4135
f 4182/4182/4182 4157/4157/4157 4136/4136/4136
f 4157/4157/4157 4137/4137/4137 4135/4135/4135
f 4183/4183/4183 4137/4137/4137 4157/4157/4157
f 4184/4184/4184 4183/4183/4183 4157/4157/4157
f 4184/4184/4184 4185/4185/4185 4183/4183/4183
f 4137/4137/4137 4142/4142/4142 4131/4131/4131
f 4142/4142/4142 4143/4143/4143 4138/4138/4138
f 4143/4143/4143 4144/4144/4144 4139/4139/4139
f 4144/4144/4144 4186/4186/4186 4148/4148/4148
f 4144/4144/4144 4187/4187/4187 4186/4186/4186
f 4188/4188/4188 4142/4142/4142 4137/4137/4137
f 4188/4188/4188 4189/4189/4189 4142/4142/4142
f 4143/4143/4143 4190/4190/4190 4144/4144/4144
f 4190/4190/4190 4191/4191/4191 4144/4144/4144
f 4194/4194/4194 4193/4193/4193 4192/4192/4192
f 4177/4177/4177 4195/4195/4195 4173/4173/4173
f 4193/4193/4193 4184/4184/4184 4192/4192/4192
f 4196/4196/4196 4185/4185/4185 4184/4184/4184
f 4193/4193/4193 4196/4196/4196 4184/4184/4184
f 4177/4177/4177 4181/4181/4181 4195/4195/4195
f 4195/4195/4195 4196/4196/4196 4193/4193/4193
f 4181/4181/4181 4197/4197/4197 4178/4178/4178
f 4197/4197/4197 4181/4181/4181 4177/4177/4177
f 4181/4181/4181 4198/4198/4198 4195/4195/4195
f 4198/4198/4198 4196/4196/4196 4195/4195/4195
f 4199/4199/4199 4198/4198/4198 4181/4181/4181
f 4200/4200/4200 4188/4188/4188 4185/4185/4185
f 4201/4201/4201 4189/4189/4189 4188/4188/4188
f 4202/4202/4202 4190/4190/4190 4189/4189/4189
f 4201/4201/4201 4202/4202/4202 4189/4189/4189
f 4203/4203/4203 4191/4191/4191 4190/4190/4190
f 4203/4203/4203 4204/4204/4204 4191/4191/4191
f 4205/4205/4205 4203/4203/4203 4190/4190/4190
f 4202/4202/4202 4205/4205/4205 4190/4190/4190
f 4205/4205/4205 4206/4206/4206 4203/4203/4203
f 4202/4202/4202 4207/4207/4207 4205/4205/4205
f 4196/4196/4196 4200/4200/4200 4185/4185/4185
f 4200/4200/4200 4201/4201/4201 4188/4188/4188
f 4208/4208/4208 4200/4200/4200 4196/4196/4196
f 4202/4202/4202 4209/4209/4209 4207/4207/4207
f 4210/4210/4210 4202/4202/4202 4201/4201/4201
f 4213/4213/4213 4212/4212/4212 4211/4211/4211
f 4212/4212/4212 4067/4067/4067 4211/4211/4211
f 4128/4128/4128 4214/4214/4214 4127/4127/4127
f 4215/4215/4215 4129/4129/4129 4123/4123/4123
f 4214/4214/4214 4216/4216/4216 4127/4127/4127
f 4216/4216/4216 4215/4215/4215 4212/4212/4212
f 4214/4214/4214 4215/4215/4215 4216/4216/4216
f 4215/4215/4215 4217/4217/4217 4129/4129/4129
f 4217/4217/4217 4215/4215/4215 4214/4214/4214
f 4067/4067/4067 4218/4218/4218 4066/4066/4066
f 4218/4218/4218 4219/4219/4219 4066/4066/4066
f 4220/4220/4220 4067/4067/4067 4212/4212/4212
f 4215/4215/4215 4220/4220/4220 4212/4212/4212
f 4220/4220/4220 4218/4218/4218 4067/4067/4067
f 4223/4223/4223 4222/4222/4222 4221/4221/4221
f 4222/4222/4222 4224/4224/4224 4221/4221/4221
f 4226/4226/4226 4225/4225/4225 4148/4148/4148
f 4225/4225/4225 4227/4227/4227 4222/4222/4222
f 4224/4224/4224 4220/4220/4220 4215/4215/4215
f 4224/4224/4224 4228/4228/4228 4220/4220/4220
f 4230/4230/4230 4229/4229/4229 4228/4228/4228
f 4230/4230/4230 4224/4224/4224 4222/4222/4222
f 4224/4224/4224 4230/4230/4230 4228/4228/4228
f 4233/4233/4233 4232/4232/4232 4231/4231/4231
f 4186/4186/4186 4226/4226/4226 4148/4148/4148
f 4144/4144/4144 4227/4227/4227 4187/4187/4187
f 4227/4227/4227 4234/4234/4234 4187/4187/4187
f 4226/4226/4226 4227/4227/4227 4225/4225/4225
f 4234/4234/4234 4227/4227/4227 4226/4226/4226
f 4227/4227/4227 4235/4235/4235 4222/4222/4222
f 4235/4235/4235 4230/4230/4230 4222/4222/4222
f 4236/4236/4236 4235/4235/4235 4227/4227/4227
f 4236/4236/4236 4237/4237/4237 4235/4235/4235
f 4240/4240/4240 4239/4239/4239 4238/4238/4238
f 4207/4207/4207 4241/4241/4241 4205/4205/4205
f 4239/4239/4239 4236/4236/4236 4238/4238/4238
f 4241/4241/4241 4242/4242/4242 4205/4205/4205
f 4241/4241/4241 4243/4243/4243 4242/4242/4242
f 4202/4202/4202 4243/4243/4243 4209/4209/4209
f 4243/4243/4243 4244/4244/4244 4209/4209/4209
f 4244/4244/4244 4243/4243/4243 4241/4241/4241
f 4245/4245/4245 4236/4236/4236 4239/4239/4239
f 4245/4245/4245 4237/4237/4237 4236/4236/4236
f 4245/4245/4245 4246/4246/4246 4237/4237/4237
f 4242/4242/4242 4247/4247/4247 4239/4239/4239
f 4065/4065/4065 4248/4248/4248 4054/4054/4054
f 4247/4247/4247 4245/4245/4245 4239/4239/4239
f 4243/4243/4243 4247/4247/4247 4242/4242/4242
f 4249/4249/4249 4247/4247/4247 4243/4243/4243
f 4219/4219/4219 4248/4248/4248 4065/4065/4065
f 4054/4054/4054 4248/4248/4248 3703/3703/3703
f 4250/4250/4250 4078/4078/4078 4072/4072/4072
f 4250/4250/4250 4251/4251/4251 4078/4078/4078
f 4250/4250/4250 4252/4252/4252 4251/4251/4251
f 4250/4250/4250 4253/4253/4253 4252/4252/4252
f 4250/4250/4250 4254/4254/4254 4253/4253/4253
f 3477/3477/3477 3486/3486/3486 3476/3476/3476
f 3479/3479/3479 3486/3486/3486 3477/3477/3477
f 3480/3480/3480 3486/3486/3486 3479/3479/3479
f 4257/4257/4257 4256/4256/4256 4255/4255/4255
f 4259/4259/4259 4258/4258/4258 4256/4256/4256
f 3526/3526/3526 4261/4261/4261 4260/4260/4260
f 4261/4261/4261 4259/4259/4259 4256/4256/4256
f 3487/3487/3487 3486/3486/3486 3480/3480/3480
f 4262/4262/4262 3486/3486/3486 3487/3487/3487
f 4263/4263/4263 3486/3486/3486 4262/4262/4262
f 3493/3493/3493 3486/3486/3486 4263/4263/4263
f 3495/3495/3495 3486/3486/3486 3493/3493/3493
f 4266/4266/4266 4265/4265/4265 4264/4264/4264
f 4255/4255/4255 3486/3486/3486 3495/3495/3495
f 4256/4256/4256 3486/3486/3486 4255/4255/4255
f 4258/4258/4258 3486/3486/3486 4256/4256/4256
f 4269/4269/4269 4268/4268/4268 4267/4267/4267
f 4265/4265/4265 4269/4269/4269 4267/4267/4267
f 4270/4270/4270 3486/3486/3486 4258/4258/4258
f 4273/4273/4273 4272/4272/4272 4271/4271/4271
f 4274/4274/4274 3486/3486/3486 4270/4270/4270
f 4267/4267/4267 3486/3486/3486 4274/4274/4274
f 4268/4268/4268 3486/3486/3486 4267/4267/4267
f 4277/4277/4277 4276/4276/4276 4275/4275/4275
f 4279/4279/4279 4278/4278/4278 4272/4272/4272
f 4276/4276/4276 4279/4279/4279 4272/4272/4272
f 4280/4280/4280 3526/3526/3526 3525/3525/3525
f 3526/3526/3526 4259/4259/4259 4261/4261/4261
f 4280/4280/4280 4281/4281/4281 3526/3526/3526
f 4282/4282/4282 4259/4259/4259 3526/3526/3526
f 4283/4283/4283 4281/4281/4281 4280/4280/4280
f 4281/4281/4281 4284/4284/4284 3526/3526/3526
f 4284/4284/4284 4282/4282/4282 3526/3526/3526
f 3537/3537/3537 4286/4286/4286 4285/4285/4285
f 4286/4286/4286 4284/4284/4284 4281/4281/4281
f 4282/4282/4282 4266/4266/4266 4259/4259/4259
f 4282/4282/4282 4287/4287/4287 4266/4266/4266
f 4287/4287/4287 4288/4288/4288 4266/4266/4266
f 4289/4289/4289 4288/4288/4288 4287/4287/4287
f 4292/4292/4292 4291/4291/4291 4290/4290/4290
f 4293/4293/4293 3537/3537/3537 3536/3536/3536
f 3537/3537/3537 4284/4284/4284 4286/4286/4286
f 4295/4295/4295 4294/4294/4294 3537/3537/3537
f 4296/4296/4296 4284/4284/4284 3537/3537/3537
f 4294/4294/4294 4296/4296/4296 3537/3537/3537
f 4297/4297/4297 4294/4294/4294 4295/4295/4295
f 4298/4298/4298 4296/4296/4296 4294/4294/4294
f 4299/4299/4299 4298/4298/4298 4294/4294/4294
f 4296/4296/4296 4292/4292/4292 4284/4284/4284
f 4296/4296/4296 4300/4300/4300 4292/4292/4292
f 4300/4300/4300 4301/4301/4301 4292/4292/4292
f 4302/4302/4302 4301/4301/4301 4300/4300/4300
f 4266/4266/4266 4303/4303/4303 4265/4265/4265
f 4303/4303/4303 4269/4269/4269 4265/4265/4265
f 4303/4303/4303 4277/4277/4277 4269/4269/4269
f 4288/4288/4288 4304/4304/4304 4266/4266/4266
f 4304/4304/4304 4303/4303/4303 4266/4266/4266
f 4291/4291/4291 4304/4304/4304 4288/4288/4288
f 4305/4305/4305 4277/4277/4277 4303/4303/4303
f 4305/4305/4305 4306/4306/4306 4277/4277/4277
f 4277/4277/4277 4279/4279/4279 4276/4276/4276
f 4307/4307/4307 4279/4279/4279 4277/4277/4277
f 4308/4308/4308 4306/4306/4306 4305/4305/4305
f 4311/4311/4311 4310/4310/4310 4309/4309/4309
f 4306/4306/4306 4312/4312/4312 4277/4277/4277
f 4312/4312/4312 4307/4307/4307 4277/4277/4277
f 4310/4310/4310 4312/4312/4312 4306/4306/4306
f 4313/4313/4313 4291/4291/4291 4292/4292/4292
f 4313/4313/4313 4304/4304/4304 4291/4291/4291
f 4313/4313/4313 4311/4311/4311 4304/4304/4304
f 4301/4301/4301 4314/4314/4314 4292/4292/4292
f 4314/4314/4314 4313/4313/4313 4292/4292/4292
f 4315/4315/4315 4314/4314/4314 4301/4301/4301
f 4316/4316/4316 4311/4311/4311 4313/4313/4313
f 4316/4316/4316 4317/4317/4317 4311/4311/4311
f 4311/4311/4311 4318/4318/4318 4310/4310/4310
f 4318/4318/4318 4312/4312/4312 4310/4310/4310
f 4319/4319/4319 4317/4317/4317 4316/4316/4316
f 4317/4317/4317 4320/4320/4320 4311/4311/4311
f 4320/4320/4320 4318/4318/4318 4311/4311/4311
f 4321/4321/4321 4320/4320/4320 4317/4317/4317
f 4322/4322/4322 3805/3805/3805 3803/3803/3803
f 4271/4271/4271 3486/3486/3486 4268/4268/4268
f 4272/4272/4272 3486/3486/3486 4271/4271/4271
f 4278/4278/4278 3486/3486/3486 4272/4272/4272
f 4325/4325/4325 4324/4324/4324 4323/4323/4323
f 4328/4328/4328 4327/4327/4327 4326/4326/4326
f 4323/4323/4323 3486/3486/3486 4278/4278/4278
f 4324/4324/4324 3486/3486/3486 4323/4323/4323
f 4329/4329/4329 3486/3486/3486 4324/4324/4324
f 4330/4330/4330 4329/4329/4329 4324/4324/4324
f 4332/4332/4332 4331/4331/4331 3486/3486/3486
f 4333/4333/4333 3486/3486/3486 4329/4329/4329
f 4334/4334/4334 4332/4332/4332 4333/4333/4333
f 4333/4333/4333 4332/4332/4332 3486/3486/3486
f 4337/4337/4337 4336/4336/4336 4335/4335/4335
f 4332/4332/4332 4338/4338/4338 4331/4331/4331
f 4307/4307/4307 4328/4328/4328 4279/4279/4279
f 4339/4339/4339 4328/4328/4328 4307/4307/4307
f 4339/4339/4339 4340/4340/4340 4328/4328/4328
f 4341/4341/4341 4340/4340/4340 4339/4339/4339
f 4344/4344/4344 4343/4343/4343 4342/4342/4342
f 4345/4345/4345 4330/4330/4330 4324/4324/4324
f 4327/4327/4327 4346/4346/4346 4324/4324/4324
f 4328/4328/4328 4346/4346/4346 4327/4327/4327
f 4346/4346/4346 4345/4345/4345 4324/4324/4324
f 4345/4345/4345 4337/4337/4337 4330/4330/4330
f 4347/4347/4347 4337/4337/4337 4345/4345/4345
f 4340/4340/4340 4348/4348/4348 4328/4328/4328
f 4348/4348/4348 4346/4346/4346 4328/4328/4328
f 4318/4318/4318 4344/4344/4344 4312/4312/4312
f 4349/4349/4349 4344/4344/4344 4318/4318/4318
f 4349/4349/4349 4350/4350/4350 4344/4344/4344
f 4351/4351/4351 4350/4350/4350 4349/4349/4349
f 4343/4343/4343 4348/4348/4348 4340/4340/4340
f 4344/4344/4344 4352/4352/4352 4343/4343/4343
f 4348/4348/4348 4353/4353/4353 4346/4346/4346
f 4354/4354/4354 4353/4353/4353 4348/4348/4348
f 4352/4352/4352 4348/4348/4348 4343/4343/4343
f 4350/4350/4350 4352/4352/4352 4344/4344/4344
f 4337/4337/4337 4355/4355/4355 4336/4336/4336
f 4336/4336/4336 4356/4356/4356 4332/4332/4332
f 4357/4357/4357 4355/4355/4355 4337/4337/4337
f 4358/4358/4358 4355/4355/4355 4357/4357/4357
f 4355/4355/4355 4359/4359/4359 4336/4336/4336
f 4353/4353/4353 4361/4361/4361 4360/4360/4360
f 4338/4338/4338 4362/4362/4362 4331/4331/4331
f 4362/4362/4362 4363/4363/4363 4331/4331/4331
f 4363/4363/4363 4364/4364/4364 4331/4331/4331
f 4364/4364/4364 4365/4365/4365 4331/4331/4331
f 4361/4361/4361 4366/4366/4366 4355/4355/4355
f 4353/4353/4353 4367/4367/4367 4361/4361/4361
f 4354/4354/4354 4368/4368/4368 4353/4353/4353
f 4356/4356/4356 4369/4369/4369 4332/4332/4332
f 4369/4369/4369 4338/4338/4338 4332/4332/4332
f 4359/4359/4359 4356/4356/4356 4336/4336/4336
f 4371/4371/4371 4370/4370/4370 4355/4355/4355
f 4366/4366/4366 4371/4371/4371 4355/4355/4355
f 4370/4370/4370 4359/4359/4359 4355/4355/4355
f 4372/4372/4372 4368/4368/4368 4354/4354/4354
f 4373/4373/4373 4367/4367/4367 4353/4353/4353
f 4374/4374/4374 4366/4366/4366 4361/4361/4361
f 4367/4367/4367 4374/4374/4374 4361/4361/4361
f 4376/4376/4376 4375/4375/4375 3539/3539/3539
f 4375/4375/4375 4299/4299/4299 4377/4377/4377
f 4375/4375/4375 4298/4298/4298 4299/4299/4299
f 4376/4376/4376 4298/4298/4298 4375/4375/4375
f 3624/3624/3624 4378/4378/4378 3539/3539/3539
f 4378/4378/4378 4376/4376/4376 3539/3539/3539
f 4379/4379/4379 4378/4378/4378 3624/3624/3624
f 4380/4380/4380 4376/4376/4376 4378/4378/4378
f 4376/4376/4376 4381/4381/4381 4298/4298/4298
f 4381/4381/4381 4315/4315/4315 4382/4382/4382
f 4376/4376/4376 4383/4383/4383 4381/4381/4381
f 4385/4385/4385 4384/4384/4384 4381/4381/4381
f 4386/4386/4386 4384/4384/4384 4385/4385/4385
f 4388/4388/4388 4380/4380/4380 4387/4387/4387
f 4380/4380/4380 4389/4389/4389 4376/4376/4376
f 4388/4388/4388 4389/4389/4389 4380/4380/4380
f 3634/3634/3634 4390/4390/4390 3629/3629/3629
f 3633/3633/3633 4388/4388/4388 3630/3630/3630
f 4390/4390/4390 3633/3633/3633 3629/3629/3629
f 3633/3633/3633 4389/4389/4389 4388/4388/4388
f 4391/4391/4391 4390/4390/4390 3634/3634/3634
f 4392/4392/4392 3633/3633/3633 4390/4390/4390
f 4395/4395/4395 4394/4394/4394 4393/4393/4393
f 3633/3633/3633 4396/4396/4396 4389/4389/4389
f 4396/4396/4396 4397/4397/4397 4389/4389/4389
f 4398/4398/4398 4395/4395/4395 4389/4389/4389
f 4397/4397/4397 4398/4398/4398 4389/4389/4389
f 4399/4399/4399 4397/4397/4397 4396/4396/4396
f 4381/4381/4381 4314/4314/4314 4315/4315/4315
f 4400/4400/4400 4314/4314/4314 4381/4381/4381
f 4400/4400/4400 4401/4401/4401 4314/4314/4314
f 4384/4384/4384 4400/4400/4400 4381/4381/4381
f 4402/4402/4402 4400/4400/4400 4384/4384/4384
f 4401/4401/4401 4321/4321/4321 4403/4403/4403
f 4401/4401/4401 4404/4404/4404 4321/4321/4321
f 4404/4404/4404 4320/4320/4320 4321/4321/4321
f 4405/4405/4405 4401/4401/4401 4400/4400/4400
f 4405/4405/4405 4406/4406/4406 4401/4401/4401
f 4407/4407/4407 4406/4406/4406 4405/4405/4405
f 4406/4406/4406 4408/4408/4408 4401/4401/4401
f 4408/4408/4408 4404/4404/4404 4401/4401/4401
f 4394/4394/4394 4402/4402/4402 4384/4384/4384
f 4402/4402/4402 4394/4394/4394 4395/4395/4395
f 4398/4398/4398 4402/4402/4402 4395/4395/4395
f 4409/4409/4409 4398/4398/4398 4397/4397/4397
f 4398/4398/4398 4410/4410/4410 4402/4402/4402
f 4413/4413/4413 4412/4412/4412 4411/4411/4411
f 4412/4412/4412 4408/4408/4408 4406/4406/4406
f 4413/4413/4413 4408/4408/4408 4412/4412/4412
f 4414/4414/4414 4413/4413/4413 4402/4402/4402
f 4410/4410/4410 4414/4414/4414 4402/4402/4402
f 4415/4415/4415 4414/4414/4414 4410/4410/4410
f 4414/4414/4414 4416/4416/4416 4413/4413/4413
f 4416/4416/4416 4408/4408/4408 4413/4413/4413
f 4392/4392/4392 4417/4417/4417 3633/3633/3633
f 4419/4419/4419 4392/4392/4392 4418/4418/4418
f 4419/4419/4419 4417/4417/4417 4392/4392/4392
f 3643/3643/3643 3638/3638/3638 3637/3637/3637
f 3643/3643/3643 3642/3642/3642 3638/3638/3638
f 4421/4421/4421 4409/4409/4409 4420/4420/4420
f 3643/3643/3643 3639/3639/3639 3642/3642/3642
f 3643/3643/3643 3645/3645/3645 3639/3639/3639
f 4409/4409/4409 4422/4422/4422 4398/4398/4398
f 4422/4422/4422 4409/4409/4409 4421/4421/4421
f 3643/3643/3643 3646/3646/3646 3645/3645/3645
f 3643/3643/3643 4419/4419/4419 3646/3646/3646
f 4425/4425/4425 4424/4424/4424 4423/4423/4423
f 4424/4424/4424 4426/4426/4426 4414/4414/4414
f 4426/4426/4426 4416/4416/4416 4414/4414/4414
f 4425/4425/4425 4426/4426/4426 4424/4424/4424
f 3643/3643/3643 4417/4417/4417 4419/4419/4419
f 3643/3643/3643 4421/4421/4421 4417/4417/4417
f 4404/4404/4404 4427/4427/4427 4320/4320/4320
f 4427/4427/4427 4429/4429/4429 4428/4428/4428
f 4430/4430/4430 4427/4427/4427 4404/4404/4404
f 4430/4430/4430 4431/4431/4431 4427/4427/4427
f 4432/4432/4432 4431/4431/4431 4430/4430/4430
f 4429/4429/4429 4433/4433/4433 4350/4350/4350
f 4433/4433/4433 4352/4352/4352 4350/4350/4350
f 4427/4427/4427 4433/4433/4433 4429/4429/4429
f 4433/4433/4433 4434/4434/4434 4352/4352/4352
f 4431/4431/4431 4435/4435/4435 4427/4427/4427
f 4435/4435/4435 4433/4433/4433 4427/4427/4427
f 4436/4436/4436 4434/4434/4434 4433/4433/4433
f 4439/4439/4439 4438/4438/4438 4437/4437/4437
f 4416/4416/4416 4439/4439/4439 4408/4408/4408
f 4440/4440/4440 4439/4439/4439 4416/4416/4416
f 4442/4442/4442 4441/4441/4441 4439/4439/4439
f 4443/4443/4443 4441/4441/4441 4442/4442/4442
f 4438/4438/4438 4435/4435/4435 4431/4431/4431
f 4439/4439/4439 4444/4444/4444 4438/4438/4438
f 4444/4444/4444 4435/4435/4435 4438/4438/4438
f 4441/4441/4441 4445/4445/4445 4439/4439/4439
f 4445/4445/4445 4444/4444/4444 4439/4439/4439
f 4444/4444/4444 4446/4446/4446 4435/4435/4435
f 4447/4447/4447 4446/4446/4446 4444/4444/4444
f 4434/4434/4434 4449/4449/4449 4448/4448/4448
f 4436/4436/4436 4450/4450/4450 4434/4434/4434
f 4451/4451/4451 4450/4450/4450 4436/4436/4436
f 4368/4368/4368 3643/3643/3643 4353/4353/4353
f 3643/3643/3643 4373/4373/4373 4353/4353/4353
f 4365/4365/4365 3643/3643/3643 4331/4331/4331
f 4446/4446/4446 4453/4453/4453 4452/4452/4452
f 4449/4449/4449 3643/3643/3643 4368/4368/4368
f 3643/3643/3643 4454/4454/4454 4373/4373/4373
f 3643/3643/3643 4455/4455/4455 4454/4454/4454
f 3643/3643/3643 4456/4456/4456 4455/4455/4455
f 3643/3643/3643 4457/4457/4457 4456/4456/4456
f 4434/4434/4434 3643/3643/3643 4449/4449/4449
f 4447/4447/4447 4458/4458/4458 4446/4446/4446
f 4459/4459/4459 4458/4458/4458 4447/4447/4447
f 4450/4450/4450 3643/3643/3643 4434/4434/4434
f 4453/4453/4453 3643/3643/3643 4450/4450/4450
f 3643/3643/3643 4460/4460/4460 4457/4457/4457
f 3643/3643/3643 4461/4461/4461 4460/4460/4460
f 3643/3643/3643 4462/4462/4462 4461/4461/4461
f 3643/3643/3643 4463/4463/4463 4462/4462/4462
f 4463/4463/4463 3643/3643/3643 4464/4464/4464
f 4465/4465/4465 3643/3643/3643 4365/4365/4365
f 3643/3643/3643 4465/4465/4465 4464/4464/4464
f 4468/4468/4468 4467/4467/4467 4466/4466/4466
f 3643/3643/3643 4422/4422/4422 4421/4421/4421
f 3643/3643/3643 4425/4425/4425 4422/4422/4422
f 3643/3643/3643 4426/4426/4426 4425/4425/4425
f 4467/4467/4467 4445/4445/4445 4441/4441/4441
f 4468/4468/4468 4445/4445/4445 4467/4467/4467
f 3643/3643/3643 4468/4468/4468 4426/4426/4426
f 3643/3643/3643 4445/4445/4445 4468/4468/4468
f 4471/4471/4471 4470/4470/4470 4469/4469/4469
f 4446/4446/4446 3643/3643/3643 4453/4453/4453
f 4458/4458/4458 3643/3643/3643 4446/4446/4446
f 4470/4470/4470 3643/3643/3643 4458/4458/4458
f 3643/3643/3643 4471/4471/4471 4445/4445/4445
f 4471/4471/4471 3643/3643/3643 4470/4470/4470
f 4474/4474/4474 4473/4473/4473 4472/4472/4472
f 3806/3806/3806 3779/3779/3779 3773/3773/3773
f 3825/3825/3825 4475/4475/4475 3822/3822/3822
f 3806/3806/3806 3794/3794/3794 3779/3779/3779
f 4477/4477/4477 3825/3825/3825 4476/4476/4476
f 4479/4479/4479 4478/4478/4478 4475/4475/4475
f 4477/4477/4477 4475/4475/4475 3825/3825/3825
f 4481/4481/4481 4480/4480/4480 4479/4479/4479
f 4482/4482/4482 4477/4477/4477 4476/4476/4476
f 4477/4477/4477 4479/4479/4479 4475/4475/4475
f 4477/4477/4477 4481/4481/4481 4479/4479/4479
f 4484/4484/4484 4483/4483/4483 4481/4481/4481
f 4483/4483/4483 4485/4485/4485 4481/4481/4481
f 4488/4488/4488 4487/4487/4487 4486/4486/4486
f 4485/4485/4485 4489/4489/4489 4481/4481/4481
f 3806/3806/3806 3807/3807/3807 3794/3794/3794
f 3806/3806/3806 3817/3817/3817 3807/3807/3807
f 4477/4477/4477 4484/4484/4484 4481/4481/4481
f 4484/4484/4484 4490/4490/4490 4483/4483/4483
f 4477/4477/4477 4491/4491/4491 4484/4484/4484
f 3806/3806/3806 3823/3823/3823 3817/3817/3817
f 4491/4491/4491 4492/4492/4492 4484/4484/4484
f 4494/4494/4494 4493/4493/4493 4492/4492/4492
f 4495/4495/4495 4490/4490/4490 4484/4484/4484
f 4495/4495/4495 4496/4496/4496 4490/4490/4490
f 3806/3806/3806 4476/4476/4476 3823/3823/3823
f 4497/4497/4497 4492/4492/4492 4491/4491/4491
f 4499/4499/4499 4498/4498/4498 4494/4494/4494
f 4500/4500/4500 4494/4494/4494 4492/4492/4492
f 4497/4497/4497 4500/4500/4500 4492/4492/4492
f 4500/4500/4500 4499/4499/4499 4494/4494/4494
f 4502/4502/4502 4501/4501/4501 4499/4499/4499
f 4500/4500/4500 4502/4502/4502 4499/4499/4499
f 4502/4502/4502 4503/4503/4503 4501/4501/4501
f 3806/3806/3806 4482/4482/4482 4476/4476/4476
f 4500/4500/4500 4504/4504/4504 4502/4502/4502
f 4501/4501/4501 4505/4505/4505 4499/4499/4499
f 4508/4508/4508 4507/4507/4507 4506/4506/4506
f 4505/4505/4505 4509/4509/4509 4499/4499/4499
f 4511/4511/4511 4510/4510/4510 4503/4503/4503
f 4502/4502/4502 4511/4511/4511 4503/4503/4503
f 3806/3806/3806 4512/4512/4512 4482/4482/4482
f 4513/4513/4513 4504/4504/4504 4500/4500/4500
f 4515/4515/4515 4514/4514/4514 4504/4504/4504
f 3806/3806/3806 4491/4491/4491 4512/4512/4512
f 3806/3806/3806 4497/4497/4497 4491/4491/4491
f 4516/4516/4516 4504/4504/4504 4513/4513/4513
f 4516/4516/4516 4515/4515/4515 4504/4504/4504
f 4518/4518/4518 4517/4517/4517 4515/4515/4515
f 4516/4516/4516 4518/4518/4518 4515/4515/4515
f 4519/4519/4519 4516/4516/4516 4513/4513/4513
f 4516/4516/4516 4520/4520/4520 4518/4518/4518
f 4520/4520/4520 4521/4521/4521 4518/4518/4518
f 4520/4520/4520 4522/4522/4522 4521/4521/4521
f 4525/4525/4525 4524/4524/4524 4523/4523/4523
f 4521/4521/4521 4526/4526/4526 4518/4518/4518
f 4527/4527/4527 4522/4522/4522 4520/4520/4520
f 4526/4526/4526 4528/4528/4528 4518/4518/4518
f 4527/4527/4527 4529/4529/4529 4522/4522/4522
f 3957/3957/3957 4530/4530/4530 3956/3956/3956
f 3910/3910/3910 4531/4531/4531 3908/3908/3908
f 3913/3913/3913 4532/4532/4532 3911/3911/3911
f 4487/4487/4487 3910/3910/3910 4486/4486/4486
f 4489/4489/4489 3910/3910/3910 4487/4487/4487
f 4485/4485/4485 4495/4495/4495 4489/4489/4489
f 3910/3910/3910 4533/4533/4533 4531/4531/4531
f 4533/4533/4533 3913/3913/3913 4531/4531/4531
f 4534/4534/4534 4532/4532/4532 3913/3913/3913
f 4534/4534/4534 3914/3914/3914 4532/4532/4532
f 4535/4535/4535 4534/4534/4534 3913/3913/3913
f 4536/4536/4536 4535/4535/4535 3913/3913/3913
f 4489/4489/4489 4533/4533/4533 3910/3910/3910
f 4533/4533/4533 4536/4536/4536 3913/3913/3913
f 3914/3914/3914 4534/4534/4534 3907/3907/3907
f 4535/4535/4535 4537/4537/4537 4534/4534/4534
f 4536/4536/4536 4538/4538/4538 4535/4535/4535
f 4533/4533/4533 4539/4539/4539 4536/4536/4536
f 4542/4542/4542 4541/4541/4541 4540/4540/4540
f 4539/4539/4539 4543/4543/4543 4536/4536/4536
f 4543/4543/4543 4544/4544/4544 4536/4536/4536
f 4496/4496/4496 4495/4495/4495 4485/4485/4485
f 4495/4495/4495 4545/4545/4545 4489/4489/4489
f 4545/4545/4545 4546/4546/4546 4489/4489/4489
f 4547/4547/4547 4545/4545/4545 4495/4495/4495
f 4546/4546/4546 4533/4533/4533 4489/4489/4489
f 4548/4548/4548 4533/4533/4533 4546/4546/4546
f 4549/4549/4549 4533/4533/4533 4548/4548/4548
f 4550/4550/4550 4548/4548/4548 4546/4546/4546
f 4551/4551/4551 4533/4533/4533 4549/4549/4549
f 4547/4547/4547 4552/4552/4552 4545/4545/4545
f 4507/4507/4507 4547/4547/4547 4506/4506/4506
f 4550/4550/4550 4553/4553/4553 4548/4548/4548
f 4554/4554/4554 4553/4553/4553 4550/4550/4550
f 4554/4554/4554 4551/4551/4551 4553/4553/4553
f 4555/4555/4555 4554/4554/4554 4550/4550/4550
f 4533/4533/4533 4556/4556/4556 4539/4539/4539
f 4533/4533/4533 4557/4557/4557 4556/4556/4556
f 4557/4557/4557 4558/4558/4558 4556/4556/4556
f 4554/4554/4554 4533/4533/4533 4551/4551/4551
f 4555/4555/4555 4559/4559/4559 4554/4554/4554
f 3945/3945/3945 4560/4560/4560 3944/3944/3944
f 3942/3942/3942 4561/4561/4561 3941/3941/3941
f 4541/4541/4541 3942/3942/3942 4540/4540/4540
f 4543/4543/4543 4557/4557/4557 4544/4544/4544
f 3942/3942/3942 4562/4562/4562 4561/4561/4561
f 4563/4563/4563 4560/4560/4560 3945/3945/3945
f 4562/4562/4562 3945/3945/3945 4561/4561/4561
f 4541/4541/4541 4562/4562/4562 3942/3942/3942
f 4544/4544/4544 4562/4562/4562 4541/4541/4541
f 3954/3954/3954 4563/4563/4563 3940/3940/3940
f 4563/4563/4563 3954/3954/3954 4560/4560/4560
f 4564/4564/4564 4563/4563/4563 3945/3945/3945
f 4564/4564/4564 4565/4565/4565 4563/4563/4563
f 4566/4566/4566 4564/4564/4564 3945/3945/3945
f 4566/4566/4566 4567/4567/4567 4564/4564/4564
f 4562/4562/4562 4566/4566/4566 3945/3945/3945
f 4562/4562/4562 4568/4568/4568 4566/4566/4566
f 4568/4568/4568 4569/4569/4569 4566/4566/4566
f 4558/4558/4558 4557/4557/4557 4543/4543/4543
f 4557/4557/4557 4570/4570/4570 4544/4544/4544
f 4571/4571/4571 4570/4570/4570 4557/4557/4557
f 4570/4570/4570 4572/4572/4572 4544/4544/4544
f 4572/4572/4572 4562/4562/4562 4544/4544/4544
f 4573/4573/4573 4562/4562/4562 4572/4572/4572
f 4574/4574/4574 4573/4573/4573 4572/4572/4572
f 4576/4576/4576 4571/4571/4571 4575/4575/4575
f 4571/4571/4571 4577/4577/4577 4570/4570/4570
f 4574/4574/4574 4578/4578/4578 4573/4573/4573
f 4579/4579/4579 4578/4578/4578 4574/4574/4574
f 4580/4580/4580 4562/4562/4562 4573/4573/4573
f 4562/4562/4562 4581/4581/4581 4568/4568/4568
f 4580/4580/4580 4582/4582/4582 4562/4562/4562
f 4583/4583/4583 4581/4581/4581 4562/4562/4562
f 4582/4582/4582 4579/4579/4579 4562/4562/4562
f 4579/4579/4579 4582/4582/4582 4578/4578/4578
f 4584/4584/4584 4579/4579/4579 4574/4574/4574
f 4584/4584/4584 4585/4585/4585 4579/4579/4579
f 4507/4507/4507 4509/4509/4509 4547/4547/4547
f 4505/4505/4505 4511/4511/4511 4509/4509/4509
f 4510/4510/4510 4511/4511/4511 4505/4505/4505
f 4511/4511/4511 4586/4586/4586 4509/4509/4509
f 4587/4587/4587 4550/4550/4550 4552/4552/4552
f 4547/4547/4547 4587/4587/4587 4552/4552/4552
f 4509/4509/4509 4587/4587/4587 4547/4547/4547
f 4588/4588/4588 4555/4555/4555 4550/4550/4550
f 4587/4587/4587 4588/4588/4588 4550/4550/4550
f 4586/4586/4586 4587/4587/4587 4509/4509/4509
f 4589/4589/4589 4586/4586/4586 4511/4511/4511
f 4590/4590/4590 4589/4589/4589 4511/4511/4511
f 4591/4591/4591 4587/4587/4587 4586/4586/4586
f 4592/4592/4592 4587/4587/4587 4591/4591/4591
f 4593/4593/4593 4591/4591/4591 4586/4586/4586
f 4594/4594/4594 4587/4587/4587 4592/4592/4592
f 4588/4588/4588 4595/4595/4595 4555/4555/4555
f 4587/4587/4587 4596/4596/4596 4588/4588/4588
f 4587/4587/4587 4597/4597/4597 4596/4596/4596
f 4598/4598/4598 4576/4576/4576 4575/4575/4575
f 4600/4600/4600 4599/4599/4599 4588/4588/4588
f 4596/4596/4596 4600/4600/4600 4588/4588/4588
f 4602/4602/4602 4601/4601/4601 4597/4597/4597
f 4587/4587/4587 4602/4602/4602 4597/4597/4597
f 4590/4590/4590 4603/4603/4603 4589/4589/4589
f 4524/4524/4524 4590/4590/4590 4523/4523/4523
f 4528/4528/4528 4590/4590/4590 4524/4524/4524
f 4593/4593/4593 4604/4604/4604 4591/4591/4591
f 4605/4605/4605 4593/4593/4593 4603/4603/4603
f 4606/4606/4606 4604/4604/4604 4593/4593/4593
f 4606/4606/4606 4594/4594/4594 4604/4604/4604
f 4607/4607/4607 4606/4606/4606 4593/4593/4593
f 4605/4605/4605 4607/4607/4607 4593/4593/4593
f 4526/4526/4526 4527/4527/4527 4528/4528/4528
f 4529/4529/4529 4527/4527/4527 4526/4526/4526
f 4527/4527/4527 4608/4608/4608 4528/4528/4528
f 4609/4609/4609 4608/4608/4608 4527/4527/4527
f 4590/4590/4590 4610/4610/4610 4603/4603/4603
f 4528/4528/4528 4610/4610/4610 4590/4590/4590
f 4610/4610/4610 4605/4605/4605 4603/4603/4603
f 4608/4608/4608 4610/4610/4610 4528/4528/4528
f 4611/4611/4611 4610/4610/4610 4608/4608/4608
f 4612/4612/4612 4610/4610/4610 4611/4611/4611
f 4594/4594/4594 4606/4606/4606 4587/4587/4587
f 4607/4607/4607 4613/4613/4613 4606/4606/4606
f 4616/4616/4616 4615/4615/4615 4614/4614/4614
f 4605/4605/4605 4617/4617/4617 4607/4607/4607
f 4610/4610/4610 4618/4618/4618 4605/4605/4605
f 4610/4610/4610 4619/4619/4619 4618/4618/4618
f 4618/4618/4618 4620/4620/4620 4605/4605/4605
f 4620/4620/4620 4621/4621/4621 4605/4605/4605
f 4610/4610/4610 4622/4622/4622 4619/4619/4619
f 4622/4622/4622 4623/4623/4623 4619/4619/4619
f 4600/4600/4600 4602/4602/4602 4599/4599/4599
f 4601/4601/4601 4602/4602/4602 4600/4600/4600
f 4602/4602/4602 4624/4624/4624 4599/4599/4599
f 4625/4625/4625 4577/4577/4577 4571/4571/4571
f 4576/4576/4576 4625/4625/4625 4571/4571/4571
f 4599/4599/4599 4625/4625/4625 4576/4576/4576
f 4625/4625/4625 4574/4574/4574 4577/4577/4577
f 4624/4624/4624 4626/4626/4626 4599/4599/4599
f 4626/4626/4626 4625/4625/4625 4599/4599/4599
f 4627/4627/4627 4624/4624/4624 4602/4602/4602
f 4628/4628/4628 4625/4625/4625 4626/4626/4626
f 4629/4629/4629 4628/4628/4628 4626/4626/4626
f 4630/4630/4630 4584/4584/4584 4574/4574/4574
f 4625/4625/4625 4630/4630/4630 4574/4574/4574
f 4630/4630/4630 4631/4631/4631 4584/4584/4584
f 4625/4625/4625 4632/4632/4632 4630/4630/4630
f 4625/4625/4625 4633/4633/4633 4632/4632/4632
f 4632/4632/4632 4634/4634/4634 4630/4630/4630
f 4635/4635/4635 4625/4625/4625 4628/4628/4628
f 4635/4635/4635 4636/4636/4636 4625/4625/4625
f 4625/4625/4625 4637/4637/4637 4633/4633/4633
f 4615/4615/4615 4627/4627/4627 4614/4614/4614
f 4627/4627/4627 4638/4638/4638 4624/4624/4624
f 4629/4629/4629 4639/4639/4639 4628/4628/4628
f 4640/4640/4640 4639/4639/4639 4629/4629/4629
f 4620/4620/4620 4622/4622/4622 4621/4621/4621
f 4623/4623/4623 4622/4622/4622 4620/4620/4620
f 4641/4641/4641 4638/4638/4638 4627/4627/4627
f 4615/4615/4615 4641/4641/4641 4627/4627/4627
f 4621/4621/4621 4641/4641/4641 4615/4615/4615
f 4641/4641/4641 4629/4629/4629 4638/4638/4638
f 4622/4622/4622 4642/4642/4642 4621/4621/4621
f 4643/4643/4643 4642/4642/4642 4622/4622/4622
f 4642/4642/4642 4641/4641/4641 4621/4621/4621
f 4644/4644/4644 4641/4641/4641 4642/4642/4642
f 4636/4636/4636 4640/4640/4640 4625/4625/4625
f 4640/4640/4640 4636/4636/4636 4639/4639/4639
f 4645/4645/4645 4640/4640/4640 4629/4629/4629
f 4646/4646/4646 4645/4645/4645 4629/4629/4629
f 4645/4645/4645 4647/4647/4647 4640/4640/4640
f 4641/4641/4641 4646/4646/4646 4629/4629/4629
f 4646/4646/4646 4648/4648/4648 4645/4645/4645
f 4649/4649/4649 4641/4641/4641 4644/4644/4644
f 4641/4641/4641 4650/4650/4650 4646/4646/4646
f 4641/4641/4641 4651/4651/4651 4650/4650/4650
f 4650/4650/4650 4652/4652/4652 4646/4646/4646
f 4653/4653/4653 4651/4651/4651 4641/4641/4641
f 4655/4655/4655 4654/4654/4654 3770/3770/3770
f 4654/4654/4654 3959/3959/3959 3770/3770/3770
f 3806/3806/3806 4656/4656/4656 4497/4497/4497
f 4657/4657/4657 4520/4520/4520 4516/4516/4516
f 3806/3806/3806 4513/4513/4513 4656/4656/4656
f 3806/3806/3806 4519/4519/4519 4513/4513/4513
f 4657/4657/4657 4658/4658/4658 4520/4520/4520
f 4660/4660/4660 4659/4659/4659 4658/4658/4658
f 4662/4662/4662 4661/4661/4661 4660/4660/4660
f 4665/4665/4665 4664/4664/4664 4663/4663/4663
f 3806/3806/3806 4666/4666/4666 4519/4519/4519
f 4667/4667/4667 4662/4662/4662 4660/4660/4660
f 4669/4669/4669 4668/4668/4668 4662/4662/4662
f 4667/4667/4667 4670/4670/4670 4662/4662/4662
f 4670/4670/4670 4669/4669/4669 4662/4662/4662
f 4669/4669/4669 4671/4671/4671 4668/4668/4668
f 3806/3806/3806 4657/4657/4657 4666/4666/4666
f 3806/3806/3806 4658/4658/4658 4657/4657/4657
f 3806/3806/3806 4660/4660/4660 4658/4658/4658
f 3806/3806/3806 4667/4667/4667 4660/4660/4660
f 4670/4670/4670 4672/4672/4672 4669/4669/4669
f 4672/4672/4672 4673/4673/4673 4669/4669/4669
f 4668/4668/4668 4674/4674/4674 4662/4662/4662
f 4675/4675/4675 4671/4671/4671 4669/4669/4669
f 4674/4674/4674 4676/4676/4676 4662/4662/4662
f 4675/4675/4675 4677/4677/4677 4671/4671/4671
f 3806/3806/3806 4678/4678/4678 4667/4667/4667
f 4672/4672/4672 4678/4678/4678 3806/3806/3806
f 4673/4673/4673 4672/4672/4672 3806/3806/3806
f 4680/4680/4680 4679/4679/4679 4673/4673/4673
f 4682/4682/4682 4681/4681/4681 4680/4680/4680
f 4680/4680/4680 4673/4673/4673 3806/3806/3806
f 4682/4682/4682 4680/4680/4680 3806/3806/3806
f 4685/4685/4685 4684/4684/4684 4683/4683/4683
f 4686/4686/4686 4682/4682/4682 3806/3806/3806
f 4687/4687/4687 4609/4609/4609 4527/4527/4527
f 4688/4688/4688 4610/4610/4610 4612/4612/4612
f 4689/4689/4689 4611/4611/4611 4608/4608/4608
f 4687/4687/4687 4690/4690/4690 4609/4609/4609
f 4664/4664/4664 4687/4687/4687 4663/4663/4663
f 4689/4689/4689 4691/4691/4691 4611/4611/4611
f 4692/4692/4692 4690/4690/4690 4687/4687/4687
f 4693/4693/4693 4689/4689/4689 4690/4690/4690
f 4692/4692/4692 4687/4687/4687 4664/4664/4664
f 4694/4694/4694 4691/4691/4691 4689/4689/4689
f 4694/4694/4694 4688/4688/4688 4691/4691/4691
f 4693/4693/4693 4694/4694/4694 4689/4689/4689
f 4692/4692/4692 4693/4693/4693 4690/4690/4690
f 4688/4688/4688 4694/4694/4694 4610/4610/4610
f 4693/4693/4693 4695/4695/4695 4694/4694/4694
f 4692/4692/4692 4696/4696/4696 4693/4693/4693
f 4699/4699/4699 4698/4698/4698 4697/4697/4697
f 4676/4676/4676 4700/4700/4700 4664/4664/4664
f 4674/4674/4674 4700/4700/4700 4676/4676/4676
f 4675/4675/4675 4701/4701/4701 4677/4677/4677
f 4677/4677/4677 4700/4700/4700 4674/4674/4674
f 4702/4702/4702 4701/4701/4701 4675/4675/4675
f 4703/4703/4703 4692/4692/4692 4664/4664/4664
f 4704/4704/4704 4703/4703/4703 4664/4664/4664
f 4700/4700/4700 4704/4704/4704 4664/4664/4664
f 4701/4701/4701 4700/4700/4700 4677/4677/4677
f 4705/4705/4705 4700/4700/4700 4701/4701/4701
f 4706/4706/4706 4700/4700/4700 4705/4705/4705
f 4707/4707/4707 4702/4702/4702 4675/4675/4675
f 4707/4707/4707 4708/4708/4708 4702/4702/4702
f 4709/4709/4709 4705/4705/4705 4701/4701/4701
f 4710/4710/4710 4700/4700/4700 4706/4706/4706
f 4709/4709/4709 4711/4711/4711 4705/4705/4705
f 4703/4703/4703 4712/4712/4712 4692/4692/4692
f 4712/4712/4712 4713/4713/4713 4692/4692/4692
f 4700/4700/4700 4714/4714/4714 4704/4704/4704
f 4714/4714/4714 4715/4715/4715 4704/4704/4704
f 4710/4710/4710 4716/4716/4716 4700/4700/4700
f 4717/4717/4717 4643/4643/4643 4622/4622/4622
f 4718/4718/4718 4644/4644/4644 4642/4642/4642
f 4698/4698/4698 4717/4717/4717 4697/4697/4697
f 4717/4717/4717 4719/4719/4719 4643/4643/4643
f 4718/4718/4718 4720/4720/4720 4644/4644/4644
f 4721/4721/4721 4719/4719/4719 4717/4717/4717
f 4721/4721/4721 4718/4718/4718 4719/4719/4719
f 4722/4722/4722 4720/4720/4720 4718/4718/4718
f 4723/4723/4723 4641/4641/4641 4649/4649/4649
f 4723/4723/4723 4722/4722/4722 4641/4641/4641
f 4722/4722/4722 4723/4723/4723 4720/4720/4720
f 4724/4724/4724 4722/4722/4722 4718/4718/4718
f 4724/4724/4724 4725/4725/4725 4722/4722/4722
f 4721/4721/4721 4724/4724/4724 4718/4718/4718
f 4721/4721/4721 4726/4726/4726 4724/4724/4724
f 4698/4698/4698 4727/4727/4727 4717/4717/4717
f 4713/4713/4713 4727/4727/4727 4698/4698/4698
f 4712/4712/4712 4727/4727/4727 4713/4713/4713
f 4727/4727/4727 4721/4721/4721 4717/4717/4717
f 4714/4714/4714 4728/4728/4728 4715/4715/4715
f 4715/4715/4715 4727/4727/4727 4712/4712/4712
f 4729/4729/4729 4728/4728/4728 4714/4714/4714
f 4728/4728/4728 4727/4727/4727 4715/4715/4715
f 4730/4730/4730 4727/4727/4727 4728/4728/4728
f 4731/4731/4731 4729/4729/4729 4714/4714/4714
f 4732/4732/4732 4730/4730/4730 4728/4728/4728
f 4731/4731/4731 4733/4733/4733 4729/4729/4729
f 4732/4732/4732 4734/4734/4734 4730/4730/4730
f 4727/4727/4727 4735/4735/4735 4721/4721/4721
f 4736/4736/4736 4727/4727/4727 4730/4730/4730
f 4727/4727/4727 4737/4737/4737 4735/4735/4735
f 4735/4735/4735 4738/4738/4738 4721/4721/4721
f 4739/4739/4739 4737/4737/4737 4727/4727/4727
f 4736/4736/4736 4740/4740/4740 4727/4727/4727
f 4740/4740/4740 4741/4741/4741 4727/4727/4727
f 4684/4684/4684 4707/4707/4707 4683/4683/4683
f 4707/4707/4707 4742/4742/4742 4708/4708/4708
f 4716/4716/4716 4709/4709/4709 4708/4708/4708
f 4716/4716/4716 4711/4711/4711 4709/4709/4709
f 4742/4742/4742 4716/4716/4716 4708/4708/4708
f 4716/4716/4716 4710/4710/4710 4711/4711/4711
f 4684/4684/4684 4742/4742/4742 4707/4707/4707
f 4744/4744/4744 4743/4743/4743 4684/4684/4684
f 4743/4743/4743 4742/4742/4742 4684/4684/4684
f 4745/4745/4745 4744/4744/4744 4682/4682/4682
f 4742/4742/4742 4746/4746/4746 4716/4716/4716
f 4743/4743/4743 4747/4747/4747 4742/4742/4742
f 4750/4750/4750 4749/4749/4749 4748/4748/4748
f 4751/4751/4751 4743/4743/4743 4744/4744/4744
f 4752/4752/4752 4686/4686/4686 3806/3806/3806
f 4753/4753/4753 4752/4752/4752 3806/3806/3806
f 4754/4754/4754 4753/4753/4753 3806/3806/3806
f 4755/4755/4755 4731/4731/4731 4748/4748/4748
f 4749/4749/4749 4756/4756/4756 4748/4748/4748
f 4755/4755/4755 4733/4733/4733 4731/4731/4731
f 4755/4755/4755 4732/4732/4732 4733/4733/4733
f 4741/4741/4741 4734/4734/4734 4732/4732/4732
f 4757/4757/4757 4756/4756/4756 4749/4749/4749
f 4756/4756/4756 4755/4755/4755 4748/4748/4748
f 4758/4758/4758 4756/4756/4756 4757/4757/4757
f 4759/4759/4759 4745/4745/4745 4682/4682/4682
f 4760/4760/4760 4759/4759/4759 4682/4682/4682
f 4761/4761/4761 4760/4760/4760 4682/4682/4682
f 4686/4686/4686 4761/4761/4761 4682/4682/4682
f 4762/4762/4762 4757/4757/4757 4743/4743/4743
f 4745/4745/4745 4751/4751/4751 4744/4744/4744
f 4751/4751/4751 4762/4762/4762 4743/4743/4743
f 4741/4741/4741 4740/4740/4740 4734/4734/4734
f 4755/4755/4755 4741/4741/4741 4732/4732/4732
f 4755/4755/4755 4763/4763/4763 4741/4741/4741
f 4756/4756/4756 4764/4764/4764 4755/4755/4755
f 4766/4766/4766 4765/4765/4765 4757/4757/4757
f 4765/4765/4765 4767/4767/4767 4757/4757/4757
f 4762/4762/4762 4766/4766/4766 4757/4757/4757
f 4767/4767/4767 4768/4768/4768 4757/4757/4757
f 4248/4248/4248 4754/4754/4754 3806/3806/3806
f 4473/4473/4473 4769/4769/4769 4472/4472/4472
f 4772/4772/4772 4771/4771/4771 4770/4770/4770
f 4654/4654/4654 4773/4773/4773 3959/3959/3959
f 4774/4774/4774 4773/4773/4773 4654/4654/4654
f 4169/4169/4169 4775/4775/4775 4168/4168/4168
f 4778/4778/4778 4777/4777/4777 4776/4776/4776
f 4777/4777/4777 4169/4169/4169 4776/4776/4776
f 4569/4569/4569 4779/4779/4779 4566/4566/4566
f 4169/4169/4169 4780/4780/4780 4775/4775/4775
f 4569/4569/4569 4583/4583/4583 4779/4779/4779
f 4779/4779/4779 4780/4780/4780 4777/4777/4777
f 4780/4780/4780 4169/4169/4169 4777/4777/4777
f 4171/4171/4171 4781/4781/4781 4170/4170/4170
f 4180/4180/4180 4782/4782/4782 4166/4166/4166
f 4782/4782/4782 4781/4781/4781 4171/4171/4171
f 4780/4780/4780 4171/4171/4171 4775/4775/4775
f 4782/4782/4782 4180/4180/4180 4781/4781/4781
f 4783/4783/4783 4782/4782/4782 4171/4171/4171
f 4783/4783/4783 4784/4784/4784 4782/4782/4782
f 4785/4785/4785 4783/4783/4783 4171/4171/4171
f 4785/4785/4785 4786/4786/4786 4783/4783/4783
f 4780/4780/4780 4785/4785/4785 4171/4171/4171
f 4780/4780/4780 4787/4787/4787 4785/4785/4785
f 4787/4787/4787 4788/4788/4788 4785/4785/4785
f 4583/4583/4583 4789/4789/4789 4581/4581/4581
f 4789/4789/4789 4583/4583/4583 4569/4569/4569
f 4583/4583/4583 4790/4790/4790 4779/4779/4779
f 4790/4790/4790 4791/4791/4791 4779/4779/4779
f 4791/4791/4791 4780/4780/4780 4779/4779/4779
f 4792/4792/4792 4790/4790/4790 4583/4583/4583
f 4794/4794/4794 4793/4793/4793 4791/4791/4791
f 4796/4796/4796 4792/4792/4792 4795/4795/4795
f 4792/4792/4792 4797/4797/4797 4790/4790/4790
f 4793/4793/4793 4780/4780/4780 4791/4791/4791
f 4780/4780/4780 4798/4798/4798 4787/4787/4787
f 4799/4799/4799 4780/4780/4780 4793/4793/4793
f 4799/4799/4799 4800/4800/4800 4780/4780/4780
f 4780/4780/4780 4801/4801/4801 4798/4798/4798
f 4802/4802/4802 4793/4793/4793 4794/4794/4794
f 4800/4800/4800 4803/4803/4803 4780/4780/4780
f 4803/4803/4803 4802/4802/4802 4794/4794/4794
f 4803/4803/4803 4800/4800/4800 4802/4802/4802
f 4804/4804/4804 4803/4803/4803 4794/4794/4794
f 4804/4804/4804 4805/4805/4805 4803/4803/4803
f 4199/4199/4199 4806/4806/4806 4198/4198/4198
f 4809/4809/4809 4808/4808/4808 4807/4807/4807
f 4788/4788/4788 4810/4810/4810 4785/4785/4785
f 4808/4808/4808 4199/4199/4199 4807/4807/4807
f 4808/4808/4808 4811/4811/4811 4199/4199/4199
f 4810/4810/4810 4811/4811/4811 4808/4808/4808
f 4788/4788/4788 4801/4801/4801 4810/4810/4810
f 4208/4208/4208 4812/4812/4812 4200/4200/4200
f 4210/4210/4210 4813/4813/4813 4202/4202/4202
f 4199/4199/4199 4814/4814/4814 4806/4806/4806
f 4814/4814/4814 4208/4208/4208 4806/4806/4806
f 4815/4815/4815 4210/4210/4210 4812/4812/4812
f 4816/4816/4816 4812/4812/4812 4208/4208/4208
f 4811/4811/4811 4814/4814/4814 4199/4199/4199
f 4814/4814/4814 4817/4817/4817 4208/4208/4208
f 4817/4817/4817 4816/4816/4816 4208/4208/4208
f 4818/4818/4818 4813/4813/4813 4210/4210/4210
f 4818/4818/4818 4819/4819/4819 4813/4813/4813
f 4815/4815/4815 4818/4818/4818 4210/4210/4210
f 4815/4815/4815 4820/4820/4820 4818/4818/4818
f 4816/4816/4816 4815/4815/4815 4812/4812/4812
f 4816/4816/4816 4821/4821/4821 4815/4815/4815
f 4801/4801/4801 4822/4822/4822 4798/4798/4798
f 4822/4822/4822 4801/4801/4801 4788/4788/4788
f 4801/4801/4801 4823/4823/4823 4810/4810/4810
f 4823/4823/4823 4811/4811/4811 4810/4810/4810
f 4824/4824/4824 4823/4823/4823 4801/4801/4801
f 4824/4824/4824 4825/4825/4825 4823/4823/4823
f 4827/4827/4827 4824/4824/4824 4826/4826/4826
f 4828/4828/4828 4814/4814/4814 4811/4811/4811
f 4816/4816/4816 4829/4829/4829 4821/4821/4821
f 4817/4817/4817 4830/4830/4830 4816/4816/4816
f 4828/4828/4828 4831/4831/4831 4814/4814/4814
f 4832/4832/4832 4831/4831/4831 4828/4828/4828
f 4832/4832/4832 4830/4830/4830 4831/4831/4831
f 4830/4830/4830 4833/4833/4833 4816/4816/4816
f 4832/4832/4832 4833/4833/4833 4830/4830/4830
f 4832/4832/4832 4834/4834/4834 4833/4833/4833
f 4835/4835/4835 4796/4796/4796 4795/4795/4795
f 4634/4634/4634 4836/4836/4836 4630/4630/4630
f 4637/4637/4637 4837/4837/4837 4633/4633/4633
f 4836/4836/4836 4838/4838/4838 4796/4796/4796
f 4792/4792/4792 4838/4838/4838 4797/4797/4797
f 4796/4796/4796 4838/4838/4838 4792/4792/4792
f 4634/4634/4634 4637/4637/4637 4836/4836/4836
f 4837/4837/4837 4637/4637/4637 4634/4634/4634
f 4637/4637/4637 4839/4839/4839 4836/4836/4836
f 4839/4839/4839 4840/4840/4840 4836/4836/4836
f 4840/4840/4840 4838/4838/4838 4836/4836/4836
f 4841/4841/4841 4839/4839/4839 4637/4637/4637
f 4843/4843/4843 4842/4842/4842 4840/4840/4840
f 4838/4838/4838 4794/4794/4794 4797/4797/4797
f 4844/4844/4844 4804/4804/4804 4794/4794/4794
f 4844/4844/4844 4845/4845/4845 4804/4804/4804
f 4838/4838/4838 4844/4844/4844 4794/4794/4794
f 4838/4838/4838 4846/4846/4846 4844/4844/4844
f 4838/4838/4838 4847/4847/4847 4846/4846/4846
f 4846/4846/4846 4848/4848/4848 4844/4844/4844
f 4842/4842/4842 4838/4838/4838 4840/4840/4840
f 4849/4849/4849 4838/4838/4838 4842/4842/4842
f 4850/4850/4850 4838/4838/4838 4849/4849/4849
f 4838/4838/4838 4851/4851/4851 4847/4847/4847
f 4854/4854/4854 4853/4853/4853 4852/4852/4852
f 4853/4853/4853 4841/4841/4841 4852/4852/4852
f 4841/4841/4841 4855/4855/4855 4839/4839/4839
f 4652/4652/4652 4856/4856/4856 4646/4646/4646
f 4653/4653/4653 4857/4857/4857 4651/4651/4651
f 4841/4841/4841 4858/4858/4858 4855/4855/4855
f 4858/4858/4858 4841/4841/4841 4853/4853/4853
f 4856/4856/4856 4858/4858/4858 4853/4853/4853
f 4652/4652/4652 4653/4653/4653 4856/4856/4856
f 4857/4857/4857 4653/4653/4653 4652/4652/4652
f 4653/4653/4653 4859/4859/4859 4856/4856/4856
f 4859/4859/4859 4860/4860/4860 4856/4856/4856
f 4860/4860/4860 4858/4858/4858 4856/4856/4856
f 4843/4843/4843 4861/4861/4861 4842/4842/4842
f 4850/4850/4850 4862/4862/4862 4838/4838/4838
f 4862/4862/4862 4861/4861/4861 4843/4843/4843
f 4862/4862/4862 4850/4850/4850 4861/4861/4861
f 4863/4863/4863 4862/4862/4862 4843/4843/4843
f 4864/4864/4864 4863/4863/4863 4843/4843/4843
f 4863/4863/4863 4865/4865/4865 4862/4862/4862
f 4858/4858/4858 4843/4843/4843 4855/4855/4855
f 4864/4864/4864 4866/4866/4866 4863/4863/4863
f 4858/4858/4858 4864/4864/4864 4843/4843/4843
f 4867/4867/4867 4858/4858/4858 4860/4860/4860
f 4858/4858/4858 4868/4868/4868 4864/4864/4864
f 4858/4858/4858 4869/4869/4869 4868/4868/4868
f 4870/4870/4870 4858/4858/4858 4867/4867/4867
f 4868/4868/4868 4871/4871/4871 4864/4864/4864
f 4858/4858/4858 4872/4872/4872 4869/4869/4869
f 4873/4873/4873 4827/4827/4827 4826/4826/4826
f 4848/4848/4848 4874/4874/4874 4844/4844/4844
f 4851/4851/4851 4875/4875/4875 4847/4847/4847
f 4848/4848/4848 4851/4851/4851 4874/4874/4874
f 4874/4874/4874 4876/4876/4876 4827/4827/4827
f 4875/4875/4875 4851/4851/4851 4848/4848/4848
f 4851/4851/4851 4877/4877/4877 4874/4874/4874
f 4877/4877/4877 4876/4876/4876 4874/4874/4874
f 4878/4878/4878 4877/4877/4877 4851/4851/4851
f 4879/4879/4879 4828/4828/4828 4825/4825/4825
f 4879/4879/4879 4825/4825/4825 4824/4824/4824
f 4827/4827/4827 4879/4879/4879 4824/4824/4824
f 4880/4880/4880 4832/4832/4832 4828/4828/4828
f 4879/4879/4879 4880/4880/4880 4828/4828/4828
f 4876/4876/4876 4879/4879/4879 4827/4827/4827
f 4880/4880/4880 4881/4881/4881 4832/4832/4832
f 4879/4879/4879 4882/4882/4882 4880/4880/4880
f 4879/4879/4879 4883/4883/4883 4882/4882/4882
f 4884/4884/4884 4879/4879/4879 4876/4876/4876
f 4885/4885/4885 4879/4879/4879 4884/4884/4884
f 4886/4886/4886 4884/4884/4884 4876/4876/4876
f 4885/4885/4885 4887/4887/4887 4879/4879/4879
f 4890/4890/4890 4889/4889/4889 4888/4888/4888
f 4878/4878/4878 4891/4891/4891 4877/4877/4877
f 4889/4889/4889 4878/4878/4878 4888/4888/4888
f 4871/4871/4871 4892/4892/4892 4864/4864/4864
f 4872/4872/4872 4893/4893/4893 4869/4869/4869
f 4871/4871/4871 4872/4872/4872 4892/4892/4892
f 4893/4893/4893 4872/4872/4872 4871/4871/4871
f 4872/4872/4872 4894/4894/4894 4892/4892/4892
f 4894/4894/4894 4895/4895/4895 4892/4892/4892
f 4886/4886/4886 4896/4896/4896 4884/4884/4884
f 4897/4897/4897 4896/4896/4896 4886/4886/4886
f 4897/4897/4897 4887/4887/4887 4896/4896/4896
f 4898/4898/4898 4897/4897/4897 4886/4886/4886
f 4899/4899/4899 4898/4898/4898 4886/4886/4886
f 4887/4887/4887 4897/4897/4897 4879/4879/4879
f 4898/4898/4898 4900/4900/4900 4897/4897/4897
f 4878/4878/4878 4901/4901/4901 4891/4891/4891
f 4889/4889/4889 4901/4901/4901 4878/4878/4878
f 4901/4901/4901 4886/4886/4886 4891/4891/4891
f 4892/4892/4892 4901/4901/4901 4889/4889/4889
f 4901/4901/4901 4899/4899/4899 4886/4886/4886
f 4895/4895/4895 4901/4901/4901 4892/4892/4892
f 4902/4902/4902 4901/4901/4901 4895/4895/4895
f 4903/4903/4903 4901/4901/4901 4902/4902/4902
f 4899/4899/4899 4904/4904/4904 4898/4898/4898
f 4901/4901/4901 4905/4905/4905 4899/4899/4899
f 4901/4901/4901 4906/4906/4906 4905/4905/4905
f 4909/4909/4909 4908/4908/4908 4907/4907/4907
f 4821/4821/4821 4910/4910/4910 4815/4815/4815
f 4908/4908/4908 4249/4249/4249 4907/4907/4907
f 4910/4910/4910 4911/4911/4911 4815/4815/4815
f 4910/4910/4910 4912/4912/4912 4911/4911/4911
f 4249/4249/4249 4913/4913/4913 4247/4247/4247
f 4218/4218/4218 4248/4248/4248 4219/4219/4219
f 4249/4249/4249 4914/4914/4914 4913/4913/4913
f 4914/4914/4914 4915/4915/4915 4913/4913/4913
f 4914/4914/4914 4249/4249/4249 4908/4908/4908
f 4911/4911/4911 4916/4916/4916 4908/4908/4908
f 4916/4916/4916 4914/4914/4914 4908/4908/4908
f 4229/4229/4229 4248/4248/4248 4218/4218/4218
f 4912/4912/4912 4829/4829/4829 4816/4816/4816
f 4912/4912/4912 4917/4917/4917 4829/4829/4829
f 4917/4917/4917 4912/4912/4912 4910/4910/4910
f 4920/4920/4920 4919/4919/4919 4918/4918/4918
f 4912/4912/4912 4916/4916/4916 4911/4911/4911
f 4919/4919/4919 4916/4916/4916 4912/4912/4912
f 4230/4230/4230 4248/4248/4248 4229/4229/4229
f 4246/4246/4246 4248/4248/4248 4230/4230/4230
f 4919/4919/4919 4921/4921/4921 4916/4916/4916
f 4245/4245/4245 4248/4248/4248 4246/4246/4246
f 4922/4922/4922 4920/4920/4920 4918/4918/4918
f 4882/4882/4882 4923/4923/4923 4880/4880/4880
f 4923/4923/4923 4924/4924/4924 4880/4880/4880
f 4926/4926/4926 4925/4925/4925 4883/4883/4883
f 4923/4923/4923 4926/4926/4926 4924/4924/4924
f 4925/4925/4925 4926/4926/4926 4923/4923/4923
f 4879/4879/4879 4926/4926/4926 4883/4883/4883
f 4920/4920/4920 4927/4927/4927 4919/4919/4919
f 4919/4919/4919 4927/4927/4927 4921/4921/4921
f 4927/4927/4927 4928/4928/4928 4921/4921/4921
f 4924/4924/4924 4927/4927/4927 4920/4920/4920
f 4926/4926/4926 4929/4929/4929 4924/4924/4924
f 4929/4929/4929 4927/4927/4927 4924/4924/4924
f 4915/4915/4915 4248/4248/4248 4245/4245/4245
f 4930/4930/4930 4929/4929/4929 4926/4926/4926
f 4914/4914/4914 4248/4248/4248 4915/4915/4915
f 4933/4933/4933 4932/4932/4932 4931/4931/4931
f 4932/4932/4932 4930/4930/4930 4931/4931/4931
f 4905/4905/4905 4934/4934/4934 4899/4899/4899
f 4935/4935/4935 4906/4906/4906 4901/4901/4901
f 4934/4934/4934 4936/4936/4936 4899/4899/4899
f 4935/4935/4935 4937/4937/4937 4906/4906/4906
f 4934/4934/4934 4935/4935/4935 4936/4936/4936
f 4937/4937/4937 4935/4935/4935 4934/4934/4934
f 4930/4930/4930 4938/4938/4938 4929/4929/4929
f 4928/4928/4928 4248/4248/4248 4914/4914/4914
f 4939/4939/4939 4930/4930/4930 4932/4932/4932
f 4930/4930/4930 4939/4939/4939 4938/4938/4938
f 4936/4936/4936 4939/4939/4939 4932/4932/4932
f 4935/4935/4935 4939/4939/4939 4936/4936/4936
f 4940/4940/4940 4939/4939/4939 4935/4935/4935
f 4927/4927/4927 4248/4248/4248 4928/4928/4928
f 4941/4941/4941 3648/3648/3648 3649/3649/3649
f 4233/4233/4233 4942/4942/4942 4232/4232/4232
f 4773/4773/4773 4250/4250/4250 4072/4072/4072
f 4943/4943/4943 4859/4859/4859 4653/4653/4653
f 4944/4944/4944 4867/4867/4867 4860/4860/4860
f 4947/4947/4947 4946/4946/4946 4945/4945/4945
f 4946/4946/4946 4943/4943/4943 4945/4945/4945
f 4943/4943/4943 4948/4948/4948 4859/4859/4859
f 4949/4949/4949 4948/4948/4948 4943/4943/4943
f 4950/4950/4950 4858/4858/4858 4870/4870/4870
f 4944/4944/4944 4951/4951/4951 4867/4867/4867
f 4950/4950/4950 4952/4952/4952 4858/4858/4858
f 4953/4953/4953 4944/4944/4944 4948/4948/4948
f 4952/4952/4952 4951/4951/4951 4944/4944/4944
f 4952/4952/4952 4950/4950/4950 4951/4951/4951
f 4954/4954/4954 4952/4952/4952 4944/4944/4944
f 4954/4954/4954 4955/4955/4955 4952/4952/4952
f 4953/4953/4953 4954/4954/4954 4944/4944/4944
f 4953/4953/4953 4956/4956/4956 4954/4954/4954
f 4738/4738/4738 4957/4957/4957 4721/4721/4721
f 4739/4739/4739 4958/4958/4958 4737/4737/4737
f 4738/4738/4738 4739/4739/4739 4957/4957/4957
f 4957/4957/4957 4949/4949/4949 4946/4946/4946
f 4949/4949/4949 4943/4943/4943 4946/4946/4946
f 4958/4958/4958 4739/4739/4739 4738/4738/4738
f 4739/4739/4739 4959/4959/4959 4957/4957/4957
f 4959/4959/4959 4949/4949/4949 4957/4957/4957
f 4960/4960/4960 4959/4959/4959 4739/4739/4739
f 4961/4961/4961 4960/4960/4960 4739/4739/4739
f 4963/4963/4963 4962/4962/4962 4959/4959/4959
f 4961/4961/4961 4964/4964/4964 4960/4960/4960
f 4949/4949/4949 4953/4953/4953 4948/4948/4948
f 4949/4949/4949 4965/4965/4965 4953/4953/4953
f 4962/4962/4962 4949/4949/4949 4959/4959/4959
f 4949/4949/4949 4966/4966/4966 4965/4965/4965
f 4967/4967/4967 4949/4949/4949 4962/4962/4962
f 4965/4965/4965 4968/4968/4968 4953/4953/4953
f 4949/4949/4949 4969/4969/4969 4966/4966/4966
f 4967/4967/4967 4970/4970/4970 4949/4949/4949
f 4963/4963/4963 4971/4971/4971 4962/4962/4962
f 4970/4970/4970 4972/4972/4972 4949/4949/4949
f 4973/4973/4973 4894/4894/4894 4872/4872/4872
f 4976/4976/4976 4975/4975/4975 4974/4974/4974
f 4973/4973/4973 4977/4977/4977 4894/4894/4894
f 4975/4975/4975 4973/4973/4973 4974/4974/4974
f 4978/4978/4978 4902/4902/4902 4895/4895/4895
f 4979/4979/4979 4901/4901/4901 4903/4903/4903
f 4978/4978/4978 4980/4980/4980 4902/4902/4902
f 4981/4981/4981 4977/4977/4977 4973/4973/4973
f 4981/4981/4981 4978/4978/4978 4977/4977/4977
f 4982/4982/4982 4980/4980/4980 4978/4978/4978
f 4982/4982/4982 4979/4979/4979 4980/4980/4980
f 4983/4983/4983 4982/4982/4982 4978/4978/4978
f 4984/4984/4984 4983/4983/4983 4978/4978/4978
f 4979/4979/4979 4982/4982/4982 4901/4901/4901
f 4983/4983/4983 4985/4985/4985 4982/4982/4982
f 4984/4984/4984 4986/4986/4986 4983/4983/4983
f 4968/4968/4968 4987/4987/4987 4953/4953/4953
f 4969/4969/4969 4988/4988/4988 4966/4966/4966
f 4968/4968/4968 4969/4969/4969 4987/4987/4987
f 4988/4988/4988 4969/4969/4969 4968/4968/4968
f 4969/4969/4969 4989/4989/4989 4987/4987/4987
f 4990/4990/4990 4989/4989/4989 4969/4969/4969
f 4991/4991/4991 4990/4990/4990 4969/4969/4969
f 4991/4991/4991 4992/4992/4992 4990/4990/4990
f 4975/4975/4975 4981/4981/4981 4973/4973/4973
f 4987/4987/4987 4981/4981/4981 4975/4975/4975
f 4981/4981/4981 4984/4984/4984 4978/4978/4978
f 4989/4989/4989 4981/4981/4981 4987/4987/4987
f 4993/4993/4993 4981/4981/4981 4989/4989/4989
f 4994/4994/4994 4981/4981/4981 4993/4993/4993
f 4981/4981/4981 4995/4995/4995 4984/4984/4984
f 4981/4981/4981 4996/4996/4996 4995/4995/4995
f 4997/4997/4997 4993/4993/4993 4989/4989/4989
f 4997/4997/4997 4998/4998/4998 4993/4993/4993
f 4994/4994/4994 4999/4999/4999 4981/4981/4981
f 4999/4999/4999 5000/5000/5000 4981/4981/4981
f 5002/5002/5002 4961/4961/4961 5001/5001/5001
f 5003/5003/5003 5002/5002/5002 5001/5001/5001
f 4961/4961/4961 5004/5004/5004 4964/4964/4964
f 5002/5002/5002 5005/5005/5005 4961/4961/4961
f 5006/5006/5006 5005/5005/5005 5002/5002/5002
f 5004/5004/5004 4963/4963/4963 4964/4964/4964
f 4972/4972/4972 4971/4971/4971 4963/4963/4963
f 4972/4972/4972 4970/4970/4970 4971/4971/4971
f 5004/5004/5004 4972/4972/4972 4963/4963/4963
f 5005/5005/5005 5004/5004/5004 4961/4961/4961
f 5004/5004/5004 5007/5007/5007 4972/4972/4972
f 5005/5005/5005 5008/5008/5008 5004/5004/5004
f 4248/4248/4248 4758/4758/4758 4757/4757/4757
f 4768/4768/4768 4248/4248/4248 4757/4757/4757
f 5011/5011/5011 5010/5010/5010 5009/5009/5009
f 5010/5010/5010 4991/4991/4991 5009/5009/5009
f 4248/4248/4248 5006/5006/5006 4758/4758/4758
f 5012/5012/5012 4248/4248/4248 4768/4768/4768
f 5013/5013/5013 4248/4248/4248 5012/5012/5012
f 5014/5014/5014 4248/4248/4248 5013/5013/5013
f 5015/5015/5015 4248/4248/4248 5014/5014/5014
f 5016/5016/5016 4248/4248/4248 5015/5015/5015
f 4248/4248/4248 5017/5017/5017 4754/4754/4754
f 5018/5018/5018 4248/4248/4248 5016/5016/5016
f 5019/5019/5019 4248/4248/4248 5018/5018/5018
f 4248/4248/4248 5021/5021/5021 5020/5020/5020
f 5017/5017/5017 4248/4248/4248 5020/5020/5020
f 5021/5021/5021 4248/4248/4248 5019/5019/5019
f 4248/4248/4248 5005/5005/5005 5006/5006/5006
f 5022/5022/5022 4997/4997/4997 4992/4992/4992
f 5000/5000/5000 4998/4998/4998 4997/4997/4997
f 5000/5000/5000 4999/4999/4999 4998/4998/4998
f 5022/5022/5022 5000/5000/5000 4997/4997/4997
f 5010/5010/5010 5023/5023/5023 4991/4991/4991
f 5023/5023/5023 4992/4992/4992 4991/4991/4991
f 5023/5023/5023 5022/5022/5022 4992/4992/4992
f 5022/5022/5022 5024/5024/5024 5000/5000/5000
f 5023/5023/5023 5025/5025/5025 5022/5022/5022
f 4248/4248/4248 5026/5026/5026 5005/5005/5005
f 4771/4771/4771 5027/5027/5027 4770/4770/4770
f 5030/5030/5030 5029/5029/5029 5028/5028/5028
f 5029/5029/5029 5031/5031/5031 5028/5028/5028
f 5031/5031/5031 4940/4940/4940 4935/4935/4935
f 5032/5032/5032 4248/4248/4248 4927/4927/4927
f 5031/5031/5031 5033/5033/5033 4940/4940/4940
f 4248/4248/4248 5032/5032/5032 4938/4938/4938
f 4939/4939/4939 4248/4248/4248 4938/4938/4938
f 4995/4995/4995 5034/5034/5034 4984/4984/4984
f 5035/5035/5035 4996/4996/4996 4981/4981/4981
f 5034/5034/5034 5036/5036/5036 4984/4984/4984
f 5034/5034/5034 5035/5035/5035 5036/5036/5036
f 5035/5035/5035 5037/5037/5037 4996/4996/4996
f 5037/5037/5037 5035/5035/5035 5034/5034/5034
f 5036/5036/5036 5038/5038/5038 5029/5029/5029
f 5035/5035/5035 5039/5039/5039 5036/5036/5036
f 5039/5039/5039 5038/5038/5038 5036/5036/5036
f 5040/5040/5040 4248/4248/4248 4939/4939/4939
f 5041/5041/5041 5039/5039/5039 5035/5035/5035
f 4248/4248/4248 5031/5031/5031 5029/5029/5029
f 5041/5041/5041 5042/5042/5042 5039/5039/5039
f 4248/4248/4248 5033/5033/5033 5031/5031/5031
f 4248/4248/4248 5040/5040/5040 5033/5033/5033
f 5038/5038/5038 4248/4248/4248 5029/5029/5029
f 5045/5045/5045 5044/5044/5044 5043/5043/5043
f 5044/5044/5044 5041/5041/5041 5043/5043/5043
f 5026/5026/5026 4248/4248/4248 5010/5010/5010
f 4248/4248/4248 5023/5023/5023 5010/5010/5010
f 5046/5046/5046 4248/4248/4248 5038/5038/5038
f 5041/5041/5041 4248/4248/4248 5042/5042/5042
f 4248/4248/4248 5046/5046/5046 5042/5042/5042
f 4248/4248/4248 5047/5047/5047 5023/5023/5023
f 4248/4248/4248 5041/5041/5041 5044/5044/5044
f 5047/5047/5047 4248/4248/4248 5044/5044/5044
f 4250/4250/4250 4773/4773/4773 4774/4774/4774
f 5050/5050/5050 5049/5049/5049 5048/5048/5048
f 5053/5053/5053 5052/5052/5052 5051/5051/5051
f 5056/5056/5056 5055/5055/5055 5054/5054/5054
f 5059/5059/5059 5058/5058/5058 5057/5057/5057
f 5062/5062/5062 5061/5061/5061 5060/5060/5060
f 5063/5063/5063 5050/5050/5050 5048/5048/5048
f 5064/5064/5064 5053/5053/5053 5051/5051/5051
f 5065/5065/5065 5055/5055/5055 5056/5056/5056
f 5066/5066/5066 5062/5062/5062 5060/5060/5060
f 5067/5067/5067 5058/5058/5058 5059/5059/5059
f 5070/5070/5070 5069/5069/5069 5068/5068/5068
f 5073/5073/5073 5072/5072/5072 5071/5071/5071
f 5076/5076/5076 5075/5075/5075 5074/5074/5074
f 5077/5077/5077 5073/5073/5073 5071/5071/5071
f 5078/5078/5078 5075/5075/5075 5076/5076/5076
f 5079/5079/5079 5077/5077/5077 5071/5071/5071
f 5070/5070/5070 5080/5080/5080 5069/5069/5069
f 5075/5075/5075 5081/5081/5081 5074/5074/5074
f 5079/5079/5079 5082/5082/5082 5077/5077/5077
f 5083/5083/5083 5081/5081/5081 5075/5075/5075
f 5086/5086/5086 5085/5085/5085 5084/5084/5084
f 5089/5089/5089 5088/5088/5088 5087/5087/5087
f 5092/5092/5092 5091/5091/5091 5090/5090/5090
f 5093/5093/5093 5086/5086/5086 5084/5084/5084
f 5094/5094/5094 5088/5088/5088 5089/5089/5089
f 5095/5095/5095 5091/5091/5091 5092/5092/5092
f 5098/5098/5098 5097/5097/5097 5096/5096/5096
f 5101/5101/5101 5100/5100/5100 5099/5099/5099
f 5102/5102/5102 5098/5098/5098 5096/5096/5096
f 5103/5103/5103 5101/5101/5101 5099/5099/5099
f 5106/5106/5106 5105/5105/5105 5104/5104/5104
f 5109/5109/5109 5108/5108/5108 5107/5107/5107
f 5112/5112/5112 5111/5111/5111 5110/5110/5110
f 5113/5113/5113 5109/5109/5109 5107/5107/5107
f 5114/5114/5114 5111/5111/5111 5112/5112/5112
f 5115/5115/5115 5113/5113/5113 5107/5107/5107
f 5116/5116/5116 5106/5106/5106 5104/5104/5104
f 5111/5111/5111 5117/5117/5117 5110/5110/5110
f 5115/5115/5115 5118/5118/5118 5113/5113/5113
f 5119/5119/5119 5117/5117/5117 5111/5111/5111
f 5122/5122/5122 5121/5121/5121 5120/5120/5120
f 5125/5125/5125 5124/5124/5124 5123/5123/5123
f 5128/5128/5128 5127/5127/5127 5126/5126/5126
f 5131/5131/5131 5130/5130/5130 5129/5129/5129
f 5134/5134/5134 5133/5133/5133 5132/5132/5132
f 5135/5135/5135 5121/5121/5121 5122/5122/5122
f 5136/5136/5136 5125/5125/5125 5123/5123/5123
f 5137/5137/5137 5128/5128/5128 5126/5126/5126
f 5138/5138/5138 5134/5134/5134 5132/5132/5132
f 5139/5139/5139 5130/5130/5130 5131/5131/5131
f 5142/5142/5142 5141/5141/5141 5140/5140/5140
f 5145/5145/5145 5144/5144/5144 5143/5143/5143
f 5148/5148/5148 5147/5147/5147 5146/5146/5146
f 5149/5149/5149 5145/5145/5145 5143/5143/5143
f 5150/5150/5150 5147/5147/5147 5148/5148/5148
f 5151/5151/5151 5149/5149/5149 5143/5143/5143
f 5142/5142/5142 5152/5152/5152 5141/5141/5141
f 5147/5147/5147 5153/5153/5153 5146/5146/5146
f 5151/5151/5151 5154/5154/5154 5149/5149/5149
f 5155/5155/5155 5153/5153/5153 5147/5147/5147
f 5158/5158/5158 5157/5157/5157 5156/5156/5156
f 5161/5161/5161 5160/5160/5160 5159/5159/5159
f 5164/5164/5164 5163/5163/5163 5162/5162/5162
f 5167/5167/5167 5166/5166/5166 5165/5165/5165
f 5170/5170/5170 5169/5169/5169 5168/5168/5168
f 5171/5171/5171 5158/5158/5158 5156/5156/5156
f 5172/5172/5172 5160/5160/5160 5161/5161/5161
f 5173/5173/5173 5164/5164/5164 5162/5162/5162
f 5174/5174/5174 5170/5170/5170 5168/5168/5168
f 5175/5175/5175 5166/5166/5166 5167/5167/5167
f 5178/5178/5178 5177/5177/5177 5176/5176/5176
f 5181/5181/5181 5180/5180/5180 5179/5179/5179
f 5184/5184/5184 5183/5183/5183 5182/5182/5182
f 5185/5185/5185 5181/5181/5181 5179/5179/5179
f 5186/5186/5186 5183/5183/5183 5184/5184/5184
f 5187/5187/5187 5185/5185/5185 5179/5179/5179
f 5188/5188/5188 5178/5178/5178 5176/5176/5176
f 5183/5183/5183 5189/5189/5189 5182/5182/5182
f 5187/5187/5187 5190/5190/5190 5185/5185/5185
f 5191/5191/5191 5189/5189/5189 5183/5183/5183
f 5194/5194/5194 5193/5193/5193 5192/5192/5192
f 5197/5197/5197 5196/5196/5196 5195/5195/5195
f 5200/5200/5200 5199/5199/5199 5198/5198/5198
f 5201/5201/5201 5193/5193/5193 5194/5194/5194
f 5199/5199/5199 5202/5202/5202 5198/5198/5198
f 5205/5205/5205 5204/5204/5204 5203/5203/5203
f 5208/5208/5208 5207/5207/5207 5206/5206/5206
f 5209/5209/5209 5205/5205/5205 5203/5203/5203
f 5210/5210/5210 5208/5208/5208 5206/5206/5206
f 5197/5197/5197 5211/5211/5211 5196/5196/5196
f 5214/5214/5214 5213/5213/5213 5212/5212/5212
f 5217/5217/5217 5216/5216/5216 5215/5215/5215
f 5220/5220/5220 5219/5219/5219 5218/5218/5218
f 5221/5221/5221 5217/5217/5217 5215/5215/5215
f 5222/5222/5222 5219/5219/5219 5220/5220/5220
f 5223/5223/5223 5221/5221/5221 5215/5215/5215
f 5214/5214/5214 5224/5224/5224 5213/5213/5213
f 5219/5219/5219 5225/5225/5225 5218/5218/5218
f 5223/5223/5223 5226/5226/5226 5221/5221/5221
f 5227/5227/5227 5225/5225/5225 5219/5219/5219
f 5230/5230/5230 5229/5229/5229 5228/5228/5228
f 5233/5233/5233 5232/5232/5232 5231/5231/5231
f 5236/5236/5236 5235/5235/5235 5234/5234/5234
f 5239/5239/5239 5238/5238/5238 5237/5237/5237
f 5242/5242/5242 5241/5241/5241 5240/5240/5240
f 5243/5243/5243 5230/5230/5230 5228/5228/5228
f 5244/5244/5244 5233/5233/5233 5231/5231/5231
f 5245/5245/5245 5235/5235/5235 5236/5236/5236
f 5246/5246/5246 5242/5242/5242 5240/5240/5240
f 5247/5247/5247 5238/5238/5238 5239/5239/5239
f 5250/5250/5250 5249/5249/5249 5248/5248/5248
f 5253/5253/5253 5252/5252/5252 5251/5251/5251
f 5256/5256/5256 5255/5255/5255 5254/5254/5254
f 5257/5257/5257 5250/5250/5250 5248/5248/5248
f 5255/5255/5255 5258/5258/5258 5254/5254/5254
f 5259/5259/5259 5253/5253/5253 5251/5251/5251
f 5260/5260/5260 5255/5255/5255 5256/5256/5256
f 5261/5261/5261 5259/5259/5259 5251/5251/5251
f 5261/5261/5261 5262/5262/5262 5259/5259/5259
f 5263/5263/5263 5258/5258/5258 5255/5255/5255
f 5266/5266/5266 5265/5265/5265 5264/5264/5264
f 5269/5269/5269 5268/5268/5268 5267/5267/5267
f 5272/5272/5272 5271/5271/5271 5270/5270/5270
f 5275/5275/5275 5274/5274/5274 5273/5273/5273
f 5278/5278/5278 5277/5277/5277 5276/5276/5276
f 5279/5279/5279 5269/5269/5269 5267/5267/5267
f 5280/5280/5280 5265/5265/5265 5266/5266/5266
f 5281/5281/5281 5272/5272/5272 5270/5270/5270
f 5282/5282/5282 5278/5278/5278 5276/5276/5276
f 5283/5283/5283 5274/5274/5274 5275/5275/5275
f 5286/5286/5286 5285/5285/5285 5284/5284/5284
f 5289/5289/5289 5288/5288/5288 5287/5287/5287
f 5292/5292/5292 5291/5291/5291 5290/5290/5290
f 5293/5293/5293 5289/5289/5289 5287/5287/5287
f 5294/5294/5294 5291/5291/5291 5292/5292/5292
f 5295/5295/5295 5293/5293/5293 5287/5287/5287
f 5286/5286/5286 5296/5296/5296 5285/5285/5285
f 5291/5291/5291 5297/5297/5297 5290/5290/5290
f 5295/5295/5295 5298/5298/5298 5293/5293/5293
f 5299/5299/5299 5297/5297/5297 5291/5291/5291
f 5302/5302/5302 5301/5301/5301 5300/5300/5300
f 5303/5303/5303 5301/5301/5301 5302/5302/5302
f 5306/5306/5306 5305/5305/5305 5304/5304/5304
f 5309/5309/5309 5308/5308/5308 5307/5307/5307
f 5312/5312/5312 5311/5311/5311 5310/5310/5310
f 5315/5315/5315 5314/5314/5314 5313/5313/5313
f 5316/5316/5316 5306/5306/5306 5304/5304/5304
f 5317/5317/5317 5309/5309/5309 5307/5307/5307
f 5318/5318/5318 5315/5315/5315 5313/5313/5313
f 5319/5319/5319 5311/5311/5311 5312/5312/5312
f 5322/5322/5322 5321/5321/5321 5320/5320/5320
f 5325/5325/5325 5324/5324/5324 5323/5323/5323
f 5328/5328/5328 5327/5327/5327 5326/5326/5326
f 5329/5329/5329 5325/5325/5325 5323/5323/5323
f 5330/5330/5330 5327/5327/5327 5328/5328/5328
f 5331/5331/5331 5329/5329/5329 5323/5323/5323
f 5332/5332/5332 5322/5322/5322 5320/5320/5320
f 5327/5327/5327 5333/5333/5333 5326/5326/5326
f 5331/5331/5331 5334/5334/5334 5329/5329/5329
f 5335/5335/5335 5333/5333/5333 5327/5327/5327
f 5338/5338/5338 5337/5337/5337 5336/5336/5336
f 5341/5341/5341 5340/5340/5340 5339/5339/5339
f 5344/5344/5344 5343/5343/5343 5342/5342/5342
f 5347/5347/5347 5346/5346/5346 5345/5345/5345
f 5350/5350/5350 5349/5349/5349 5348/5348/5348
f 5351/5351/5351 5338/5338/5338 5336/5336/5336
f 5352/5352/5352 5340/5340/5340 5341/5341/5341
f 5353/5353/5353 5344/5344/5344 5342/5342/5342
f 5354/5354/5354 5350/5350/5350 5348/5348/5348
f 5355/5355/5355 5346/5346/5346 5347/5347/5347
f 5358/5358/5358 5357/5357/5357 5356/5356/5356
f 5361/5361/5361 5360/5360/5360 5359/5359/5359
f 5364/5364/5364 5363/5363/5363 5362/5362/5362
f 5365/5365/5365 5361/5361/5361 5359/5359/5359
f 5366/5366/5366 5363/5363/5363 5364/5364/5364
f 5367/5367/5367 5365/5365/5365 5359/5359/5359
f 5368/5368/5368 5358/5358/5358 5356/5356/5356
f 5363/5363/5363 5369/5369/5369 5362/5362/5362
f 5367/5367/5367 5370/5370/5370 5365/5365/5365
f 5371/5371/5371 5369/5369/5369 5363/5363/5363
f 5374/5374/5374 5373/5373/5373 5372/5372/5372
f 5377/5377/5377 5376/5376/5376 5375/5375/5375
f 5380/5380/5380 5379/5379/5379 5378/5378/5378
f 5383/5383/5383 5382/5382/5382 5381/5381/5381
f 5386/5386/5386 5385/5385/5385 5384/5384/5384
f 5387/5387/5387 5377/5377/5377 5375/5375/5375
f 5388/5388/5388 5373/5373/5373 5374/5374/5374
f 5389/5389/5389 5380/5380/5380 5378/5378/5378
f 5390/5390/5390 5386/5386/5386 5384/5384/5384
f 5391/5391/5391 5382/5382/5382 5383/5383/5383
f 5394/5394/5394 5393/5393/5393 5392/5392/5392
f 5397/5397/5397 5396/5396/5396 5395/5395/5395
f 5400/5400/5400 5399/5399/5399 5398/5398/5398
f 5401/5401/5401 5394/5394/5394 5392/5392/5392
f 5402/5402/5402 5396/5396/5396 5397/5397/5397
f 5403/5403/5403 5401/5401/5401 5392/5392/5392
f 5396/5396/5396 5404/5404/5404 5395/5395/5395
f 5405/5405/5405 5400/5400/5400 5398/5398/5398
f 5403/5403/5403 5406/5406/5406 5401/5401/5401
f 5407/5407/5407 5404/5404/5404 5396/5396/5396
f 5410/5410/5410 5409/5409/5409 5408/5408/5408
f 5413/5413/5413 5412/5412/5412 5411/5411/5411
f 5416/5416/5416 5415/5415/5415 5414/5414/5414
f 5417/5417/5417 5409/5409/5409 5410/5410/5410
f 5418/5418/5418 5413/5413/5413 5411/5411/5411
f 5419/5419/5419 5415/5415/5415 5416/5416/5416
f 5422/5422/5422 5421/5421/5421 5420/5420/5420
f 5425/5425/5425 5424/5424/5424 5423/5423/5423
f 5426/5426/5426 5422/5422/5422 5420/5420/5420
f 5427/5427/5427 5425/5425/5425 5423/5423/5423
f 5430/5430/5430 5429/5429/5429 5428/5428/5428
f 5433/5433/5433 5432/5432/5432 5431/5431/5431
f 5436/5436/5436 5435/5435/5435 5434/5434/5434
f 5437/5437/5437 5430/5430/5430 5428/5428/5428
f 5438/5438/5438 5432/5432/5432 5433/5433/5433
f 5439/5439/5439 5437/5437/5437 5428/5428/5428
f 5432/5432/5432 5440/5440/5440 5431/5431/5431
f 5436/5436/5436 5441/5441/5441 5435/5435/5435
f 5439/5439/5439 5442/5442/5442 5437/5437/5437
f 5443/5443/5443 5440/5440/5440 5432/5432/5432
f 5446/5446/5446 5445/5445/5445 5444/5444/5444
f 5449/5449/5449 5448/5448/5448 5447/5447/5447
f 5452/5452/5452 5451/5451/5451 5450/5450/5450
f 5455/5455/5455 5454/5454/5454 5453/5453/5453
f 5458/5458/5458 5457/5457/5457 5456/5456/5456
f 5459/5459/5459 5445/5445/5445 5446/5446/5446
f 5460/5460/5460 5449/5449/5449 5447/5447/5447
f 5461/5461/5461 5452/5452/5452 5450/5450/5450
f 5462/5462/5462 5458/5458/5458 5456/5456/5456
f 5463/5463/5463 5454/5454/5454 5455/5455/5455
f 5466/5466/5466 5465/5465/5465 5464/5464/5464
f 5469/5469/5469 5468/5468/5468 5467/5467/5467
f 5472/5472/5472 5471/5471/5471 5470/5470/5470
f 5473/5473/5473 5466/5466/5466 5464/5464/5464
f 5474/5474/5474 5468/5468/5468 5469/5469/5469
f 5475/5475/5475 5473/5473/5473 5464/5464/5464
f 5468/5468/5468 5476/5476/5476 5467/5467/5467
f 5477/5477/5477 5472/5472/5472 5470/5470/5470
f 5475/5475/5475 5478/5478/5478 5473/5473/5473
f 5479/5479/5479 5476/5476/5476 5468/5468/5468
f 5482/5482/5482 5481/5481/5481 5480/5480/5480
f 5485/5485/5485 5484/5484/5484 5483/5483/5483
f 5488/5488/5488 5487/5487/5487 5486/5486/5486
f 5491/5491/5491 5490/5490/5490 5489/5489/5489
f 5494/5494/5494 5493/5493/5493 5492/5492/5492
f 5495/5495/5495 5481/5481/5481 5482/5482/5482
f 5496/5496/5496 5485/5485/5485 5483/5483/5483
f 5497/5497/5497 5488/5488/5488 5486/5486/5486
f 5498/5498/5498 5494/5494/5494 5492/5492/5492
f 5499/5499/5499 5490/5490/5490 5491/5491/5491
f 5502/5502/5502 5501/5501/5501 5500/5500/5500
f 5505/5505/5505 5504/5504/5504 5503/5503/5503
f 5508/5508/5508 5507/5507/5507 5506/5506/5506
f 5509/5509/5509 5502/5502/5502 5500/5500/5500
f 5510/5510/5510 5504/5504/5504 5505/5505/5505
f 5511/5511/5511 5509/5509/5509 5500/5500/5500
f 5504/5504/5504 5512/5512/5512 5503/5503/5503
f 5513/5513/5513 5508/5508/5508 5506/5506/5506
f 5511/5511/5511 5514/5514/5514 5509/5509/5509
f 5515/5515/5515 5512/5512/5512 5504/5504/5504
f 5518/5518/5518 5517/5517/5517 5516/5516/5516
f 5521/5521/5521 5520/5520/5520 5519/5519/5519
f 5524/5524/5524 5523/5523/5523 5522/5522/5522
f 5525/5525/5525 5517/5517/5517 5518/5518/5518
f 5523/5523/5523 5526/5526/5526 5522/5522/5522
f 5529/5529/5529 5528/5528/5528 5527/5527/5527
f 5532/5532/5532 5531/5531/5531 5530/5530/5530
f 5533/5533/5533 5529/5529/5529 5527/5527/5527
f 5534/5534/5534 5532/5532/5532 5530/5530/5530
f 5521/5521/5521 5535/5535/5535 5520/5520/5520
f 5538/5538/5538 5537/5537/5537 5536/5536/5536
f 5541/5541/5541 5540/5540/5540 5539/5539/5539
f 5544/5544/5544 5543/5543/5543 5542/5542/5542
f 5545/5545/5545 5538/5538/5538 5536/5536/5536
f 5546/5546/5546 5540/5540/5540 5541/5541/5541
f 5547/5547/5547 5545/5545/5545 5536/5536/5536
f 5540/5540/5540 5548/5548/5548 5539/5539/5539
f 5549/5549/5549 5544/5544/5544 5542/5542/5542
f 5547/5547/5547 5550/5550/5550 5545/5545/5545
f 5551/5551/5551 5548/5548/5548 5540/5540/5540
f 5554/5554/5554 5553/5553/5553 5552/5552/5552
f 5557/5557/5557 5556/5556/5556 5555/5555/5555
f 5560/5560/5560 5559/5559/5559 5558/5558/5558
f 5563/5563/5563 5562/5562/5562 5561/5561/5561
f 5566/5566/5566 5565/5565/5565 5564/5564/5564
f 5567/5567/5567 5557/5557/5557 5555/5555/5555
f 5568/5568/5568 5553/5553/5553 5554/5554/5554
f 5569/5569/5569 5560/5560/5560 5558/5558/5558
f 5570/5570/5570 5566/5566/5566 5564/5564/5564
f 5571/5571/5571 5562/5562/5562 5563/5563/5563
f 5574/5574/5574 5573/5573/5573 5572/5572/5572
f 5577/5577/5577 5576/5576/5576 5575/5575/5575
f 5580/5580/5580 5579/5579/5579 5578/5578/5578
f 5576/5576/5576 5581/5581/5581 5575/5575/5575
f 5582/5582/5582 5580/5580/5580 5578/5578/5578
f 5583/5583/5583 5574/5574/5574 5572/5572/5572
f 5584/5584/5584 5576/5576/5576 5577/5577/5577
f 5585/5585/5585 5583/5583/5583 5572/5572/5572
f 5585/5585/5585 5586/5586/5586 5583/5583/5583
f 5587/5587/5587 5581/5581/5581 5576/5576/5576
f 5590/5590/5590 5589/5589/5589 5588/5588/5588
f 5593/5593/5593 5592/5592/5592 5591/5591/5591
f 5596/5596/5596 5595/5595/5595 5594/5594/5594
f 5599/5599/5599 5598/5598/5598 5597/5597/5597
f 5602/5602/5602 5601/5601/5601 5600/5600/5600
f 5603/5603/5603 5592/5592/5592 5593/5593/5593
f 5590/5590/5590 5604/5604/5604 5589/5589/5589
f 5605/5605/5605 5596/5596/5596 5594/5594/5594
f 5606/5606/5606 5602/5602/5602 5600/5600/5600
f 5607/5607/5607 5598/5598/5598 5599/5599/5599
f 5610/5610/5610 5609/5609/5609 5608/5608/5608
f 5613/5613/5613 5612/5612/5612 5611/5611/5611
f 5616/5616/5616 5615/5615/5615 5614/5614/5614
f 5617/5617/5617 5610/5610/5610 5608/5608/5608
f 5618/5618/5618 5612/5612/5612 5613/5613/5613
f 5619/5619/5619 5617/5617/5617 5608/5608/5608
f 5612/5612/5612 5620/5620/5620 5611/5611/5611
f 5621/5621/5621 5616/5616/5616 5614/5614/5614
f 5619/5619/5619 5622/5622/5622 5617/5617/5617
f 5623/5623/5623 5620/5620/5620 5612/5612/5612
f 5626/5626/5626 5625/5625/5625 5624/5624/5624
f 5627/5627/5627 5625/5625/5625 5626/5626/5626
f 5630/5630/5630 5629/5629/5629 5628/5628/5628
f 5633/5633/5633 5632/5632/5632 5631/5631/5631
f 5636/5636/5636 5635/5635/5635 5634/5634/5634
f 5639/5639/5639 5638/5638/5638 5637/5637/5637
f 5640/5640/5640 5630/5630/5630 5628/5628/5628
f 5641/5641/5641 5633/5633/5633 5631/5631/5631
f 5642/5642/5642 5639/5639/5639 5637/5637/5637
f 5643/5643/5643 5635/5635/5635 5636/5636/5636
f 5646/5646/5646 5645/5645/5645 5644/5644/5644
f 5649/5649/5649 5648/5648/5648 5647/5647/5647
f 5652/5652/5652 5651/5651/5651 5650/5650/5650
f 5653/5653/5653 5646/5646/5646 5644/5644/5644
f 5654/5654/5654 5648/5648/5648 5649/5649/5649
f 5655/5655/5655 5653/5653/5653 5644/5644/5644
f 5648/5648/5648 5656/5656/5656 5647/5647/5647
f 5657/5657/5657 5652/5652/5652 5650/5650/5650
f 5655/5655/5655 5658/5658/5658 5653/5653/5653
f 5659/5659/5659 5656/5656/5656 5648/5648/5648
f 5662/5662/5662 5661/5661/5661 5660/5660/5660
f 5665/5665/5665 5664/5664/5664 5663/5663/5663
f 5668/5668/5668 5667/5667/5667 5666/5666/5666
f 5671/5671/5671 5670/5670/5670 5669/5669/5669
f 5674/5674/5674 5673/5673/5673 5672/5672/5672
f 5675/5675/5675 5661/5661/5661 5662/5662/5662
f 5676/5676/5676 5665/5665/5665 5663/5663/5663
f 5677/5677/5677 5667/5667/5667 5668/5668/5668
f 5678/5678/5678 5671/5671/5671 5669/5669/5669
f 5679/5679/5679 5674/5674/5674 5672/5672/5672
f 5682/5682/5682 5681/5681/5681 5680/5680/5680
f 5685/5685/5685 5684/5684/5684 5683/5683/5683
f 5688/5688/5688 5687/5687/5687 5686/5686/5686
f 5689/5689/5689 5682/5682/5682 5680/5680/5680
f 5690/5690/5690 5684/5684/5684 5685/5685/5685
f 5691/5691/5691 5689/5689/5689 5680/5680/5680
f 5684/5684/5684 5692/5692/5692 5683/5683/5683
f 5693/5693/5693 5688/5688/5688 5686/5686/5686
f 5691/5691/5691 5694/5694/5694 5689/5689/5689
f 5695/5695/5695 5692/5692/5692 5684/5684/5684
f 5698/5698/5698 5697/5697/5697 5696/5696/5696
f 5701/5701/5701 5700/5700/5700 5699/5699/5699
f 5704/5704/5704 5703/5703/5703 5702/5702/5702
f 5705/5705/5705 5701/5701/5701 5699/5699/5699
f 5706/5706/5706 5704/5704/5704 5702/5702/5702
f 5709/5709/5709 5708/5708/5708 5707/5707/5707
f 5712/5712/5712 5711/5711/5711 5710/5710/5710
f 5713/5713/5713 5697/5697/5697 5698/5698/5698
f 5714/5714/5714 5712/5712/5712 5710/5710/5710
f 5715/5715/5715 5708/5708/5708 5709/5709/5709
f 5718/5718/5718 5717/5717/5717 5716/5716/5716
f 5721/5721/5721 5720/5720/5720 5719/5719/5719
f 5724/5724/5724 5723/5723/5723 5722/5722/5722
f 5725/5725/5725 5718/5718/5718 5716/5716/5716
f 5726/5726/5726 5720/5720/5720 5721/5721/5721
f 5727/5727/5727 5725/5725/5725 5716/5716/5716
f 5720/5720/5720 5728/5728/5728 5719/5719/5719
f 5729/5729/5729 5724/5724/5724 5722/5722/5722
f 5727/5727/5727 5730/5730/5730 5725/5725/5725
f 5731/5731/5731 5728/5728/5728 5720/5720/5720
f 5734/5734/5734 5733/5733/5733 5732/5732/5732
f 5737/5737/5737 5736/5736/5736 5735/5735/5735
f 5737/5737/5737 5738/5738/5738 5736/5736/5736
f 5741/5741/5741 5740/5740/5740 5739/5739/5739
f 5742/5742/5742 5741/5741/5741 5739/5739/5739
f 5745/5745/5745 5744/5744/5744 5743/5743/5743
f 5746/5746/5746 5733/5733/5733 5734/5734/5734
f 5747/5747/5747 5744/5744/5744 5745/5745/5745
f 5750/5750/5750 5749/5749/5749 5748/5748/5748
f 5751/5751/5751 5750/5750/5750 5748/5748/5748
f 5754/5754/5754 5753/5753/5753 5752/5752/5752
f 5757/5757/5757 5756/5756/5756 5755/5755/5755
f 5760/5760/5760 5759/5759/5759 5758/5758/5758
f 5761/5761/5761 5754/5754/5754 5752/5752/5752
f 5762/5762/5762 5756/5756/5756 5757/5757/5757
f 5763/5763/5763 5761/5761/5761 5752/5752/5752
f 5756/5756/5756 5764/5764/5764 5755/5755/5755
f 5760/5760/5760 5765/5765/5765 5759/5759/5759
f 5763/5763/5763 5766/5766/5766 5761/5761/5761
f 5767/5767/5767 5764/5764/5764 5756/5756/5756
f 5770/5770/5770 5769/5769/5769 5768/5768/5768
f 5773/5773/5773 5772/5772/5772 5771/5771/5771
f 5776/5776/5776 5775/5775/5775 5774/5774/5774
f 5773/5773/5773 5777/5777/5777 5772/5772/5772
f 5778/5778/5778 5776/5776/5776 5774/5774/5774
f 5781/5781/5781 5780/5780/5780 5779/5779/5779
f 5784/5784/5784 5783/5783/5783 5782/5782/5782
f 5785/5785/5785 5769/5769/5769 5770/5770/5770
f 5786/5786/5786 5780/5780/5780 5781/5781/5781
f 5787/5787/5787 5784/5784/5784 5782/5782/5782
f 5790/5790/5790 5789/5789/5789 5788/5788/5788
f 5793/5793/5793 5792/5792/5792 5791/5791/5791
f 5796/5796/5796 5795/5795/5795 5794/5794/5794
f 5797/5797/5797 5793/5793/5793 5791/5791/5791
f 5798/5798/5798 5789/5789/5789 5790/5790/5790
f 5799/5799/5799 5797/5797/5797 5791/5791/5791
f 5789/5789/5789 5800/5800/5800 5788/5788/5788
f 5796/5796/5796 5801/5801/5801 5795/5795/5795
f 5799/5799/5799 5802/5802/5802 5797/5797/5797
f 5803/5803/5803 5800/5800/5800 5789/5789/5789
f 5806/5806/5806 5805/5805/5805 5804/5804/5804
f 5809/5809/5809 5808/5808/5808 5807/5807/5807
f 5812/5812/5812 5811/5811/5811 5810/5810/5810
f 5813/5813/5813 5809/5809/5809 5807/5807/5807
f 5814/5814/5814 5812/5812/5812 5810/5810/5810
f 5817/5817/5817 5816/5816/5816 5815/5815/5815
f 5820/5820/5820 5819/5819/5819 5818/5818/5818
f 5821/5821/5821 5805/5805/5805 5806/5806/5806
f 5822/5822/5822 5816/5816/5816 5817/5817/5817
f 5823/5823/5823 5820/5820/5820 5818/5818/5818
f 5826/5826/5826 5825/5825/5825 5824/5824/5824
f 5829/5829/5829 5828/5828/5828 5827/5827/5827
f 5832/5832/5832 5831/5831/5831 5830/5830/5830
f 5833/5833/5833 5826/5826/5826 5824/5824/5824
f 5834/5834/5834 5828/5828/5828 5829/5829/5829
f 5835/5835/5835 5833/5833/5833 5824/5824/5824
f 5828/5828/5828 5836/5836/5836 5827/5827/5827
f 5837/5837/5837 5832/5832/5832 5830/5830/5830
f 5835/5835/5835 5838/5838/5838 5833/5833/5833
f 5839/5839/5839 5836/5836/5836 5828/5828/5828
f 5842/5842/5842 5841/5841/5841 5840/5840/5840
f 5845/5845/5845 5844/5844/5844 5843/5843/5843
f 5848/5848/5848 5847/5847/5847 5846/5846/5846
f 5849/5849/5849 5841/5841/5841 5842/5842/5842
f 5844/5844/5844 5850/5850/5850 5843/5843/5843
f 5853/5853/5853 5852/5852/5852 5851/5851/5851
f 5854/5854/5854 5853/5853/5853 5851/5851/5851
f 5857/5857/5857 5856/5856/5856 5855/5855/5855
f 5848/5848/5848 5858/5858/5858 5847/5847/5847
f 5859/5859/5859 5857/5857/5857 5855/5855/5855
f 5862/5862/5862 5861/5861/5861 5860/5860/5860
f 5865/5865/5865 5864/5864/5864 5863/5863/5863
f 5868/5868/5868 5867/5867/5867 5866/5866/5866
f 5869/5869/5869 5862/5862/5862 5860/5860/5860
f 5870/5870/5870 5864/5864/5864 5865/5865/5865
f 5871/5871/5871 5869/5869/5869 5860/5860/5860
f 5864/5864/5864 5872/5872/5872 5863/5863/5863
f 5873/5873/5873 5868/5868/5868 5866/5866/5866
f 5871/5871/5871 5874/5874/5874 5869/5869/5869
f 5875/5875/5875 5872/5872/5872 5864/5864/5864
f 5878/5878/5878 5877/5877/5877 5876/5876/5876
f 5881/5881/5881 5880/5880/5880 5879/5879/5879
f 5884/5884/5884 5883/5883/5883 5882/5882/5882
f 5885/5885/5885 5881/5881/5881 5879/5879/5879
f 5886/5886/5886 5884/5884/5884 5882/5882/5882
f 5889/5889/5889 5888/5888/5888 5887/5887/5887
f 5892/5892/5892 5891/5891/5891 5890/5890/5890
f 5893/5893/5893 5877/5877/5877 5878/5878/5878
f 5894/5894/5894 5892/5892/5892 5890/5890/5890
f 5895/5895/5895 5888/5888/5888 5889/5889/5889
f 5898/5898/5898 5897/5897/5897 5896/5896/5896
f 5901/5901/5901 5900/5900/5900 5899/5899/5899
f 5904/5904/5904 5903/5903/5903 5902/5902/5902
f 5900/5900/5900 5905/5905/5905 5899/5899/5899
f 5906/5906/5906 5904/5904/5904 5902/5902/5902
f 5907/5907/5907 5898/5898/5898 5896/5896/5896
f 5908/5908/5908 5900/5900/5900 5901/5901/5901
f 5909/5909/5909 5907/5907/5907 5896/5896/5896
f 5909/5909/5909 5910/5910/5910 5907/5907/5907
f 5911/5911/5911 5905/5905/5905 5900/5900/5900
f 5914/5914/5914 5913/5913/5913 5912/5912/5912
f 5917/5917/5917 5916/5916/5916 5915/5915/5915
f 5920/5920/5920 5919/5919/5919 5918/5918/5918
f 5914/5914/5914 5921/5921/5921 5913/5913/5913
f 5922/5922/5922 5920/5920/5920 5918/5918/5918
f 5925/5925/5925 5924/5924/5924 5923/5923/5923
f 5928/5928/5928 5927/5927/5927 5926/5926/5926
f 5929/5929/5929 5916/5916/5916 5917/5917/5917
f 5930/5930/5930 5928/5928/5928 5926/5926/5926
f 5931/5931/5931 5924/5924/5924 5925/5925/5925
f 5934/5934/5934 5933/5933/5933 5932/5932/5932
f 5937/5937/5937 5936/5936/5936 5935/5935/5935
f 5940/5940/5940 5939/5939/5939 5938/5938/5938
f 5941/5941/5941 5934/5934/5934 5932/5932/5932
f 5942/5942/5942 5936/5936/5936 5937/5937/5937
f 5943/5943/5943 5941/5941/5941 5932/5932/5932
f 5936/5936/5936 5944/5944/5944 5935/5935/5935
f 5945/5945/5945 5940/5940/5940 5938/5938/5938
f 5943/5943/5943 5946/5946/5946 5941/5941/5941
f 5947/5947/5947 5944/5944/5944 5936/5936/5936
f 5950/5950/5950 5949/5949/5949 5948/5948/5948
f 5953/5953/5953 5952/5952/5952 5951/5951/5951
f 5956/5956/5956 5955/5955/5955 5954/5954/5954
f 5953/5953/5953 5957/5957/5957 5952/5952/5952
f 5958/5958/5958 5956/5956/5956 5954/5954/5954
f 5959/5959/5959 5949/5949/5949 5950/5950/5950
f 5962/5962/5962 5961/5961/5961 5960/5960/5960
f 5965/5965/5965 5964/5964/5964 5963/5963/5963
f 5966/5966/5966 5965/5965/5965 5963/5963/5963
f 5967/5967/5967 5961/5961/5961 5962/5962/5962
f 5970/5970/5970 5969/5969/5969 5968/5968/5968
f 5973/5973/5973 5972/5972/5972 5971/5971/5971
f 5976/5976/5976 5975/5975/5975 5974/5974/5974
f 5977/5977/5977 5970/5970/5970 5968/5968/5968
f 5978/5978/5978 5972/5972/5972 5973/5973/5973
f 5979/5979/5979 5977/5977/5977 5968/5968/5968
f 5972/5972/5972 5980/5980/5980 5971/5971/5971
f 5981/5981/5981 5976/5976/5976 5974/5974/5974
f 5979/5979/5979 5982/5982/5982 5977/5977/5977
f 5983/5983/5983 5980/5980/5980 5972/5972/5972
f 5986/5986/5986 5985/5985/5985 5984/5984/5984
f 5989/5989/5989 5988/5988/5988 5987/5987/5987
f 5992/5992/5992 5991/5991/5991 5990/5990/5990
f 5993/5993/5993 5989/5989/5989 5987/5987/5987
f 5994/5994/5994 5992/5992/5992 5990/5990/5990
f 5997/5997/5997 5996/5996/5996 5995/5995/5995
f 6000/6000/6000 5999/5999/5999 5998/5998/5998
f 6001/6001/6001 5985/5985/5985 5986/5986/5986
f 6002/6002/6002 5996/5996/5996 5997/5997/5997
f 6003/6003/6003 6000/6000/6000 5998/5998/5998
f 6006/6006/6006 6005/6005/6005 6004/6004/6004
f 6009/6009/6009 6008/6008/6008 6007/6007/6007
f 6012/6012/6012 6011/6011/6011 6010/6010/6010
f 6013/6013/6013 6006/6006/6006 6004/6004/6004
f 6014/6014/6014 6008/6008/6008 6009/6009/6009
f 6015/6015/6015 6013/6013/6013 6004/6004/6004
f 6008/6008/6008 6016/6016/6016 6007/6007/6007
f 6017/6017/6017 6012/6012/6012 6010/6010/6010
f 6015/6015/6015 6018/6018/6018 6013/6013/6013
f 6019/6019/6019 6016/6016/6016 6008/6008/6008
f 6022/6022/6022 6021/6021/6021 6020/6020/6020
f 6025/6025/6025 6024/6024/6024 6023/6023/6023
f 6028/6028/6028 6027/6027/6027 6026/6026/6026
f 6031/6031/6031 6030/6030/6030 6029/6029/6029
f 6034/6034/6034 6033/6033/6033 6032/6032/6032
f 6035/6035/6035 6025/6025/6025 6023/6023/6023
f 6036/6036/6036 6028/6028/6028 6026/6026/6026
f 6037/6037/6037 6021/6021/6021 6022/6022/6022
f 6038/6038/6038 6034/6034/6034 6032/6032/6032
f 6039/6039/6039 6030/6030/6030 6031/6031/6031
f 6042/6042/6042 6041/6041/6041 6040/6040/6040
f 6045/6045/6045 6044/6044/6044 6043/6043/6043
f 6048/6048/6048 6047/6047/6047 6046/6046/6046
f 6049/6049/6049 6042/6042/6042 6040/6040/6040
f 6050/6050/6050 6049/6049/6049 6040/6040/6040
f 6051/6051/6051 6045/6045/6045 6043/6043/6043
f 6052/6052/6052 6047/6047/6047 6048/6048/6048
f 6047/6047/6047 6053/6053/6053 6046/6046/6046
f 6050/6050/6050 6054/6054/6054 6049/6049/6049
f 6055/6055/6055 6053/6053/6053 6047/6047/6047
f 6058/6058/6058 6057/6057/6057 6056/6056/6056
f 6061/6061/6061 6060/6060/6060 6059/6059/6059
f 6064/6064/6064 6063/6063/6063 6062/6062/6062
f 6065/6065/6065 6061/6061/6061 6059/6059/6059
f 6066/6066/6066 6057/6057/6057 6058/6058/6058
f 6067/6067/6067 6063/6063/6063 6064/6064/6064
f 6070/6070/6070 6069/6069/6069 6068/6068/6068
f 6073/6073/6073 6072/6072/6072 6071/6071/6071
f 6074/6074/6074 6070/6070/6070 6068/6068/6068
f 6075/6075/6075 6073/6073/6073 6071/6071/6071
f 6078/6078/6078 6077/6077/6077 6076/6076/6076
f 6081/6081/6081 6080/6080/6080 6079/6079/6079
f 6084/6084/6084 6083/6083/6083 6082/6082/6082
f 6085/6085/6085 6078/6078/6078 6076/6076/6076
f 6086/6086/6086 6085/6085/6085 6076/6076/6076
f 6081/6081/6081 6087/6087/6087 6080/6080/6080
f 6088/6088/6088 6083/6083/6083 6084/6084/6084
f 6083/6083/6083 6089/6089/6089 6082/6082/6082
f 6086/6086/6086 6090/6090/6090 6085/6085/6085
f 6091/6091/6091 6089/6089/6089 6083/6083/6083
f 6094/6094/6094 6093/6093/6093 6092/6092/6092
f 6097/6097/6097 6096/6096/6096 6095/6095/6095
f 6100/6100/6100 6099/6099/6099 6098/6098/6098
f 6103/6103/6103 6102/6102/6102 6101/6101/6101
f 6106/6106/6106 6105/6105/6105 6104/6104/6104
f 6107/6107/6107 6097/6097/6097 6095/6095/6095
f 6108/6108/6108 6100/6100/6100 6098/6098/6098
f 6109/6109/6109 6093/6093/6093 6094/6094/6094
f 6110/6110/6110 6102/6102/6102 6103/6103/6103
f 6111/6111/6111 6106/6106/6106 6104/6104/6104
f 6114/6114/6114 6113/6113/6113 6112/6112/6112
f 6117/6117/6117 6116/6116/6116 6115/6115/6115
f 6120/6120/6120 6119/6119/6119 6118/6118/6118
f 6121/6121/6121 6114/6114/6114 6112/6112/6112
f 6122/6122/6122 6121/6121/6121 6112/6112/6112
f 6117/6117/6117 6123/6123/6123 6116/6116/6116
f 6124/6124/6124 6119/6119/6119 6120/6120/6120
f 6119/6119/6119 6125/6125/6125 6118/6118/6118
f 6122/6122/6122 6126/6126/6126 6121/6121/6121
f 6127/6127/6127 6125/6125/6125 6119/6119/6119
f 6130/6130/6130 6129/6129/6129 6128/6128/6128
f 6133/6133/6133 6132/6132/6132 6131/6131/6131
f 6136/6136/6136 6135/6135/6135 6134/6134/6134
f 6139/6139/6139 6138/6138/6138 6137/6137/6137
f 6142/6142/6142 6141/6141/6141 6140/6140/6140
f 6143/6143/6143 6133/6133/6133 6131/6131/6131
f 6144/6144/6144 6136/6136/6136 6134/6134/6134
f 6145/6145/6145 6129/6129/6129 6130/6130/6130
f 6146/6146/6146 6138/6138/6138 6139/6139/6139
f 6147/6147/6147 6142/6142/6142 6140/6140/6140
f 6150/6150/6150 6149/6149/6149 6148/6148/6148
f 6153/6153/6153 6152/6152/6152 6151/6151/6151
f 6156/6156/6156 6155/6155/6155 6154/6154/6154
f 6157/6157/6157 6150/6150/6150 6148/6148/6148
f 6158/6158/6158 6157/6157/6157 6148/6148/6148
f 6153/6153/6153 6159/6159/6159 6152/6152/6152
f 6160/6160/6160 6155/6155/6155 6156/6156/6156
f 6155/6155/6155 6161/6161/6161 6154/6154/6154
f 6158/6158/6158 6162/6162/6162 6157/6157/6157
f 6163/6163/6163 6161/6161/6161 6155/6155/6155
f 6166/6166/6166 6165/6165/6165 6164/6164/6164
f 6169/6169/6169 6168/6168/6168 6167/6167/6167
f 6172/6172/6172 6171/6171/6171 6170/6170/6170
f 6173/6173/6173 6168/6168/6168 6169/6169/6169
f 6176/6176/6176 6175/6175/6175 6174/6174/6174
f 6179/6179/6179 6178/6178/6178 6177/6177/6177
f 6180/6180/6180 6165/6165/6165 6166/6166/6166
f 6181/6181/6181 6176/6176/6176 6174/6174/6174
f 6172/6172/6172 6182/6182/6182 6171/6171/6171
f 6183/6183/6183 6179/6179/6179 6177/6177/6177
f 6186/6186/6186 6185/6185/6185 6184/6184/6184
f 6189/6189/6189 6188/6188/6188 6187/6187/6187
f 6192/6192/6192 6191/6191/6191 6190/6190/6190
f 6193/6193/6193 6186/6186/6186 6184/6184/6184
f 6194/6194/6194 6193/6193/6193 6184/6184/6184
f 6189/6189/6189 6195/6195/6195 6188/6188/6188
f 6196/6196/6196 6191/6191/6191 6192/6192/6192
f 6191/6191/6191 6197/6197/6197 6190/6190/6190
f 6194/6194/6194 6198/6198/6198 6193/6193/6193
f 6199/6199/6199 6197/6197/6197 6191/6191/6191
f 6202/6202/6202 6201/6201/6201 6200/6200/6200
f 6205/6205/6205 6204/6204/6204 6203/6203/6203
f 6208/6208/6208 6207/6207/6207 6206/6206/6206
f 6211/6211/6211 6210/6210/6210 6209/6209/6209
f 6214/6214/6214 6213/6213/6213 6212/6212/6212
f 6215/6215/6215 6205/6205/6205 6203/6203/6203
f 6216/6216/6216 6208/6208/6208 6206/6206/6206
f 6217/6217/6217 6201/6201/6201 6202/6202/6202
f 6218/6218/6218 6214/6214/6214 6212/6212/6212
f 6219/6219/6219 6210/6210/6210 6211/6211/6211
f 6222/6222/6222 6221/6221/6221 6220/6220/6220
f 6225/6225/6225 6224/6224/6224 6223/6223/6223
f 6228/6228/6228 6227/6227/6227 6226/6226/6226
f 6229/6229/6229 6225/6225/6225 6223/6223/6223
f 6227/6227/6227 6230/6230/6230 6226/6226/6226
f 6231/6231/6231 6222/6222/6222 6220/6220/6220
f 6232/6232/6232 6231/6231/6231 6220/6220/6220
f 6233/6233/6233 6227/6227/6227 6228/6228/6228
f 6232/6232/6232 6234/6234/6234 6231/6231/6231
f 6235/6235/6235 6230/6230/6230 6227/6227/6227
f 6238/6238/6238 6237/6237/6237 6236/6236/6236
f 6241/6241/6241 6240/6240/6240 6239/6239/6239
f 6244/6244/6244 6243/6243/6243 6242/6242/6242
f 6247/6247/6247 6246/6246/6246 6245/6245/6245
f 6250/6250/6250 6249/6249/6249 6248/6248/6248
f 6251/6251/6251 6241/6241/6241 6239/6239/6239
f 6252/6252/6252 6244/6244/6244 6242/6242/6242
f 6253/6253/6253 6237/6237/6237 6238/6238/6238
f 6254/6254/6254 6250/6250/6250 6248/6248/6248
f 6255/6255/6255 6246/6246/6246 6247/6247/6247
f 6258/6258/6258 6257/6257/6257 6256/6256/6256
f 6261/6261/6261 6260/6260/6260 6259/6259/6259
f 6264/6264/6264 6263/6263/6263 6262/6262/6262
f 6265/6265/6265 6258/6258/6258 6256/6256/6256
f 6266/6266/6266 6265/6265/6265 6256/6256/6256
f 6267/6267/6267 6261/6261/6261 6259/6259/6259
f 6268/6268/6268 6263/6263/6263 6264/6264/6264
f 6263/6263/6263 6269/6269/6269 6262/6262/6262
f 6266/6266/6266 6270/6270/6270 6265/6265/6265
f 6271/6271/6271 6269/6269/6269 6263/6263/6263
f 6274/6274/6274 6273/6273/6273 6272/6272/6272
f 6275/6275/6275 6273/6273/6273 6274/6274/6274
f 6278/6278/6278 6277/6277/6277 6276/6276/6276
f 6281/6281/6281 6280/6280/6280 6279/6279/6279
f 6284/6284/6284 6283/6283/6283 6282/6282/6282
f 6287/6287/6287 6286/6286/6286 6285/6285/6285
f 6278/6278/6278 6288/6288/6288 6277/6277/6277
f 6289/6289/6289 6281/6281/6281 6279/6279/6279
f 6290/6290/6290 6287/6287/6287 6285/6285/6285
f 6291/6291/6291 6283/6283/6283 6284/6284/6284
f 6294/6294/6294 6293/6293/6293 6292/6292/6292
f 6297/6297/6297 6296/6296/6296 6295/6295/6295
f 6300/6300/6300 6299/6299/6299 6298/6298/6298
f 6301/6301/6301 6294/6294/6294 6292/6292/6292
f 6302/6302/6302 6301/6301/6301 6292/6292/6292
f 6303/6303/6303 6297/6297/6297 6295/6295/6295
f 6304/6304/6304 6299/6299/6299 6300/6300/6300
f 6299/6299/6299 6305/6305/6305 6298/6298/6298
f 6302/6302/6302 6306/6306/6306 6301/6301/6301
f 6307/6307/6307 6305/6305/6305 6299/6299/6299
f 6310/6310/6310 6309/6309/6309 6308/6308/6308
f 6313/6313/6313 6312/6312/6312 6311/6311/6311
f 6316/6316/6316 6315/6315/6315 6314/6314/6314
f 6319/6319/6319 6318/6318/6318 6317/6317/6317
f 6322/6322/6322 6321/6321/6321 6320/6320/6320
f 6323/6323/6323 6313/6313/6313 6311/6311/6311
f 6324/6324/6324 6309/6309/6309 6310/6310/6310
f 6325/6325/6325 6315/6315/6315 6316/6316/6316
f 6326/6326/6326 6319/6319/6319 6317/6317/6317
f 6327/6327/6327 6322/6322/6322 6320/6320/6320
f 6330/6330/6330 6329/6329/6329 6328/6328/6328
f 6333/6333/6333 6332/6332/6332 6331/6331/6331
f 6336/6336/6336 6335/6335/6335 6334/6334/6334
f 6337/6337/6337 6330/6330/6330 6328/6328/6328
f 6338/6338/6338 6337/6337/6337 6328/6328/6328
f 6339/6339/6339 6333/6333/6333 6331/6331/6331
f 6340/6340/6340 6335/6335/6335 6336/6336/6336
f 6335/6335/6335 6341/6341/6341 6334/6334/6334
f 6338/6338/6338 6342/6342/6342 6337/6337/6337
f 6343/6343/6343 6341/6341/6341 6335/6335/6335
f 6346/6346/6346 6345/6345/6345 6344/6344/6344
f 6349/6349/6349 6348/6348/6348 6347/6347/6347
f 6352/6352/6352 6351/6351/6351 6350/6350/6350
f 6355/6355/6355 6354/6354/6354 6353/6353/6353
f 6358/6358/6358 6357/6357/6357 6356/6356/6356
f 6359/6359/6359 6346/6346/6346 6344/6344/6344
f 6360/6360/6360 6349/6349/6349 6347/6347/6347
f 6361/6361/6361 6351/6351/6351 6352/6352/6352
f 6362/6362/6362 6355/6355/6355 6353/6353/6353
f 6363/6363/6363 6357/6357/6357 6358/6358/6358
f 6366/6366/6366 6365/6365/6365 6364/6364/6364
f 6369/6369/6369 6368/6368/6368 6367/6367/6367
f 6372/6372/6372 6371/6371/6371 6370/6370/6370
f 6373/6373/6373 6369/6369/6369 6367/6367/6367
f 6374/6374/6374 6373/6373/6373 6367/6367/6367
f 6375/6375/6375 6366/6366/6366 6364/6364/6364
f 6376/6376/6376 6371/6371/6371 6372/6372/6372
f 6371/6371/6371 6377/6377/6377 6370/6370/6370
f 6374/6374/6374 6378/6378/6378 6373/6373/6373
f 6379/6379/6379 6377/6377/6377 6371/6371/6371
f 6382/6382/6382 6381/6381/6381 6380/6380/6380
f 6385/6385/6385 6384/6384/6384 6383/6383/6383
f 6388/6388/6388 6387/6387/6387 6386/6386/6386
f 6389/6389/6389 6382/6382/6382 6380/6380/6380
f 6390/6390/6390 6384/6384/6384 6385/6385/6385
f 6391/6391/6391 6387/6387/6387 6388/6388/6388
f 6394/6394/6394 6393/6393/6393 6392/6392/6392
f 6397/6397/6397 6396/6396/6396 6395/6395/6395
f 6398/6398/6398 6394/6394/6394 6392/6392/6392
f 6399/6399/6399 6397/6397/6397 6395/6395/6395
f 6402/6402/6402 6401/6401/6401 6400/6400/6400
f 6405/6405/6405 6404/6404/6404 6403/6403/6403
f 6408/6408/6408 6407/6407/6407 6406/6406/6406
f 6409/6409/6409 6405/6405/6405 6403/6403/6403
f 6410/6410/6410 6409/6409/6409 6403/6403/6403
f 6402/6402/6402 6411/6411/6411 6401/6401/6401
f 6412/6412/6412 6407/6407/6407 6408/6408/6408
f 6407/6407/6407 6413/6413/6413 6406/6406/6406
f 6410/6410/6410 6414/6414/6414 6409/6409/6409
f 6415/6415/6415 6413/6413/6413 6407/6407/6407
f 6418/6418/6418 6417/6417/6417 6416/6416/6416
f 6421/6421/6421 6420/6420/6420 6419/6419/6419
f 6424/6424/6424 6423/6423/6423 6422/6422/6422
f 6427/6427/6427 6426/6426/6426 6425/6425/6425
f 6430/6430/6430 6429/6429/6429 6428/6428/6428
f 6431/6431/6431 6418/6418/6418 6416/6416/6416
f 6432/6432/6432 6421/6421/6421 6419/6419/6419
f 6433/6433/6433 6423/6423/6423 6424/6424/6424
f 6434/6434/6434 6427/6427/6427 6425/6425/6425
f 6435/6435/6435 6429/6429/6429 6430/6430/6430
f 6438/6438/6438 6437/6437/6437 6436/6436/6436
f 6441/6441/6441 6440/6440/6440 6439/6439/6439
f 6444/6444/6444 6443/6443/6443 6442/6442/6442
f 6445/6445/6445 6444/6444/6444 6442/6442/6442
f 6446/6446/6446 6445/6445/6445 6442/6442/6442
f 6438/6438/6438 6447/6447/6447 6437/6437/6437
f 6448/6448/6448 6440/6440/6440 6441/6441/6441
f 6440/6440/6440 6449/6449/6449 6439/6439/6439
f 6446/6446/6446 6450/6450/6450 6445/6445/6445
f 6451/6451/6451 6449/6449/6449 6440/6440/6440
f 6454/6454/6454 6453/6453/6453 6452/6452/6452
f 6457/6457/6457 6456/6456/6456 6455/6455/6455
f 6460/6460/6460 6459/6459/6459 6458/6458/6458
f 6463/6463/6463 6462/6462/6462 6461/6461/6461
f 6466/6466/6466 6465/6465/6465 6464/6464/6464
f 6467/6467/6467 6454/6454/6454 6452/6452/6452
f 6468/6468/6468 6457/6457/6457 6455/6455/6455
f 6469/6469/6469 6459/6459/6459 6460/6460/6460
f 6470/6470/6470 6462/6462/6462 6463/6463/6463
f 6471/6471/6471 6466/6466/6466 6464/6464/6464
f 6474/6474/6474 6473/6473/6473 6472/6472/6472
f 6477/6477/6477 6476/6476/6476 6475/6475/6475
f 6480/6480/6480 6479/6479/6479 6478/6478/6478
f 6481/6481/6481 6477/6477/6477 6475/6475/6475
f 6482/6482/6482 6481/6481/6481 6475/6475/6475
f 6474/6474/6474 6483/6483/6483 6473/6473/6473
f 6484/6484/6484 6479/6479/6479 6480/6480/6480
f 6479/6479/6479 6485/6485/6485 6478/6478/6478
f 6482/6482/6482 6486/6486/6486 6481/6481/6481
f 6487/6487/6487 6485/6485/6485 6479/6479/6479
f 6490/6490/6490 6489/6489/6489 6488/6488/6488
f 6493/6493/6493 6492/6492/6492 6491/6491/6491
f 6496/6496/6496 6495/6495/6495 6494/6494/6494
f 6497/6497/6497 6489/6489/6489 6490/6490/6490
f 6495/6495/6495 6498/6498/6498 6494/6494/6494
f 6501/6501/6501 6500/6500/6500 6499/6499/6499
f 6504/6504/6504 6503/6503/6503 6502/6502/6502
f 6505/6505/6505 6501/6501/6501 6499/6499/6499
f 6506/6506/6506 6504/6504/6504 6502/6502/6502
f 6493/6493/6493 6507/6507/6507 6492/6492/6492
f 6510/6510/6510 6509/6509/6509 6508/6508/6508
f 6513/6513/6513 6512/6512/6512 6511/6511/6511
f 6516/6516/6516 6515/6515/6515 6514/6514/6514
f 6517/6517/6517 6513/6513/6513 6511/6511/6511
f 6518/6518/6518 6517/6517/6517 6511/6511/6511
f 6510/6510/6510 6519/6519/6519 6509/6509/6509
f 6520/6520/6520 6515/6515/6515 6516/6516/6516
f 6515/6515/6515 6521/6521/6521 6514/6514/6514
f 6518/6518/6518 6522/6522/6522 6517/6517/6517
f 6523/6523/6523 6521/6521/6521 6515/6515/6515
f 6526/6526/6526 6525/6525/6525 6524/6524/6524
f 6529/6529/6529 6528/6528/6528 6527/6527/6527
f 6532/6532/6532 6531/6531/6531 6530/6530/6530
f 6535/6535/6535 6534/6534/6534 6533/6533/6533
f 6538/6538/6538 6537/6537/6537 6536/6536/6536
f 6539/6539/6539 6526/6526/6526 6524/6524/6524
f 6540/6540/6540 6529/6529/6529 6527/6527/6527
f 6541/6541/6541 6531/6531/6531 6532/6532/6532
f 6542/6542/6542 6535/6535/6535 6533/6533/6533
f 6543/6543/6543 6537/6537/6537 6538/6538/6538
f 6546/6546/6546 6545/6545/6545 6544/6544/6544
f 6549/6549/6549 6548/6548/6548 6547/6547/6547
f 6552/6552/6552 6551/6551/6551 6550/6550/6550
f 6553/6553/6553 6549/6549/6549 6547/6547/6547
f 6554/6554/6554 6553/6553/6553 6547/6547/6547
f 6546/6546/6546 6555/6555/6555 6545/6545/6545
f 6551/6551/6551 6556/6556/6556 6550/6550/6550
f 6557/6557/6557 6551/6551/6551 6552/6552/6552
f 6554/6554/6554 6558/6558/6558 6553/6553/6553
f 6559/6559/6559 6556/6556/6556 6551/6551/6551
f 6562/6562/6562 6561/6561/6561 6560/6560/6560
f 6565/6565/6565 6564/6564/6564 6563/6563/6563
f 6568/6568/6568 6567/6567/6567 6566/6566/6566
f 6571/6571/6571 6570/6570/6570 6569/6569/6569
f 6574/6574/6574 6573/6573/6573 6572/6572/6572
f 6562/6562/6562 6575/6575/6575 6561/6561/6561
f 6576/6576/6576 6565/6565/6565 6563/6563/6563
f 6577/6577/6577 6567/6567/6567 6568/6568/6568
f 6578/6578/6578 6574/6574/6574 6572/6572/6572
f 6579/6579/6579 6570/6570/6570 6571/6571/6571
f 6582/6582/6582 6581/6581/6581 6580/6580/6580
f 6585/6585/6585 6584/6584/6584 6583/6583/6583
f 6588/6588/6588 6587/6587/6587 6586/6586/6586
f 6589/6589/6589 6585/6585/6585 6583/6583/6583
f 6590/6590/6590 6589/6589/6589 6583/6583/6583
f 6582/6582/6582 6591/6591/6591 6581/6581/6581
f 6592/6592/6592 6587/6587/6587 6588/6588/6588
f 6587/6587/6587 6593/6593/6593 6586/6586/6586
f 6590/6590/6590 6594/6594/6594 6589/6589/6589
f 6595/6595/6595 6593/6593/6593 6587/6587/6587
f 6598/6598/6598 6597/6597/6597 6596/6596/6596
f 6599/6599/6599 6597/6597/6597 6598/6598/6598
f 6602/6602/6602 6601/6601/6601 6600/6600/6600
f 6605/6605/6605 6604/6604/6604 6603/6603/6603
f 6608/6608/6608 6607/6607/6607 6606/6606/6606
f 6611/6611/6611 6610/6610/6610 6609/6609/6609
f 6612/6612/6612 6602/6602/6602 6600/6600/6600
f 6613/6613/6613 6605/6605/6605 6603/6603/6603
f 6614/6614/6614 6608/6608/6608 6606/6606/6606
f 6615/6615/6615 6610/6610/6610 6611/6611/6611
f 6618/6618/6618 6617/6617/6617 6616/6616/6616
f 6621/6621/6621 6620/6620/6620 6619/6619/6619
f 6624/6624/6624 6623/6623/6623 6622/6622/6622
f 6625/6625/6625 6621/6621/6621 6619/6619/6619
f 6626/6626/6626 6625/6625/6625 6619/6619/6619
f 6627/6627/6627 6618/6618/6618 6616/6616/6616
f 6628/6628/6628 6623/6623/6623 6624/6624/6624
f 6623/6623/6623 6629/6629/6629 6622/6622/6622
f 6626/6626/6626 6630/6630/6630 6625/6625/6625
f 6631/6631/6631 6629/6629/6629 6623/6623/6623
f 6634/6634/6634 6633/6633/6633 6632/6632/6632
f 6637/6637/6637 6636/6636/6636 6635/6635/6635
f 6640/6640/6640 6639/6639/6639 6638/6638/6638
f 6643/6643/6643 6642/6642/6642 6641/6641/6641
f 6646/6646/6646 6645/6645/6645 6644/6644/6644
f 6634/6634/6634 6647/6647/6647 6633/6633/6633
f 6648/6648/6648 6637/6637/6637 6635/6635/6635
f 6649/6649/6649 6639/6639/6639 6640/6640/6640
f 6650/6650/6650 6642/6642/6642 6643/6643/6643
f 6651/6651/6651 6646/6646/6646 6644/6644/6644
f 6654/6654/6654 6653/6653/6653 6652/6652/6652
f 6657/6657/6657 6656/6656/6656 6655/6655/6655
f 6660/6660/6660 6659/6659/6659 6658/6658/6658
f 6661/6661/6661 6657/6657/6657 6655/6655/6655
f 6662/6662/6662 6661/6661/6661 6655/6655/6655
f 6663/6663/6663 6654/6654/6654 6652/6652/6652
f 6664/6664/6664 6659/6659/6659 6660/6660/6660
f 6659/6659/6659 6665/6665/6665 6658/6658/6658
f 6662/6662/6662 6666/6666/6666 6661/6661/6661
f 6667/6667/6667 6665/6665/6665 6659/6659/6659
f 6670/6670/6670 6669/6669/6669 6668/6668/6668
f 6672/6672/6672 6671/6671/6671 6670/6670/6670
f 6674/6674/6674 6672/6672/6672 6673/6673/6673
f 6676/6676/6676 6675/6675/6675 6673/6673/6673
f 6678/6678/6678 6677/6677/6677 6676/6676/6676
f 6680/6680/6680 6679/6679/6679 6668/6668/6668
f 6682/6682/6682 6681/6681/6681 6679/6679/6679
f 6684/6684/6684 6683/6683/6683 6681/6681/6681
f 6686/6686/6686 6685/6685/6685 6683/6683/6683
f 6688/6688/6688 6687/6687/6687 6685/6685/6685
f 6690/6690/6690 6689/6689/6689 6687/6687/6687
f 6692/6692/6692 6691/6691/6691 6689/6689/6689
f 6694/6694/6694 6693/6693/6693 6691/6691/6691
f 6696/6696/6696 6695/6695/6695 6693/6693/6693
f 6699/6699/6699 6698/6698/6698 6697/6697/6697
f 6701/6701/6701 6700/6700/6700 6698/6698/6698
f 6671/6671/6671 6669/6669/6669 6670/6670/6670
f 6674/6674/6674 6671/6671/6671 6672/6672/6672
f 6675/6675/6675 6674/6674/6674 6673/6673/6673
f 6677/6677/6677 6675/6675/6675 6676/6676/6676
f 6702/6702/6702 6677/6677/6677 6678/6678/6678
f 6680/6680/6680 6682/6682/6682 6679/6679/6679
f 6669/6669/6669 6680/6680/6680 6668/6668/6668
f 6682/6682/6682 6684/6684/6684 6681/6681/6681
f 6684/6684/6684 6686/6686/6686 6683/6683/6683
f 6686/6686/6686 6688/6688/6688 6685/6685/6685
f 6688/6688/6688 6690/6690/6690 6687/6687/6687
f 6690/6690/6690 6692/6692/6692 6689/6689/6689
f 6692/6692/6692 6694/6694/6694 6691/6691/6691
f 6694/6694/6694 6696/6696/6696 6693/6693/6693
f 6703/6703/6703 6699/6699/6699 6697/6697/6697
f 6699/6699/6699 6701/6701/6701 6698/6698/6698
f 6704/6704/6704 6702/6702/6702 6678/6678/6678
f 6706/6706/6706 6705/6705/6705 6704/6704/6704
f 6708/6708/6708 6707/6707/6707 6706/6706/6706
f 6710/6710/6710 6709/6709/6709 6708/6708/6708
f 6712/6712/6712 6711/6711/6711 6710/6710/6710
f 6714/6714/6714 6713/6713/6713 6712/6712/6712
f 6716/6716/6716 6715/6715/6715 6700/6700/6700
f 6717/6717/6717 6714/6714/6714 6715/6715/6715
f 6705/6705/6705 6702/6702/6702 6704/6704/6704
f 6707/6707/6707 6705/6705/6705 6706/6706/6706
f 6709/6709/6709 6707/6707/6707 6708/6708/6708
f 6711/6711/6711 6709/6709/6709 6710/6710/6710
f 6713/6713/6713 6711/6711/6711 6712/6712/6712
f 6716/6716/6716 6717/6717/6717 6715/6715/6715
f 6717/6717/6717 6713/6713/6713 6714/6714/6714
f 6701/6701/6701 6716/6716/6716 6700/6700/6700
f 6720/6720/6720 6719/6719/6719 6718/6718/6718
f 6722/6722/6722 6721/6721/6721 6720/6720/6720
f 6724/6724/6724 6723/6723/6723 6718/6718/6718
f 6726/6726/6726 6725/6725/6725 6722/6722/6722
f 6728/6728/6728 6727/6727/6727 6726/6726/6726
f 6730/6730/6730 6729/6729/6729 6728/6728/6728
f 6732/6732/6732 6731/6731/6731 6730/6730/6730
f 6734/6734/6734 6733/6733/6733 6723/6723/6723
f 6736/6736/6736 6735/6735/6735 6733/6733/6733
f 6738/6738/6738 6737/6737/6737 6735/6735/6735
f 6740/6740/6740 6739/6739/6739 6737/6737/6737
f 6742/6742/6742 6741/6741/6741 6739/6739/6739
f 6744/6744/6744 6743/6743/6743 6741/6741/6741
f 6746/6746/6746 6745/6745/6745 6743/6743/6743
f 6749/6749/6749 6748/6748/6748 6747/6747/6747
f 6751/6751/6751 6749/6749/6749 6750/6750/6750
f 6725/6725/6725 6721/6721/6721 6722/6722/6722
f 6721/6721/6721 6719/6719/6719 6720/6720/6720
f 6719/6719/6719 6724/6724/6724 6718/6718/6718
f 6724/6724/6724 6734/6734/6734 6723/6723/6723
f 6727/6727/6727 6725/6725/6725 6726/6726/6726
f 6729/6729/6729 6727/6727/6727 6728/6728/6728
f 6731/6731/6731 6729/6729/6729 6730/6730/6730
f 6752/6752/6752 6731/6731/6731 6732/6732/6732
f 6734/6734/6734 6736/6736/6736 6733/6733/6733
f 6736/6736/6736 6738/6738/6738 6735/6735/6735
f 6738/6738/6738 6740/6740/6740 6737/6737/6737
f 6740/6740/6740 6742/6742/6742 6739/6739/6739
f 6742/6742/6742 6744/6744/6744 6741/6741/6741
f 6744/6744/6744 6746/6746/6746 6743/6743/6743
f 6751/6751/6751 6748/6748/6748 6749/6749/6749
f 6753/6753/6753 6751/6751/6751 6750/6750/6750
f 6754/6754/6754 6752/6752/6752 6732/6732/6732
f 6756/6756/6756 6755/6755/6755 6754/6754/6754
f 6758/6758/6758 6757/6757/6757 6756/6756/6756
f 6760/6760/6760 6759/6759/6759 6758/6758/6758
f 6762/6762/6762 6761/6761/6761 6760/6760/6760
f 6764/6764/6764 6763/6763/6763 6762/6762/6762
f 6766/6766/6766 6765/6765/6765 6764/6764/6764
f 6767/6767/6767 6766/6766/6766 6747/6747/6747
f 6755/6755/6755 6752/6752/6752 6754/6754/6754
f 6757/6757/6757 6755/6755/6755 6756/6756/6756
f 6759/6759/6759 6757/6757/6757 6758/6758/6758
f 6761/6761/6761 6759/6759/6759 6760/6760/6760
f 6763/6763/6763 6761/6761/6761 6762/6762/6762
f 6765/6765/6765 6763/6763/6763 6764/6764/6764
f 6767/6767/6767 6765/6765/6765 6766/6766/6766
f 6748/6748/6748 6767/6767/6767 6747/6747/6747
f 6770/6770/6770 6769/6769/6769 6768/6768/6768
f 6773/6773/6773 6772/6772/6772 6771/6771/6771
f 6774/6774/6774 6773/6773/6773 6768/6768/6768
f 6777/6777/6777 6776/6776/6776 6775/6775/6775
f 6775/6775/6775 6778/6778/6778 6770/6770/6770
f 6781/6781/6781 6780/6780/6780 6779/6779/6779
f 6783/6783/6783 6782/6782/6782 6781/6781/6781
f 6785/6785/6785 6784/6784/6784 6783/6783/6783
f 6787/6787/6787 6786/6786/6786 6785/6785/6785
f 6789/6789/6789 6788/6788/6788 6787/6787/6787
f 6791/6791/6791 6790/6790/6790 6789/6789/6789
f 6793/6793/6793 6792/6792/6792 6771/6771/6771
f 6795/6795/6795 6794/6794/6794 6792/6792/6792
f 6797/6797/6797 6796/6796/6796 6794/6794/6794
f 6799/6799/6799 6798/6798/6798 6796/6796/6796
f 6801/6801/6801 6800/6800/6800 6798/6798/6798
f 6803/6803/6803 6802/6802/6802 6800/6800/6800
f 6805/6805/6805 6804/6804/6804 6802/6802/6802
f 6808/6808/6808 6807/6807/6807 6806/6806/6806
f 6810/6810/6810 6809/6809/6809 6791/6791/6791
f 6812/6812/6812 6811/6811/6811 6810/6810/6810
f 6814/6814/6814 6813/6813/6813 6806/6806/6806
f 6813/6813/6813 6816/6816/6816 6815/6815/6815
f 6817/6817/6817 6812/6812/6812 6815/6815/6815
f 6778/6778/6778 6769/6769/6769 6770/6770/6770
f 6774/6774/6774 6772/6772/6772 6773/6773/6773
f 6772/6772/6772 6793/6793/6793 6771/6771/6771
f 6769/6769/6769 6774/6774/6774 6768/6768/6768
f 6780/6780/6780 6776/6776/6776 6777/6777/6777
f 6776/6776/6776 6778/6778/6778 6775/6775/6775
f 6782/6782/6782 6780/6780/6780 6781/6781/6781
f 6784/6784/6784 6782/6782/6782 6783/6783/6783
f 6786/6786/6786 6784/6784/6784 6785/6785/6785
f 6788/6788/6788 6786/6786/6786 6787/6787/6787
f 6790/6790/6790 6788/6788/6788 6789/6789/6789
f 6818/6818/6818 6795/6795/6795 6792/6792/6792
f 6795/6795/6795 6797/6797/6797 6794/6794/6794
f 6797/6797/6797 6799/6799/6799 6796/6796/6796
f 6799/6799/6799 6801/6801/6801 6798/6798/6798
f 6801/6801/6801 6803/6803/6803 6800/6800/6800
f 6803/6803/6803 6805/6805/6805 6802/6802/6802
f 6819/6819/6819 6807/6807/6807 6808/6808/6808
f 6807/6807/6807 6814/6814/6814 6806/6806/6806
f 6820/6820/6820 6790/6790/6790 6791/6791/6791
f 6817/6817/6817 6811/6811/6811 6812/6812/6812
f 6811/6811/6811 6809/6809/6809 6810/6810/6810
f 6816/6816/6816 6817/6817/6817 6815/6815/6815
f 6814/6814/6814 6816/6816/6816 6813/6813/6813
f 6823/6823/6823 6822/6822/6822 6821/6821/6821
f 6825/6825/6825 6823/6823/6823 6824/6824/6824
f 6827/6827/6827 6826/6826/6826 6824/6824/6824
f 6829/6829/6829 6828/6828/6828 6821/6821/6821
f 6831/6831/6831 6830/6830/6830 6828/6828/6828
f 6830/6830/6830 6833/6833/6833 6832/6832/6832
f 6833/6833/6833 6834/6834/6834 6832/6832/6832
f 6836/6836/6836 6835/6835/6835 6827/6827/6827
f 6838/6838/6838 6836/6836/6836 6837/6837/6837
f 6840/6840/6840 6839/6839/6839 6837/6837/6837
f 6842/6842/6842 6841/6841/6841 6840/6840/6840
f 6844/6844/6844 6843/6843/6843 6834/6834/6834
f 6846/6846/6846 6845/6845/6845 6843/6843/6843
f 6848/6848/6848 6847/6847/6847 6845/6845/6845
f 6850/6850/6850 6849/6849/6849 6847/6847/6847
f 6852/6852/6852 6851/6851/6851 6849/6849/6849
f 6854/6854/6854 6853/6853/6853 6842/6842/6842
f 6856/6856/6856 6855/6855/6855 6854/6854/6854
f 6825/6825/6825 6822/6822/6822 6823/6823/6823
f 6826/6826/6826 6825/6825/6825 6824/6824/6824
f 6835/6835/6835 6826/6826/6826 6827/6827/6827
f 6829/6829/6829 6831/6831/6831 6828/6828/6828
f 6822/6822/6822 6829/6829/6829 6821/6821/6821
f 6831/6831/6831 6833/6833/6833 6830/6830/6830
f 6833/6833/6833 6857/6857/6857 6834/6834/6834
f 6838/6838/6838 6835/6835/6835 6836/6836/6836
f 6839/6839/6839 6838/6838/6838 6837/6837/6837
f 6841/6841/6841 6839/6839/6839 6840/6840/6840
f 6853/6853/6853 6841/6841/6841 6842/6842/6842
f 6857/6857/6857 6844/6844/6844 6834/6834/6834
f 6844/6844/6844 6846/6846/6846 6843/6843/6843
f 6846/6846/6846 6848/6848/6848 6845/6845/6845
f 6848/6848/6848 6850/6850/6850 6847/6847/6847
f 6850/6850/6850 6852/6852/6852 6849/6849/6849
f 6855/6855/6855 6853/6853/6853 6854/6854/6854
f 6858/6858/6858 6855/6855/6855 6856/6856/6856
f 6861/6861/6861 6860/6860/6860 6859/6859/6859
f 6863/6863/6863 6862/6862/6862 6860/6860/6860
f 6865/6865/6865 6864/6864/6864 6862/6862/6862
f 6868/6868/6868 6867/6867/6867 6866/6866/6866
f 6869/6869/6869 6867/6867/6867 6868/6868/6868
f 6871/6871/6871 6870/6870/6870 6869/6869/6869
f 6861/6861/6861 6872/6872/6872 6860/6860/6860
f 6872/6872/6872 6863/6863/6863 6860/6860/6860
f 6863/6863/6863 6865/6865/6865 6862/6862/6862
f 6867/6867/6867 6873/6873/6873 6866/6866/6866
f 6870/6870/6870 6867/6867/6867 6869/6869/6869
f 6874/6874/6874 6870/6870/6870 6871/6871/6871
f 6877/6877/6877 6876/6876/6876 6875/6875/6875
f 6879/6879/6879 6878/6878/6878 6876/6876/6876
f 6879/6879/6879 6880/6880/6880 6878/6878/6878
f 6882/6882/6882 6881/6881/6881 6880/6880/6880
f 6885/6885/6885 6884/6884/6884 6883/6883/6883
f 6886/6886/6886 6884/6884/6884 6885/6885/6885
f 6887/6887/6887 6884/6884/6884 6886/6886/6886
f 6889/6889/6889 6888/6888/6888 6887/6887/6887
f 6877/6877/6877 6890/6890/6890 6876/6876/6876
f 6890/6890/6890 6891/6891/6891 6876/6876/6876
f 6891/6891/6891 6879/6879/6879 6876/6876/6876
f 6879/6879/6879 6882/6882/6882 6880/6880/6880
f 6884/6884/6884 6892/6892/6892 6883/6883/6883
f 6893/6893/6893 6884/6884/6884 6887/6887/6887
f 6888/6888/6888 6893/6893/6893 6887/6887/6887
f 6894/6894/6894 6888/6888/6888 6889/6889/6889
f 6897/6897/6897 6896/6896/6896 6895/6895/6895
f 6899/6899/6899 6898/6898/6898 6896/6896/6896
f 6902/6902/6902 6901/6901/6901 6900/6900/6900
f 6903/6903/6903 6901/6901/6901 6902/6902/6902
f 6905/6905/6905 6904/6904/6904 6903/6903/6903
f 6907/6907/6907 6906/6906/6906 6898/6898/6898
f 6897/6897/6897 6908/6908/6908 6896/6896/6896
f 6908/6908/6908 6899/6899/6899 6896/6896/6896
f 6901/6901/6901 6909/6909/6909 6900/6900/6900
f 6904/6904/6904 6901/6901/6901 6903/6903/6903
f 6910/6910/6910 6904/6904/6904 6905/6905/6905
f 6899/6899/6899 6907/6907/6907 6898/6898/6898
f 6913/6913/6913 6912/6912/6912 6911/6911/6911
f 6914/6914/6914 6912/6912/6912 6913/6913/6913
f 6916/6916/6916 6915/6915/6915 6914/6914/6914
f 6919/6919/6919 6918/6918/6918 6917/6917/6917
f 6921/6921/6921 6920/6920/6920 6918/6918/6918
f 6923/6923/6923 6922/6922/6922 6920/6920/6920
f 6912/6912/6912 6924/6924/6924 6911/6911/6911
f 6915/6915/6915 6912/6912/6912 6914/6914/6914
f 6916/6916/6916 6925/6925/6925 6915/6915/6915
f 6919/6919/6919 6926/6926/6926 6918/6918/6918
f 6926/6926/6926 6921/6921/6921 6918/6918/6918
f 6921/6921/6921 6923/6923/6923 6920/6920/6920
f 6929/6929/6929 6928/6928/6928 6927/6927/6927
f 6932/6932/6932 6931/6931/6931 6930/6930/6930
f 6934/6934/6934 6933/6933/6933 6931/6931/6931
f 6936/6936/6936 6935/6935/6935 6933/6933/6933
f 6938/6938/6938 6937/6937/6937 6935/6935/6935
f 6941/6941/6941 6940/6940/6940 6939/6939/6939
f 6943/6943/6943 6942/6942/6942 6940/6940/6940
f 6928/6928/6928 6929/6929/6929 6944/6944/6944
f 6946/6946/6946 6944/6944/6944 6945/6945/6945
f 6948/6948/6948 6945/6945/6945 6947/6947/6947
f 6950/6950/6950 6947/6947/6947 6949/6949/6949
f 6953/6953/6953 6952/6952/6952 6951/6951/6951
f 6955/6955/6955 6954/6954/6954 6949/6949/6949
f 6956/6956/6956 6955/6955/6955 6952/6952/6952
f 6957/6957/6957 6951/6951/6951 6942/6942/6942
f 6928/6928/6928 6958/6958/6958 6927/6927/6927
f 6959/6959/6959 6931/6931/6931 6932/6932/6932
f 6931/6931/6931 6959/6959/6959 6934/6934/6934
f 6933/6933/6933 6934/6934/6934 6936/6936/6936
f 6935/6935/6935 6936/6936/6936 6938/6938/6938
f 6960/6960/6960 6941/6941/6941 6939/6939/6939
f 6940/6940/6940 6941/6941/6941 6943/6943/6943
f 6944/6944/6944 6946/6946/6946 6928/6928/6928
f 6945/6945/6945 6948/6948/6948 6946/6946/6946
f 6947/6947/6947 6950/6950/6950 6948/6948/6948
f 6949/6949/6949 6954/6954/6954 6950/6950/6950
f 6956/6956/6956 6954/6954/6954 6955/6955/6955
f 6953/6953/6953 6956/6956/6956 6952/6952/6952
f 6943/6943/6943 6957/6957/6957 6942/6942/6942
f 6951/6951/6951 6957/6957/6957 6953/6953/6953